<?xml version="1.0" encoding="utf-8"?>
<COLLADA xmlns="http://www.collada.org/2005/11/COLLADASchema" version="1.4.1" xmlns:xsi="http://www.w3.org/2001/XMLSchema-instance">
  <asset>
    <contributor>
      <author>Blender User</author>
      <authoring_tool>Blender 4.4.3 commit date:2025-04-29, commit time:14:09, hash:802179c51ccc</authoring_tool>
    </contributor>
    <created>2026-04-18T19:17:24</created>
    <modified>2026-04-18T19:17:24</modified>
    <unit name="meter" meter="1"/>
    <up_axis>Z_UP</up_axis>
  </asset>
  <library_cameras>
    <camera id="Camera-camera" name="Camera">
      <optics>
        <technique_common>
          <perspective>
            <xfov sid="xfov">39.59775</xfov>
            <aspect_ratio>1.777778</aspect_ratio>
            <znear sid="znear">0.1</znear>
            <zfar sid="zfar">100</zfar>
          </perspective>
        </technique_common>
      </optics>
      <extra>
        <technique profile="blender">
          <shiftx sid="shiftx" type="float">0</shiftx>
          <shifty sid="shifty" type="float">0</shifty>
          <dof_distance sid="dof_distance" type="float">10</dof_distance>
        </technique>
      </extra>
    </camera>
  </library_cameras>
  <library_lights>
    <light id="Light-light" name="Light">
      <technique_common>
        <point>
          <color sid="color">1000 1000 1000</color>
          <constant_attenuation>1</constant_attenuation>
          <linear_attenuation>0</linear_attenuation>
          <quadratic_attenuation>0</quadratic_attenuation>
        </point>
      </technique_common>
      <extra>
        <technique profile="blender">
          <type sid="type" type="int">0</type>
          <flag sid="flag" type="int">0</flag>
          <mode sid="mode" type="int">2097153</mode>
          <red sid="red" type="float">1</red>
          <green sid="green" type="float">1</green>
          <blue sid="blue" type="float">1</blue>
          <energy sid="blender_energy" type="float">1000</energy>
          <spotsize sid="spotsize" type="float">75</spotsize>
          <spotblend sid="spotblend" type="float">0.15</spotblend>
          <clipsta sid="clipsta" type="float">0.04999995</clipsta>
          <clipend sid="clipend" type="float">40</clipend>
          <radius sid="radius" type="float">0.1</radius>
          <area_shape sid="area_shape" type="int">1</area_shape>
          <area_size sid="area_size" type="float">0.1</area_size>
          <area_sizey sid="area_sizey" type="float">0.1</area_sizey>
          <area_sizez sid="area_sizez" type="float">1</area_sizez>
        </technique>
      </extra>
    </light>
  </library_lights>
  <library_effects>
    <effect id="Shape_270-effect">
      <profile_COMMON>
        <technique sid="common">
          <lambert>
            <emission>
              <color sid="emission">0 0 0 1</color>
            </emission>
            <diffuse>
              <color sid="diffuse">0.784314 0 0 1</color>
            </diffuse>
            <index_of_refraction>
              <float sid="ior">1.5</float>
            </index_of_refraction>
          </lambert>
        </technique>
      </profile_COMMON>
    </effect>
    <effect id="Shape_242-effect">
      <profile_COMMON>
        <technique sid="common">
          <lambert>
            <emission>
              <color sid="emission">0 0 0 1</color>
            </emission>
            <diffuse>
              <color sid="diffuse">0.792157 0.819608 0.933333 1</color>
            </diffuse>
            <index_of_refraction>
              <float sid="ior">1.5</float>
            </index_of_refraction>
          </lambert>
        </technique>
      </profile_COMMON>
    </effect>
    <effect id="Shape_243-effect">
      <profile_COMMON>
        <technique sid="common">
          <lambert>
            <emission>
              <color sid="emission">0 0 0 1</color>
            </emission>
            <diffuse>
              <color sid="diffuse">0.792157 0.819608 0.933333 1</color>
            </diffuse>
            <index_of_refraction>
              <float sid="ior">1.5</float>
            </index_of_refraction>
          </lambert>
        </technique>
      </profile_COMMON>
    </effect>
    <effect id="Shape_244-effect">
      <profile_COMMON>
        <technique sid="common">
          <lambert>
            <emission>
              <color sid="emission">0 0 0 1</color>
            </emission>
            <diffuse>
              <color sid="diffuse">0.792157 0.819608 0.933333 1</color>
            </diffuse>
            <index_of_refraction>
              <float sid="ior">1.5</float>
            </index_of_refraction>
          </lambert>
        </technique>
      </profile_COMMON>
    </effect>
    <effect id="Shape_245-effect">
      <profile_COMMON>
        <technique sid="common">
          <lambert>
            <emission>
              <color sid="emission">0 0 0 1</color>
            </emission>
            <diffuse>
              <color sid="diffuse">0.792157 0.819608 0.933333 1</color>
            </diffuse>
            <index_of_refraction>
              <float sid="ior">1.5</float>
            </index_of_refraction>
          </lambert>
        </technique>
      </profile_COMMON>
    </effect>
    <effect id="Shape_246-effect">
      <profile_COMMON>
        <technique sid="common">
          <lambert>
            <emission>
              <color sid="emission">0 0 0 1</color>
            </emission>
            <diffuse>
              <color sid="diffuse">0.792157 0.819608 0.933333 1</color>
            </diffuse>
            <index_of_refraction>
              <float sid="ior">1.5</float>
            </index_of_refraction>
          </lambert>
        </technique>
      </profile_COMMON>
    </effect>
    <effect id="Shape_247-effect">
      <profile_COMMON>
        <technique sid="common">
          <lambert>
            <emission>
              <color sid="emission">0 0 0 1</color>
            </emission>
            <diffuse>
              <color sid="diffuse">0.792157 0.819608 0.933333 1</color>
            </diffuse>
            <index_of_refraction>
              <float sid="ior">1.5</float>
            </index_of_refraction>
          </lambert>
        </technique>
      </profile_COMMON>
    </effect>
    <effect id="Shape_248-effect">
      <profile_COMMON>
        <technique sid="common">
          <lambert>
            <emission>
              <color sid="emission">0 0 0 1</color>
            </emission>
            <diffuse>
              <color sid="diffuse">0.792157 0.819608 0.933333 1</color>
            </diffuse>
            <index_of_refraction>
              <float sid="ior">1.5</float>
            </index_of_refraction>
          </lambert>
        </technique>
      </profile_COMMON>
    </effect>
    <effect id="Shape_249-effect">
      <profile_COMMON>
        <technique sid="common">
          <lambert>
            <emission>
              <color sid="emission">0 0 0 1</color>
            </emission>
            <diffuse>
              <color sid="diffuse">0.792157 0.819608 0.933333 1</color>
            </diffuse>
            <index_of_refraction>
              <float sid="ior">1.5</float>
            </index_of_refraction>
          </lambert>
        </technique>
      </profile_COMMON>
    </effect>
    <effect id="Shape_250-effect">
      <profile_COMMON>
        <technique sid="common">
          <lambert>
            <emission>
              <color sid="emission">0 0 0 1</color>
            </emission>
            <diffuse>
              <color sid="diffuse">0.792157 0.819608 0.933333 1</color>
            </diffuse>
            <index_of_refraction>
              <float sid="ior">1.5</float>
            </index_of_refraction>
          </lambert>
        </technique>
      </profile_COMMON>
    </effect>
    <effect id="Shape_251-effect">
      <profile_COMMON>
        <technique sid="common">
          <lambert>
            <emission>
              <color sid="emission">0 0 0 1</color>
            </emission>
            <diffuse>
              <color sid="diffuse">0.792157 0.819608 0.933333 1</color>
            </diffuse>
            <index_of_refraction>
              <float sid="ior">1.5</float>
            </index_of_refraction>
          </lambert>
        </technique>
      </profile_COMMON>
    </effect>
    <effect id="Shape_252-effect">
      <profile_COMMON>
        <technique sid="common">
          <lambert>
            <emission>
              <color sid="emission">0 0 0 1</color>
            </emission>
            <diffuse>
              <color sid="diffuse">0.792157 0.819608 0.933333 1</color>
            </diffuse>
            <index_of_refraction>
              <float sid="ior">1.5</float>
            </index_of_refraction>
          </lambert>
        </technique>
      </profile_COMMON>
    </effect>
    <effect id="Shape_253-effect">
      <profile_COMMON>
        <technique sid="common">
          <lambert>
            <emission>
              <color sid="emission">0 0 0 1</color>
            </emission>
            <diffuse>
              <color sid="diffuse">0.792157 0.819608 0.933333 1</color>
            </diffuse>
            <index_of_refraction>
              <float sid="ior">1.5</float>
            </index_of_refraction>
          </lambert>
        </technique>
      </profile_COMMON>
    </effect>
    <effect id="Shape_254-effect">
      <profile_COMMON>
        <technique sid="common">
          <lambert>
            <emission>
              <color sid="emission">0 0 0 1</color>
            </emission>
            <diffuse>
              <color sid="diffuse">0.792157 0.819608 0.933333 1</color>
            </diffuse>
            <index_of_refraction>
              <float sid="ior">1.5</float>
            </index_of_refraction>
          </lambert>
        </technique>
      </profile_COMMON>
    </effect>
    <effect id="Shape_255-effect">
      <profile_COMMON>
        <technique sid="common">
          <lambert>
            <emission>
              <color sid="emission">0 0 0 1</color>
            </emission>
            <diffuse>
              <color sid="diffuse">0.792157 0.819608 0.933333 1</color>
            </diffuse>
            <index_of_refraction>
              <float sid="ior">1.5</float>
            </index_of_refraction>
          </lambert>
        </technique>
      </profile_COMMON>
    </effect>
    <effect id="Shape_256-effect">
      <profile_COMMON>
        <technique sid="common">
          <lambert>
            <emission>
              <color sid="emission">0 0 0 1</color>
            </emission>
            <diffuse>
              <color sid="diffuse">0.792157 0.819608 0.933333 1</color>
            </diffuse>
            <index_of_refraction>
              <float sid="ior">1.5</float>
            </index_of_refraction>
          </lambert>
        </technique>
      </profile_COMMON>
    </effect>
    <effect id="Shape_257-effect">
      <profile_COMMON>
        <technique sid="common">
          <lambert>
            <emission>
              <color sid="emission">0 0 0 1</color>
            </emission>
            <diffuse>
              <color sid="diffuse">0.792157 0.819608 0.933333 1</color>
            </diffuse>
            <index_of_refraction>
              <float sid="ior">1.5</float>
            </index_of_refraction>
          </lambert>
        </technique>
      </profile_COMMON>
    </effect>
    <effect id="Shape_258-effect">
      <profile_COMMON>
        <technique sid="common">
          <lambert>
            <emission>
              <color sid="emission">0 0 0 1</color>
            </emission>
            <diffuse>
              <color sid="diffuse">0.792157 0.819608 0.933333 1</color>
            </diffuse>
            <index_of_refraction>
              <float sid="ior">1.5</float>
            </index_of_refraction>
          </lambert>
        </technique>
      </profile_COMMON>
    </effect>
    <effect id="Shape_259-effect">
      <profile_COMMON>
        <technique sid="common">
          <lambert>
            <emission>
              <color sid="emission">0 0 0 1</color>
            </emission>
            <diffuse>
              <color sid="diffuse">0.792157 0.819608 0.933333 1</color>
            </diffuse>
            <index_of_refraction>
              <float sid="ior">1.5</float>
            </index_of_refraction>
          </lambert>
        </technique>
      </profile_COMMON>
    </effect>
    <effect id="Shape_260-effect">
      <profile_COMMON>
        <technique sid="common">
          <lambert>
            <emission>
              <color sid="emission">0 0 0 1</color>
            </emission>
            <diffuse>
              <color sid="diffuse">0.792157 0.819608 0.933333 1</color>
            </diffuse>
            <index_of_refraction>
              <float sid="ior">1.5</float>
            </index_of_refraction>
          </lambert>
        </technique>
      </profile_COMMON>
    </effect>
    <effect id="Shape_261-effect">
      <profile_COMMON>
        <technique sid="common">
          <lambert>
            <emission>
              <color sid="emission">0 0 0 1</color>
            </emission>
            <diffuse>
              <color sid="diffuse">0.792157 0.819608 0.933333 1</color>
            </diffuse>
            <index_of_refraction>
              <float sid="ior">1.5</float>
            </index_of_refraction>
          </lambert>
        </technique>
      </profile_COMMON>
    </effect>
    <effect id="Shape_262-effect">
      <profile_COMMON>
        <technique sid="common">
          <lambert>
            <emission>
              <color sid="emission">0 0 0 1</color>
            </emission>
            <diffuse>
              <color sid="diffuse">0.792157 0.819608 0.933333 1</color>
            </diffuse>
            <index_of_refraction>
              <float sid="ior">1.5</float>
            </index_of_refraction>
          </lambert>
        </technique>
      </profile_COMMON>
    </effect>
    <effect id="Shape_263-effect">
      <profile_COMMON>
        <technique sid="common">
          <lambert>
            <emission>
              <color sid="emission">0 0 0 1</color>
            </emission>
            <diffuse>
              <color sid="diffuse">0.792157 0.819608 0.933333 1</color>
            </diffuse>
            <index_of_refraction>
              <float sid="ior">1.5</float>
            </index_of_refraction>
          </lambert>
        </technique>
      </profile_COMMON>
    </effect>
    <effect id="Shape_264-effect">
      <profile_COMMON>
        <technique sid="common">
          <lambert>
            <emission>
              <color sid="emission">0 0 0 1</color>
            </emission>
            <diffuse>
              <color sid="diffuse">0.792157 0.819608 0.933333 1</color>
            </diffuse>
            <index_of_refraction>
              <float sid="ior">1.5</float>
            </index_of_refraction>
          </lambert>
        </technique>
      </profile_COMMON>
    </effect>
    <effect id="Shape_265-effect">
      <profile_COMMON>
        <technique sid="common">
          <lambert>
            <emission>
              <color sid="emission">0 0 0 1</color>
            </emission>
            <diffuse>
              <color sid="diffuse">0.792157 0.819608 0.933333 1</color>
            </diffuse>
            <index_of_refraction>
              <float sid="ior">1.5</float>
            </index_of_refraction>
          </lambert>
        </technique>
      </profile_COMMON>
    </effect>
    <effect id="Shape_266-effect">
      <profile_COMMON>
        <technique sid="common">
          <lambert>
            <emission>
              <color sid="emission">0 0 0 1</color>
            </emission>
            <diffuse>
              <color sid="diffuse">0.792157 0.819608 0.933333 1</color>
            </diffuse>
            <index_of_refraction>
              <float sid="ior">1.5</float>
            </index_of_refraction>
          </lambert>
        </technique>
      </profile_COMMON>
    </effect>
    <effect id="Shape_267-effect">
      <profile_COMMON>
        <technique sid="common">
          <lambert>
            <emission>
              <color sid="emission">0 0 0 1</color>
            </emission>
            <diffuse>
              <color sid="diffuse">0.792157 0.819608 0.933333 1</color>
            </diffuse>
            <index_of_refraction>
              <float sid="ior">1.5</float>
            </index_of_refraction>
          </lambert>
        </technique>
      </profile_COMMON>
    </effect>
    <effect id="Shape_268-effect">
      <profile_COMMON>
        <technique sid="common">
          <lambert>
            <emission>
              <color sid="emission">0 0 0 1</color>
            </emission>
            <diffuse>
              <color sid="diffuse">0.694118 0.098039 0.098039 1</color>
            </diffuse>
            <index_of_refraction>
              <float sid="ior">1.5</float>
            </index_of_refraction>
          </lambert>
        </technique>
      </profile_COMMON>
    </effect>
    <effect id="Shape_269-effect">
      <profile_COMMON>
        <technique sid="common">
          <lambert>
            <emission>
              <color sid="emission">0 0 0 1</color>
            </emission>
            <diffuse>
              <color sid="diffuse">0.784314 0 0 1</color>
            </diffuse>
            <index_of_refraction>
              <float sid="ior">1.5</float>
            </index_of_refraction>
          </lambert>
        </technique>
      </profile_COMMON>
    </effect>
    <effect id="Shape_271-effect">
      <profile_COMMON>
        <technique sid="common">
          <lambert>
            <emission>
              <color sid="emission">0 0 0 1</color>
            </emission>
            <diffuse>
              <color sid="diffuse">0.792157 0.819608 0.933333 1</color>
            </diffuse>
            <index_of_refraction>
              <float sid="ior">1.5</float>
            </index_of_refraction>
          </lambert>
        </technique>
      </profile_COMMON>
    </effect>
    <effect id="Shape_272-effect">
      <profile_COMMON>
        <technique sid="common">
          <lambert>
            <emission>
              <color sid="emission">0 0 0 1</color>
            </emission>
            <diffuse>
              <color sid="diffuse">0.792157 0.819608 0.933333 1</color>
            </diffuse>
            <index_of_refraction>
              <float sid="ior">1.5</float>
            </index_of_refraction>
          </lambert>
        </technique>
      </profile_COMMON>
    </effect>
    <effect id="Shape_273-effect">
      <profile_COMMON>
        <technique sid="common">
          <lambert>
            <emission>
              <color sid="emission">0 0 0 1</color>
            </emission>
            <diffuse>
              <color sid="diffuse">0.792157 0.819608 0.933333 1</color>
            </diffuse>
            <index_of_refraction>
              <float sid="ior">1.5</float>
            </index_of_refraction>
          </lambert>
        </technique>
      </profile_COMMON>
    </effect>
    <effect id="Shape_274-effect">
      <profile_COMMON>
        <technique sid="common">
          <lambert>
            <emission>
              <color sid="emission">0 0 0 1</color>
            </emission>
            <diffuse>
              <color sid="diffuse">0.792157 0.819608 0.933333 1</color>
            </diffuse>
            <index_of_refraction>
              <float sid="ior">1.5</float>
            </index_of_refraction>
          </lambert>
        </technique>
      </profile_COMMON>
    </effect>
    <effect id="Shape_275-effect">
      <profile_COMMON>
        <technique sid="common">
          <lambert>
            <emission>
              <color sid="emission">0 0 0 1</color>
            </emission>
            <diffuse>
              <color sid="diffuse">0.792157 0.819608 0.933333 1</color>
            </diffuse>
            <index_of_refraction>
              <float sid="ior">1.5</float>
            </index_of_refraction>
          </lambert>
        </technique>
      </profile_COMMON>
    </effect>
  </library_effects>
  <library_images/>
  <library_materials>
    <material id="Shape_270-material" name="Shape.270">
      <instance_effect url="#Shape_270-effect"/>
    </material>
    <material id="Shape_242-material" name="Shape.242">
      <instance_effect url="#Shape_242-effect"/>
    </material>
    <material id="Shape_243-material" name="Shape.243">
      <instance_effect url="#Shape_243-effect"/>
    </material>
    <material id="Shape_244-material" name="Shape.244">
      <instance_effect url="#Shape_244-effect"/>
    </material>
    <material id="Shape_245-material" name="Shape.245">
      <instance_effect url="#Shape_245-effect"/>
    </material>
    <material id="Shape_246-material" name="Shape.246">
      <instance_effect url="#Shape_246-effect"/>
    </material>
    <material id="Shape_247-material" name="Shape.247">
      <instance_effect url="#Shape_247-effect"/>
    </material>
    <material id="Shape_248-material" name="Shape.248">
      <instance_effect url="#Shape_248-effect"/>
    </material>
    <material id="Shape_249-material" name="Shape.249">
      <instance_effect url="#Shape_249-effect"/>
    </material>
    <material id="Shape_250-material" name="Shape.250">
      <instance_effect url="#Shape_250-effect"/>
    </material>
    <material id="Shape_251-material" name="Shape.251">
      <instance_effect url="#Shape_251-effect"/>
    </material>
    <material id="Shape_252-material" name="Shape.252">
      <instance_effect url="#Shape_252-effect"/>
    </material>
    <material id="Shape_253-material" name="Shape.253">
      <instance_effect url="#Shape_253-effect"/>
    </material>
    <material id="Shape_254-material" name="Shape.254">
      <instance_effect url="#Shape_254-effect"/>
    </material>
    <material id="Shape_255-material" name="Shape.255">
      <instance_effect url="#Shape_255-effect"/>
    </material>
    <material id="Shape_256-material" name="Shape.256">
      <instance_effect url="#Shape_256-effect"/>
    </material>
    <material id="Shape_257-material" name="Shape.257">
      <instance_effect url="#Shape_257-effect"/>
    </material>
    <material id="Shape_258-material" name="Shape.258">
      <instance_effect url="#Shape_258-effect"/>
    </material>
    <material id="Shape_259-material" name="Shape.259">
      <instance_effect url="#Shape_259-effect"/>
    </material>
    <material id="Shape_260-material" name="Shape.260">
      <instance_effect url="#Shape_260-effect"/>
    </material>
    <material id="Shape_261-material" name="Shape.261">
      <instance_effect url="#Shape_261-effect"/>
    </material>
    <material id="Shape_262-material" name="Shape.262">
      <instance_effect url="#Shape_262-effect"/>
    </material>
    <material id="Shape_263-material" name="Shape.263">
      <instance_effect url="#Shape_263-effect"/>
    </material>
    <material id="Shape_264-material" name="Shape.264">
      <instance_effect url="#Shape_264-effect"/>
    </material>
    <material id="Shape_265-material" name="Shape.265">
      <instance_effect url="#Shape_265-effect"/>
    </material>
    <material id="Shape_266-material" name="Shape.266">
      <instance_effect url="#Shape_266-effect"/>
    </material>
    <material id="Shape_267-material" name="Shape.267">
      <instance_effect url="#Shape_267-effect"/>
    </material>
    <material id="Shape_268-material" name="Shape.268">
      <instance_effect url="#Shape_268-effect"/>
    </material>
    <material id="Shape_269-material" name="Shape.269">
      <instance_effect url="#Shape_269-effect"/>
    </material>
    <material id="Shape_271-material" name="Shape.271">
      <instance_effect url="#Shape_271-effect"/>
    </material>
    <material id="Shape_272-material" name="Shape.272">
      <instance_effect url="#Shape_272-effect"/>
    </material>
    <material id="Shape_273-material" name="Shape.273">
      <instance_effect url="#Shape_273-effect"/>
    </material>
    <material id="Shape_274-material" name="Shape.274">
      <instance_effect url="#Shape_274-effect"/>
    </material>
    <material id="Shape_275-material" name="Shape.275">
      <instance_effect url="#Shape_275-effect"/>
    </material>
  </library_materials>
  <library_geometries>
    <geometry id="Shape_IndexedFaceSet_270-mesh" name="Shape_IndexedFaceSet.270">
      <mesh>
        <source id="Shape_IndexedFaceSet_270-mesh-positions">
          <float_array id="Shape_IndexedFaceSet_270-mesh-positions-array" count="6960">-0.01849997 -0.01299995 0.037 -0.01757663 -0.01299995 0.05136996 -0.01849997 -0.006399989 0.03999996 -0.01760762 -0.006399989 0.05146241 -0.01849997 0.006399989 0.03999996 -0.01757663 0.006399989 0.05136996 -0.01849997 0.01299995 0.037 -0.01760762 0.01299995 0.05146241 -0.01422858 -0.01299995 0.0489189 -0.01422858 -0.006399989 0.04508101 -0.01422858 0.006399989 0.0489189 -0.01422858 0.01299995 0.04508101 -0.01341891 -0.01299995 0.04427134 -0.01271426 -0.006399989 0.05032646 -0.01271426 0.006399989 0.04367345 -0.01341891 0.01299995 0.04972857 -0.01116549 -0.01299995 0.05469703 -0.009979784 -0.006399989 0.05507928 -0.01116549 0.006399989 0.05469703 -0.009979784 0.01299995 0.05507928 -0.01145064 -0.006399989 0.03930741 -0.00951898 0.006399989 0.03906661 -0.009581029 -0.01299995 0.04972857 -0.008109927 -0.006399989 0.04541903 -0.008109927 0.006399989 0.04858088 -0.009581029 0.01299995 0.04427134 -0.008771359 -0.01299995 0.04508101 -0.008771359 0.01299995 0.0489189 -0.004895508 -0.006399989 0.04164284 -0.005337953 -0.01299995 0.05253201 -0.005337953 0.006399989 0.05253201 -0.003107726 -0.006399989 0.0474894 -0.003121733 0.01299995 0.04762274 -0.003237426 0.006399989 0.04668563 -0.003426373 -0.01299995 0.04703706 0.003121733 -0.01299995 0.04762274 0.003237426 -0.006399989 0.04668563 0.003107726 0.006399989 0.0474894 0.003426373 0.01299995 0.04703706 0.004895508 0.006399989 0.04164284 0.005337953 -0.006399989 0.05253201 0.005337953 0.01299995 0.05253201 0.00951898 -0.006399989 0.03906661 0.009979784 -0.01299995 0.05507928 0.009979784 0.006399989 0.05507928 0.008771359 -0.01299995 0.0489189 0.008771359 -0.006399989 0.04508101 0.008771359 0.006399989 0.0489189 0.008771359 0.01299995 0.04508101 0.009581029 -0.01299995 0.04427134 0.009581029 -0.006399989 0.04972857 0.009581029 0.006399989 0.04427134 0.009581029 0.01299995 0.04972857 0.01116549 -0.006399989 0.05469703 0.01116549 0.01299995 0.05469703 0.01145064 0.006399989 0.03930741 0.01341891 -0.01299995 0.04972857 0.01341891 -0.006399989 0.04427134 0.01341891 0.006399989 0.04972857 0.01341891 0.01299995 0.04427134 0.01422858 -0.01299995 0.04508101 0.01422858 -0.006399989 0.0489189 0.01422858 0.006399989 0.04508101 0.01422858 0.01299995 0.0489189 0.01760762 -0.01299995 0.05146241 0.01757663 -0.006399989 0.05136996 0.01760762 0.006399989 0.05146241 0.01757663 0.01299995 0.05136996 0.01849997 -0.01299995 0.037 0.01849997 -0.006399989 0.03999996 0.01849997 0.006399989 0.03999996 0.01849997 0.01299995 0.037 -0.01849997 -0.00846666 0.134 -0.01763039 -0.01299995 0.1512432 -0.01849997 -0.005428552 0.14 -0.01766341 -0.006399989 0.1513468 -0.01812058 -0.006199955 0.1240006 -0.01737833 -0.002999961 0.1250399 -0.01745259 0.002999961 0.1280294 -0.01849997 0.005833327 0.14 -0.01731252 0.006199955 0.1220909 -0.01849997 0.006199955 0.134 -0.01763039 0.006399989 0.1512432 -0.01849997 0.01299995 0.134 -0.01766341 0.01299995 0.1513468 -0.0164783 0.002999961 0.1217147 -0.01081079 -0.002999961 0.1185062 -0.01167255 -0.006199955 0.1194747 -0.01171481 -0.002999961 0.1326543 -0.01422858 -0.01299995 0.1489189 -0.01422858 -0.006399989 0.145081 -0.01422858 0.006399989 0.1489189 -0.01422858 0.01299995 0.145081 -0.01341891 -0.01299995 0.1442714 -0.01341891 -0.006399989 0.1497286 -0.01341891 0.006399989 0.1442714 -0.01341891 0.01299995 0.1497286 -0.01132696 0.002999961 0.1321579 -0.009867489 -0.01299995 0.1550613 -0.01076894 -0.006399989 0.1549627 -0.009867489 0.006399989 0.1550613 -0.01076894 0.01299995 0.1549627 -0.01010686 -0.002999961 0.1219293 -0.01264393 -0.006199955 0.1271017 -0.01250976 0.006199955 0.1278476 -0.01160174 -0.006199955 0.125856 -0.01049017 -0.006199955 0.1278476 -0.01139819 0.006199955 0.125856 -0.01147109 -0.002999961 0.1393466 -0.01142191 0.002999961 0.1393577 -0.01154994 -0.01299995 0.1343333 -0.01142191 -0.006399989 0.1393577 -0.01154994 -0.006199955 0.1346666 -0.01154994 0.006199955 0.1346666 -0.01153534 0.006399989 0.1395001 -0.01154994 0.01299995 0.1343333 -0.009581029 -0.01299995 0.1497286 -0.009581029 -0.006399989 0.1442714 -0.0111742 0.002999961 0.1207088 -0.009347975 0.006199955 0.1188523 -0.009581029 0.006399989 0.1497286 -0.009581029 0.01299995 0.1442714 -0.008771359 -0.01299995 0.145081 -0.008771359 -0.006399989 0.1489189 -0.008771359 0.006399989 0.145081 -0.008771359 0.01299995 0.1489189 -0.010356 0.006199955 0.1271017 -0.006162881 -0.006199955 0.1204937 -0.006197273 0.002999961 0.1204713 -0.00558561 0.006398022 0.1408646 -0.005503952 -0.006399154 0.1413207 -0.005429625 -0.002959072 0.1414088 -0.004757881 0.002756774 0.1420698 -0.006325542 0.002849876 0.1283935 -0.006157219 -0.00292617 0.1263061 -0.004195213 -0.01299995 0.1344383 -0.004061579 -0.006199955 0.1343048 -0.004061579 0.006199955 0.1343048 -0.004195213 0.01299995 0.1344383 -0.004260063 0.01299995 0.1509271 -0.003808796 0.002096593 0.1267999 -0.003718376 -0.002171576 0.1267084 -0.003086268 -0.01299995 0.1473269 -0.003257572 0.006399631 0.1474685 -0.003377377 0.006199657 0.1267213 -0.003412842 -5.16917e-4 0.1468894 -0.003448843 -0.006199955 0.1267783 -0.003059923 -0.006399989 0.1481092 -3.25147e-4 -0.01291334 0.1268 -3.50001e-4 0.01291561 0.1268 -1.82837e-4 0.0129444 0.1469919 1.69218e-4 -0.01294189 0.1469923 0.003388941 -0.006557583 0.1267425 0.004195213 -0.01299995 0.1344383 0.003257572 -0.006399631 0.1474685 0.004061579 -0.006199955 0.1343048 0.003808796 -0.002096593 0.1267999 0.003716528 0.002163767 0.1267137 0.003431439 -5.50684e-4 0.146879 0.003464579 0.00657773 0.1267917 0.004107713 0.006199955 0.1343923 0.003059923 0.006399989 0.1481092 0.004146158 0.01299995 0.1343538 0.003086268 0.01299995 0.1473269 0.004641473 0.002687275 0.1421446 0.004260063 -0.01299995 0.1509271 0.00558561 -0.006398022 0.1408646 0.005503952 0.006399154 0.1413207 0.006197273 -0.002999961 0.1204713 0.006162881 0.006199955 0.1204937 0.005381047 -0.002954959 0.1414859 0.009347975 -0.006199955 0.1188523 0.00615698 0.002925217 0.1263032 0.009867489 -0.006399989 0.1550613 0.009867489 0.01299995 0.1550613 0.01081079 0.002999961 0.1185062 0.006325542 -0.002849876 0.1283935 0.0111742 -0.002999961 0.1207088 0.01076894 -0.01299995 0.1549627 0.01076894 0.006399989 0.1549627 0.01171481 0.002999961 0.1326543 0.01010686 0.002999961 0.1219293 0.008771359 -0.01299995 0.1489189 0.008771359 -0.006399989 0.145081 0.008771359 0.006399989 0.1489189 0.008771359 0.01299995 0.145081 0.009581029 -0.01299995 0.1442714 0.009581029 -0.006399989 0.1497286 0.009581029 0.006399989 0.1442714 0.009581029 0.01299995 0.1497286 0.01132696 -0.002999961 0.1321579 0.01142191 -0.002999961 0.1393577 0.01147109 0.002999961 0.1393466 0.01142191 0.006399989 0.1393577 0.010356 -0.006199955 0.1271017 0.01049017 0.006199955 0.1278476 0.01139819 -0.006199955 0.125856 0.01250976 -0.006199955 0.1278476 0.01160174 0.006199955 0.125856 0.01341891 -0.01299995 0.1497286 0.01153534 -0.006399989 0.1395001 0.01341891 -0.006399989 0.1442714 0.01167255 0.006199955 0.1194747 0.01341891 0.006399989 0.1497286 0.01341891 0.01299995 0.1442714 0.01154994 -0.01299995 0.1343333 0.01154994 -0.006199955 0.1346666 0.01154994 0.006199955 0.1343333 0.01154994 0.01299995 0.1346666 0.01422858 -0.01299995 0.145081 0.01422858 -0.006399989 0.1489189 0.01422858 0.006399989 0.145081 0.01422858 0.01299995 0.1489189 0.01264393 0.006199955 0.1271017 0.01731252 -0.006199955 0.1220909 0.01737833 0.002999961 0.1250399 0.01766341 -0.01299995 0.1513468 0.01763039 -0.006399989 0.1512432 0.0164783 -0.002999961 0.1217147 0.01766341 0.006399989 0.1513468 0.01763039 0.01299995 0.1512432 0.01745259 -0.002999961 0.1280294 0.01812058 0.006199955 0.1240006 0.01849997 -0.01299995 0.134 0.01849997 -0.005999982 0.1376 0.01849997 0.005428552 0.14 0.01849997 0.00846666 0.134 -0.01849997 -0.00846666 0.09399998 -0.01731252 -0.01299995 0.1119091 -0.01849997 -0.005428552 0.1 -0.01812058 -0.006399989 0.1099994 -0.01812058 -0.006199955 0.08400058 -0.01737833 -0.002999961 0.08503991 -0.01745259 0.002999961 0.08802932 -0.01849997 0.005999982 0.09759998 -0.01731252 0.006199955 0.08209085 -0.01731252 0.006399989 0.1119091 -0.01849997 0.01299995 0.09399998 -0.01812058 0.01299995 0.1099994 -0.0164783 0.002999961 0.08171468 -0.01081079 -0.002999961 0.07850623 -0.01093691 -0.006399989 0.1150144 -0.01167255 -0.006199955 0.07947462 -0.01093691 0.01299995 0.1150144 -0.01171481 -0.002999961 0.09265428 -0.01422858 -0.01299995 0.1089189 -0.01422858 -0.006399989 0.105081 -0.01422858 0.006399989 0.1089189 -0.01422858 0.01299995 0.105081 -0.01341891 -0.01299995 0.1042714 -0.01341891 -0.006399989 0.1097286 -0.01341891 0.006399989 0.1042714 -0.01341891 0.01299995 0.1097286 -0.008770763 0.002999961 0.09195667 -0.01010686 -0.002999961 0.08192932 -0.01264393 -0.006199955 0.08710175 -0.01250976 0.006199955 0.08784765 -0.01160174 -0.006199955 0.08585602 -0.01049017 -0.006199955 0.08784765 -0.01139819 0.006199955 0.08585602 -0.01147109 -0.002999961 0.09934663 -0.01142191 0.002999961 0.09935766 -0.01154994 -0.01299995 0.09433329 -0.01142191 -0.006399989 0.09935766 -0.01154994 -0.006199955 0.09466665 -0.01154994 0.006199955 0.09466665 -0.01153534 0.006399989 0.09950006 -0.01154994 0.01299995 0.09433329 -0.009581029 -0.01299995 0.1097286 -0.01002699 -0.01299995 0.1152226 -0.009581029 -0.006399989 0.1042714 -0.01173305 0.002999961 0.080437 -0.00718975 0.003117084 0.08323436 -0.009347975 0.006199955 0.07885229 -0.009581029 0.006399989 0.1097286 -0.01002699 0.006399989 0.1152226 -0.009581029 0.01299995 0.1042714 -0.008771359 -0.01299995 0.105081 -0.008771359 -0.006399989 0.1089189 -0.008771359 0.006399989 0.105081 -0.008771359 0.01299995 0.1089189 -0.010356 0.006199955 0.08710175 -0.006162881 -0.006199955 0.08049374 -0.006197273 0.002999961 0.08047127 -0.00558561 0.006398022 0.1008646 -0.005503952 -0.006399333 0.1013206 -0.005429625 -0.002959072 0.1014088 -0.004757881 0.002756774 0.1020698 -0.006157219 -0.00292617 0.08630615 -0.004195153 -0.01299995 0.09443837 -0.004061579 -0.006199955 0.0943048 -0.004061579 0.006199955 0.0943048 -0.004195153 0.01299995 0.09443837 -0.003059923 -0.006399989 0.1081092 -0.004260063 0.01299995 0.1109271 -0.003808796 0.002096593 0.08679991 -0.003718376 -0.002171576 0.08670842 -0.003086268 -0.01299995 0.1073269 -0.003257572 0.006399571 0.1074685 -0.003389 0.006577491 0.08674246 -0.003412842 -5.16914e-4 0.1068894 -0.003448367 -0.006199955 0.08678179 -3.25147e-4 -0.01290315 0.08679997 -1.82838e-4 0.01294571 0.106992 1.69218e-4 -0.01294326 0.1069924 3.50001e-4 0.01292139 0.08679997 0.003389 -0.006577491 0.08674246 0.004195153 -0.01299995 0.09443837 0.003257572 -0.006399512 0.1074685 0.004061579 -0.006199955 0.0943048 0.003808796 -0.002096593 0.08679991 0.003717005 0.0021649 0.08671176 0.003431439 -5.50682e-4 0.1068791 0.00345844 0.006199896 0.08678019 0.004107713 0.006199955 0.09439224 0.003059923 0.006399989 0.1081092 0.004146158 0.01299995 0.09435379 0.003086268 0.01299995 0.1073269 0.004641473 0.002687275 0.1021446 0.004260063 -0.01299995 0.1109271 0.00558561 -0.006398022 0.1008646 0.005503952 0.006399333 0.1013206 0.006197273 -0.002999961 0.08047127 0.006162881 0.006199955 0.08049374 0.005381047 -0.002954959 0.1014859 0.009347975 -0.006199955 0.07885229 0.00615698 0.002925217 0.08630317 0.01002699 -0.006399989 0.1152226 0.01002699 0.01299995 0.1152226 0.01081079 0.002999961 0.07850623 0.00718975 -0.003117084 0.08323436 0.008770763 -0.002999961 0.09195667 0.01093691 -0.01299995 0.1150144 0.01093691 0.006399989 0.1150144 0.01171481 0.002999961 0.09265428 0.01010686 0.002999961 0.08192932 0.008771359 -0.01299995 0.1089189 0.008771359 -0.006399989 0.105081 0.008771359 0.006399989 0.1089189 0.008624672 0.01299995 0.10549 0.009581029 -0.01299995 0.1042714 0.009581029 -0.006399989 0.1097286 0.009581029 0.006399989 0.1042714 0.009581029 0.01299995 0.1097286 0.01142191 -0.002999961 0.09935766 0.01147109 0.002999961 0.09934663 0.01142191 0.006399989 0.09935766 0.010356 -0.006199955 0.08710175 0.01049017 0.006199955 0.08784765 0.01308989 0.01299995 0.1039548 0.01139819 -0.006199955 0.08585602 0.01250976 -0.006199955 0.08784765 0.01160174 0.006199955 0.08585602 0.01341891 -0.01299995 0.1097286 0.01153534 -0.006399989 0.09950006 0.01341891 -0.006399989 0.1042714 0.01167255 0.006199955 0.07947462 0.01341891 0.006399989 0.1097286 0.01154994 -0.01299995 0.09433329 0.01154994 -0.006199955 0.09466665 0.01154994 0.006199955 0.09433329 0.01154994 0.01299995 0.09466665 0.01422858 -0.01299995 0.105081 0.01422858 -0.006399989 0.1089189 0.01422858 0.006399989 0.105081 0.01422858 0.01299995 0.1089189 0.01264393 0.006199955 0.08710175 0.01173305 -0.002999961 0.080437 0.01731252 -0.006399989 0.1119091 0.01731252 -0.006199955 0.08209085 0.01731252 0.01299995 0.1119091 0.01737833 0.002999961 0.08503991 0.0164783 -0.002999961 0.08171468 0.01745259 -0.002999961 0.08802932 0.01812058 -0.01299995 0.1099994 0.01812058 0.006199955 0.08400058 0.01812058 0.006399989 0.1099994 0.01849997 -0.01299995 0.09399998 0.01849997 -0.005999982 0.09759998 0.01849997 0.005428552 0.1 0.01849997 0.00846666 0.09399998 -0.01849997 -0.00846666 0.074 -0.01731252 -0.01299995 0.09190911 -0.01849997 -0.005428552 0.07999998 -0.01812058 -0.006399989 0.08999937 -0.01812058 -0.006199955 0.0640006 -0.01737833 -0.002999961 0.06503993 -0.01745259 0.002999961 0.06802934 -0.01849997 0.005999982 0.0776 -0.01731252 0.006199955 0.06209087 -0.01731252 0.006399989 0.09190911 -0.01849997 0.01299995 0.074 -0.01812058 0.01299995 0.08999937 -0.0164783 0.002999961 0.0617147 -0.01081079 -0.002999961 0.05850625 -0.01093691 -0.006399989 0.09501433 -0.01167255 -0.006199955 0.05947464 -0.01093691 0.01299995 0.09501433 -0.01171481 -0.002999961 0.07265424 -0.01422858 -0.01299995 0.08891892 -0.01422858 -0.006399989 0.08508104 -0.01422858 0.006399989 0.08891892 -0.01422858 0.01299995 0.08508104 -0.01341891 -0.01299995 0.08427137 -0.01341891 -0.006399989 0.08972859 -0.01341891 0.006399989 0.08427137 -0.01341891 0.01299995 0.08972859 -0.008770763 0.002999961 0.07195669 -0.01010686 -0.002999961 0.06192928 -0.01250976 -0.006199955 0.06615233 -0.01264393 0.006199955 0.06689822 -0.01160174 0.006199955 0.06814396 -0.01139819 -0.006199955 0.06814396 -0.01049017 0.006199955 0.06615233 -0.01147109 -0.002999961 0.07934665 -0.01142191 0.002999961 0.07935768 -0.01154994 -0.01299995 0.07433331 -0.01142191 -0.006399989 0.07935768 -0.01154994 -0.006199955 0.07466667 -0.01154994 0.006199955 0.07466667 -0.01153534 0.006399989 0.07950007 -0.01154994 0.01299995 0.07433331 -0.009581029 -0.01299995 0.08972859 -0.01002699 -0.01299995 0.09522259 -0.009581029 -0.006399989 0.08427137 -0.01173305 0.002999961 0.06043696 -0.00718975 0.003117084 0.06323438 -0.009347975 0.006199955 0.05885231 -0.009581029 0.006399989 0.08972859 -0.01002699 0.006399989 0.09522259 -0.009581029 0.01299995 0.08427137 -0.008771359 -0.01299995 0.08508104 -0.008771359 -0.006399989 0.08891892 -0.008771359 0.006399989 0.08508104 -0.008771359 0.01299995 0.08891892 -0.010356 -0.006199955 0.06689822 -0.006162881 -0.006199955 0.0604937 -0.006197273 0.002999961 0.06047129 -0.005585789 0.006398081 0.08086442 -0.005503952 -0.006399333 0.08132064 -0.005429625 -0.002959072 0.08140879 -0.004757702 0.002756714 0.08206999 -0.006157517 -0.002927422 0.06630474 -0.004195153 -0.01299995 0.07443833 -0.004061579 -0.006199955 0.07430475 -0.004061579 0.006199955 0.07430475 -0.004195153 0.01299995 0.07443833 -0.003091514 -0.006400108 0.08827966 -0.004260063 0.01299995 0.09092712 -0.003808259 0.002095401 0.0668016 -0.003710925 -0.002149164 0.06671917 -0.003086268 -0.01299995 0.08732694 -0.00321865 0.006399452 0.08723551 -0.00337553 0.006199657 0.0667321 -0.003412842 -5.16916e-4 0.08688938 -0.003456056 -0.006723046 0.06679135 -3.50001e-4 0.01292139 0.06679999 -1.82836e-4 0.01294571 0.08699172 3.50001e-4 -0.01290506 0.06679999 1.82835e-4 -0.01294934 0.08699148 0.004195153 -0.01299995 0.07443833 0.003242075 -0.006399512 0.08737558 0.003377377 -0.006199657 0.06672132 0.004061579 -0.006199955 0.07430475 0.003808259 -0.002095401 0.0668016 0.003709375 0.002142071 0.06672292 0.003434181 -5.56748e-4 0.08685201 0.003465414 0.006722986 0.06679105 0.004107713 0.006199955 0.07439225 0.003091514 0.006400108 0.08827966 0.004146158 0.01299995 0.07435375 0.003086268 0.01299995 0.08732694 0.004641473 0.002687275 0.08214461 0.004260063 -0.01299995 0.09092712 0.005585789 -0.006398081 0.08086442 0.005503952 0.006399333 0.08132064 0.006197273 -0.002999961 0.06047129 0.006162881 0.006199955 0.0604937 0.005381047 -0.002954959 0.08148586 0.009347975 -0.006199955 0.05885231 0.006157338 0.002926468 0.06630176 0.01002699 -0.006399989 0.09522259 0.01002699 0.01299995 0.09522259 0.01081079 0.002999961 0.05850625 0.00718975 -0.003117084 0.06323438 0.008770763 -0.002999961 0.07195669 0.01093691 -0.01299995 0.09501433 0.01093691 0.006399989 0.09501433 0.01171481 0.002999961 0.07265424 0.01010686 0.002999961 0.06192928 0.008771359 -0.01299995 0.08891892 0.008771359 -0.006399989 0.08508104 0.008771359 0.006399989 0.08891892 0.008624672 0.01299995 0.08548998 0.009581029 -0.01299995 0.08427137 0.009581029 -0.006399989 0.08972859 0.009581029 0.006399989 0.08427137 0.009581029 0.01299995 0.08972859 0.01142191 -0.002999961 0.07935768 0.01147109 0.002999961 0.07934665 0.01142191 0.006399989 0.07935768 0.01049017 -0.006199955 0.06615233 0.010356 0.006199955 0.06689822 0.01308989 0.01299995 0.08395481 0.01139819 0.006199955 0.06814396 0.01160174 -0.006199955 0.06814396 0.01250976 0.006199955 0.06615233 0.01341891 -0.01299995 0.08972859 0.01153534 -0.006399989 0.07950007 0.01341891 -0.006399989 0.08427137 0.01167255 0.006199955 0.05947464 0.01341891 0.006399989 0.08972859 0.01154994 -0.01299995 0.07433331 0.01154994 -0.006199955 0.07466667 0.01154994 0.006199955 0.07433331 0.01154994 0.01299995 0.07466667 0.01422858 -0.01299995 0.08508104 0.01422858 -0.006399989 0.08891892 0.01422858 0.006399989 0.08508104 0.01422858 0.01299995 0.08891892 0.01264393 -0.006199955 0.06689822 0.01173305 -0.002999961 0.06043696 0.01731252 -0.006399989 0.09190911 0.01731252 -0.006199955 0.06209087 0.01731252 0.01299995 0.09190911 0.01737833 0.002999961 0.06503993 0.0164783 -0.002999961 0.0617147 0.01745259 -0.002999961 0.06802934 0.01812058 -0.01299995 0.08999937 0.01812058 0.006199955 0.0640006 0.01812058 0.006399989 0.08999937 0.01849997 -0.01299995 0.074 0.01849997 -0.005999982 0.0776 0.01849997 0.005428552 0.07999998 0.01849997 0.00846666 0.074 -0.01849997 -0.00846666 0.05399996 -0.01731252 -0.01299995 0.07190912 -0.01849997 -0.005428552 0.06 -0.01812058 -0.006399989 0.06999939 -0.01812058 -0.006199955 0.04400056 -0.01737833 -0.002999961 0.04503989 -0.01745259 0.002999961 0.04802936 -0.01849997 0.005999982 0.05759996 -0.01731252 0.006199955 0.04209083 -0.01731252 0.006399989 0.07190912 -0.01849997 0.01299995 0.05399996 -0.01812058 0.01299995 0.06999939 -0.0164783 0.002999961 0.04171472 -0.01081079 -0.002999961 0.0385062 -0.01093691 -0.006399989 0.07501435 -0.01167255 -0.006199955 0.0394746 -0.01093691 0.01299995 0.07501435 -0.01171481 -0.002999961 0.05265426 -0.01422858 -0.01299995 0.06891894 -0.01422858 -0.006399989 0.065081 -0.01422858 0.006399989 0.06891894 -0.01422858 0.01299995 0.065081 -0.01341891 -0.01299995 0.06427139 -0.01341891 -0.006399989 0.06972861 -0.01341891 0.006399989 0.06427139 -0.01341891 0.01299995 0.06972861 -0.008770763 0.002999961 0.05195665 -0.01010686 -0.002999961 0.0419293 -0.01234763 -0.006199955 0.04800975 -0.01234763 0.006199955 0.04599016 -0.01160174 -0.006199955 0.04585599 -0.01160174 0.006199955 0.04814392 -0.01147109 -0.002999961 0.05934661 -0.01142191 0.002999961 0.05935764 -0.01154994 -0.01299995 0.05433332 -0.01142191 -0.006399989 0.05935764 -0.01154994 -0.006199955 0.05466663 -0.01154994 0.006199955 0.05466663 -0.01153534 0.006399989 0.05950003 -0.01154994 0.01299995 0.05433332 -0.009581029 -0.01299995 0.06972861 -0.01002699 -0.01299995 0.07522255 -0.009581029 -0.006399989 0.06427139 -0.01173305 0.002999961 0.04043698 -0.00718975 0.003117084 0.04323434 -0.009347975 0.006199955 0.03885227 -0.009581029 0.006399989 0.06972861 -0.01002699 0.006399989 0.07522255 -0.009581029 0.01299995 0.06427139 -0.008771359 -0.01299995 0.065081 -0.008771359 -0.006399989 0.06891894 -0.008771359 0.006399989 0.065081 -0.008771359 0.01299995 0.06891894 -0.010356 -0.006199955 0.04689818 -0.010356 0.006199955 0.04710173 -0.006162881 -0.006199955 0.04049372 -0.006197273 0.002999961 0.04047131 -0.00558561 0.006398022 0.06086456 -0.005503952 -0.006399214 0.06132066 -0.005429625 -0.002959072 0.06140875 -0.004757881 0.002756774 0.06206983 -0.006157219 -0.00292617 0.04630613 -0.004195213 -0.01299995 0.05443835 -0.004061579 -0.006199955 0.05430477 -0.004061579 0.006199955 0.05430477 -0.004195213 0.01299995 0.05443835 -0.003091514 -0.006400108 0.06827962 -0.004260063 0.01299995 0.07092714 -0.003808796 0.002096593 0.04679989 -0.003718376 -0.002171576 0.0467084 -0.003086268 -0.01299995 0.0673269 -0.00321865 0.006399452 0.06723552 -0.00337553 0.006199657 0.04673206 -0.003412842 -5.16915e-4 0.0668894 -0.003456056 -0.006723046 0.04679137 -3.50001e-4 0.01292139 0.04679995 -1.82836e-4 0.01294571 0.06699174 3.50001e-4 -0.01290506 0.04679995 1.82835e-4 -0.01294302 0.0669915 0.004195213 -0.01299995 0.05443835 0.003242075 -0.006399393 0.0673756 0.003377377 -0.006199657 0.04672133 0.004061579 -0.006199955 0.05430477 0.003808796 -0.002096593 0.04679989 0.003717005 0.0021649 0.04671174 0.003434181 -5.56747e-4 0.06685203 0.003464519 0.006557822 0.04679095 0.004107713 0.006199955 0.05439227 0.003091514 0.006400108 0.06827962 0.004146158 0.01299995 0.05435377 0.003086268 0.01299995 0.0673269 0.004641473 0.002687275 0.06214463 0.004260063 -0.01299995 0.07092714 0.00558561 -0.006398022 0.06086456 0.005503952 0.006399154 0.06132066 0.006197273 -0.002999961 0.04047131 0.006162881 0.006199955 0.04049372 0.005381047 -0.002954959 0.06148582 0.009347975 -0.006199955 0.03885227 0.00615698 0.002925217 0.04630321 0.01002699 -0.006399989 0.07522255 0.01002699 0.01299995 0.07522255 0.01081079 0.002999961 0.0385062 0.00718975 -0.003117084 0.04323434 0.008770763 -0.002999961 0.05195665 0.01093691 -0.01299995 0.07501435 0.01093691 0.006399989 0.07501435 0.01171481 0.002999961 0.05265426 0.01010686 0.002999961 0.0419293 0.008771359 -0.01299995 0.06891894 0.008771359 -0.006399989 0.065081 0.008771359 0.006399989 0.06891894 0.008624672 0.01299995 0.06549 0.009581029 -0.01299995 0.06427139 0.009581029 -0.006399989 0.06972861 0.009581029 0.006399989 0.06427139 0.009581029 0.01299995 0.06972861 0.01142191 -0.002999961 0.05935764 0.01147109 0.002999961 0.05934661 0.01142191 0.006399989 0.05935764 0.010356 -0.006199955 0.04710173 0.010356 0.006199955 0.04689818 0.01308989 0.01299995 0.06395483 0.01234763 -0.006199955 0.04599016 0.01234763 0.006199955 0.04800975 0.01160174 -0.006199955 0.04814392 0.01160174 0.006199955 0.04585599 0.01341891 -0.01299995 0.06972861 0.01153534 -0.006399989 0.05950003 0.01341891 -0.006399989 0.06427139 0.01167255 0.006199955 0.0394746 0.01341891 0.006399989 0.06972861 0.01154994 -0.01299995 0.05433332 0.01154994 -0.006199955 0.05466663 0.01154994 0.006199955 0.05433332 0.01154994 0.01299995 0.05466663 0.01422858 -0.01299995 0.065081 0.01422858 -0.006399989 0.06891894 0.01422858 0.006399989 0.065081 0.01422858 0.01299995 0.06891894 0.01173305 -0.002999961 0.04043698 0.01731252 -0.006399989 0.07190912 0.01731252 -0.006199955 0.04209083 0.01731252 0.01299995 0.07190912 0.01737833 0.002999961 0.04503989 0.0164783 -0.002999961 0.04171472 0.01745259 -0.002999961 0.04802936 0.01812058 -0.01299995 0.06999939 0.01812058 0.006199955 0.04400056 0.01812058 0.006399989 0.06999939 0.01849997 -0.01299995 0.05399996 0.01849997 -0.005999982 0.05759996 0.01849997 0.005428552 0.06 0.01849997 0.00846666 0.05399996 -0.01849997 -0.00846666 0.114 -0.01731252 -0.01299995 0.1319091 -0.01849997 -0.005428552 0.12 -0.01812058 -0.006399989 0.1299994 -0.01766341 -0.006199955 0.1026532 -0.01737833 -0.002999961 0.1050399 -0.01827299 0.002999961 0.1046687 -0.01849997 0.005999982 0.1176 -0.01763039 0.006199955 0.1027567 -0.01731252 0.006399989 0.1319091 -0.01849997 0.01299995 0.114 -0.01812058 0.01299995 0.1299994 -0.0160405 0.002999961 0.1038776 -0.01081109 -0.002999961 0.09850597 -0.01211363 0.002999961 0.09938621 -0.01435291 0.002999961 0.1117142 -0.01050436 -0.006399989 0.1351571 -0.01093691 0.01299995 0.1350144 -0.01171481 -0.002999961 0.1126543 -0.01422858 -0.01299995 0.128919 -0.01422858 -0.006399989 0.125081 -0.01422858 0.006399989 0.128919 -0.01422858 0.01299995 0.125081 -0.01341891 -0.01299995 0.1242713 -0.01341891 -0.006399989 0.1297286 -0.01341891 0.006399989 0.1242713 -0.01341891 0.01299995 0.1297286 -0.01010686 -0.002999961 0.1019293 -0.01250976 -0.006199955 0.1061523 -0.01264393 0.006199955 0.1068982 -0.01160174 0.006199955 0.1081439 -0.01139819 -0.006199955 0.1081439 -0.01049017 0.006199955 0.1061523 -0.01147109 -0.002999961 0.1193466 -0.01142191 0.002999961 0.1193577 -0.01154994 -0.01299995 0.1143333 -0.01142191 -0.006399989 0.1193577 -0.01154994 -0.006199955 0.1146667 -0.01154994 0.006199955 0.1146667 -0.01153534 0.006399989 0.1195001 -0.01154994 0.01299995 0.1143333 -0.009581029 -0.01299995 0.1297286 -0.01126182 -0.01299995 0.1348933 -0.009581029 -0.006399989 0.1242713 -0.008500635 -0.006199955 0.09909164 -0.008712172 0.002999961 0.1024032 -0.009256362 0.006199955 0.09895694 -0.009581029 0.006399989 0.1297286 -0.01002699 0.006399989 0.1352226 -0.009581029 0.01299995 0.1242713 -0.008771359 -0.01299995 0.125081 -0.008771359 -0.006399989 0.128919 -0.008771359 0.006399989 0.125081 -0.008771359 0.01299995 0.128919 -0.010356 -0.006199955 0.1068982 -0.006197273 0.002999961 0.1004713 -0.00558561 0.006398022 0.1208646 -0.006435155 0.002833008 0.1091133 -0.005503952 -0.006399333 0.1213206 -0.005429625 -0.002959072 0.1214088 -0.004757881 0.002756774 0.1220698 -0.003191828 -0.01299995 0.1293053 -0.006157219 -0.00292617 0.1063061 -0.004195213 -0.01299995 0.1144384 -0.004061579 -0.006199955 0.1143048 -0.004061579 0.006199955 0.1143048 -0.004195213 0.01299995 0.1144384 -0.004260063 0.01299995 0.1309272 -0.003143191 -0.006399929 0.1276043 -0.003808259 0.002095401 0.1068016 -0.003718376 -0.002171576 0.1067084 -0.003257572 0.006399631 0.1274685 -0.003377377 0.006199657 0.1067214 -0.003412842 -5.16913e-4 0.1268894 -0.003448367 -0.006199955 0.1067818 -3.25147e-4 -0.01290315 0.1068 -3.50001e-4 0.01292139 0.1068 -1.82837e-4 0.0129444 0.1269919 1.69218e-4 -0.01294577 0.1269924 0.003389 -0.006577491 0.1067425 0.004195213 -0.01299995 0.1144384 0.003257572 -0.006399631 0.1274685 0.004061579 -0.006199955 0.1143048 0.003808259 -0.00209546 0.1068015 0.003717005 0.0021649 0.1067118 0.003431439 -5.50684e-4 0.126879 0.00346446 0.006557822 0.1067917 0.004107713 0.006199955 0.1143922 0.003143191 0.006399929 0.1276043 0.004146158 0.01299995 0.1143538 0.002975821 0.01299995 0.1277681 0.004641473 0.002687275 0.1221446 0.004260063 -0.01299995 0.1309272 0.00558561 -0.006398022 0.1208646 0.005503952 0.006399333 0.1213206 0.006197273 -0.002999961 0.1004713 0.008500635 0.006199955 0.09909164 0.005381047 -0.002954959 0.1214858 0.009256362 -0.006199955 0.09895694 0.00615698 0.002925217 0.1063032 0.01002699 -0.006399989 0.1352226 0.01081109 0.002999961 0.09850597 0.006435155 -0.002833008 0.1091133 0.01050436 0.006399989 0.1351571 0.01061737 0.01299995 0.1351864 0.008712172 -0.002999961 0.1024032 0.01093691 -0.01299995 0.1350144 0.01171481 0.002999961 0.1126543 0.01010686 0.002999961 0.1019293 0.008771359 -0.01299995 0.128919 0.008771359 -0.006399989 0.125081 0.008771359 0.006399989 0.128919 0.007867932 0.01299995 0.1281454 0.009581029 -0.01299995 0.1242713 0.009581029 -0.006399989 0.1297286 0.009581029 0.006399989 0.1242713 0.01142191 -0.002999961 0.1193577 0.01147109 0.002999961 0.1193466 0.01142191 0.006399989 0.1193577 0.01049017 -0.006199955 0.1061523 0.010356 0.006199955 0.1068982 0.01308989 0.01299995 0.1239548 0.01139819 0.006199955 0.1081439 0.01435291 -0.002999961 0.1117142 0.01160174 -0.006199955 0.1081439 0.01250976 0.006199955 0.1061523 0.01341891 -0.01299995 0.1297286 0.01153534 -0.006399989 0.1195001 0.01341891 -0.006399989 0.1242713 0.01211363 -0.002999961 0.09938621 0.01341891 0.006399989 0.1297286 0.01154994 -0.01299995 0.1143333 0.01154994 -0.006199955 0.1146667 0.01154994 0.006199955 0.1143333 0.01154994 0.01299995 0.1146667 0.01422858 -0.01299995 0.125081 0.01422858 -0.006399989 0.128919 0.01422858 0.006399989 0.125081 0.01422858 0.01299995 0.128919 0.01264393 -0.006199955 0.1068982 0.0160405 -0.002999961 0.1038776 0.01731252 -0.006399989 0.1319091 0.01731252 0.01299995 0.1319091 0.01737833 0.002999961 0.1050399 0.01763039 -0.006199955 0.1027567 0.01766341 0.006199955 0.1026532 0.01812058 -0.01299995 0.1299994 0.01812058 0.006399989 0.1299994 0.01827299 -0.002999961 0.1046687 0.01849997 -0.01299995 0.114 0.01849997 -0.005999982 0.1176 0.01849997 0.005428552 0.12 0.01849997 0.00846666 0.114 -0.009171485 -0.02352458 0.02236795 -0.009831249 -0.01424998 0.02217745 -0.007993519 -0.003411233 0.01769995 -0.008753538 -0.003477334 0.02246159 -0.009521365 -0.02394366 0.007619976 -0.009325563 0.008430898 0.007640421 -0.009433507 0.008894681 0.02227997 -0.00931096 0.004925012 0.007499992 -0.009221613 0.004801511 0.02249997 -0.007974922 0.003588974 0.02249997 -0.008240342 0.006324827 0.007499992 -0.008098423 0.005321621 0.02249997 -0.008533775 -0.02173936 0.007499992 -0.008425056 -0.02158898 0.02249997 -0.008821606 0.007801532 0.02249997 -0.008170485 -0.02346634 0.007499992 -0.007574915 0.006588935 0.02249997 -0.008098423 0.003678321 0.007499992 -0.007921874 0.008612215 0.02249997 -0.006449997 -0.02269995 0.02249997 -0.007178366 -0.02219843 0.007499992 -0.007178366 0.007801473 0.007499992 -0.00572884 -0.02297705 0.007499992 -0.002693712 -4.69683e-4 0.007499992 -0.006059944 -0.01416999 0.02249997 -0.001126587 6.97416e-4 0.02239364 0.007921874 0.008612215 0.007499992 -0.006112456 -0.01421248 0.01769995 -0.004729449 -0.02386635 0.02249997 -0.004474878 -0.02198898 0.007499992 -0.004818201 -0.02382534 0.007499992 -0.004366219 -0.02213937 0.02249997 0.009515583 -0.02392905 0.007653474 0.007239401 -0.02303373 0.007499992 0.00604999 -0.01409995 0.02249997 -0.001801013 0.002573251 0.003999948 0.001801013 -0.002573251 0.003999948 0.001801013 0.002573251 0.007499992 4.69683e-4 -0.002693712 0.007499992 0 -0.00121355 0.0220676 0.001126587 6.97416e-4 0.02222168 0.007974922 0.003588974 0.007499992 0.007574915 0.006588935 0.007499992 0.007725775 -0.01457899 0.01769995 0.008376896 -0.003334581 0.01769995 0.008630335 -0.003417074 0.02244305 0.007369041 -0.02174812 0.02249997 0.007178366 0.007801473 0.02249997 0.008954346 -0.02378982 0.02238994 0.008049726 -0.02094197 0.007499992 0.007488965 -0.01982504 0.02249997 0.008240342 0.006324827 0.02249997 0.008098423 -0.01857835 0.007499992 0.008098423 0.003678321 0.02249997 0.008098423 0.005321621 0.007499992 0.009212315 0.008475601 0.02235954 0.008701503 -0.01857835 0.02249997 0.00931096 0.004925012 0.02249997 0.008966326 -0.0226705 0.007499992 0.00902158 0.006301522 0.007499992 0.008768796 -0.02104556 0.02249997 0.009407043 -0.01956731 0.007499992 0.009486019 0.008868455 0.007719993 0.009662449 -0.01424998 0.02238214 -0.009933292 -0.02347236 0.004044413 -0.008948922 0.002568244 0.004053652 -0.009596645 0.004152297 0.005499958 -0.009212315 0.006824672 0.003924131 -0.007752597 0.008838832 0.003852784 -0.009799957 -0.01989996 0.003999948 -0.009400963 -0.02374291 0.00771737 -0.009466826 0.008791565 0.007762253 -0.006883978 -0.02435785 0.007499992 -0.009293079 0.004086911 0.007499992 -0.008177161 0.006041884 0.007499992 -0.007618546 -0.02389454 0.003853261 -0.008962094 -0.02169233 0.003999948 -0.008807659 0.008462071 0.007499992 -0.007337749 0.004113614 0.007499992 -0.00729078 0.005491912 0.005499958 -0.006500005 -0.02210301 0.007499992 -0.007869124 0.006284475 0.004009306 -0.007542252 0.003346264 0.005499958 -0.006637334 -0.0219413 0.004025459 -0.006910443 0.007402658 0.007499992 -0.007347285 -0.001026809 0.004136919 -0.006373226 0.004263997 0.004071116 -0.006545782 -0.0181958 0.004111707 -0.006545782 -0.01260417 0.004088878 -0.004552304 -0.02409666 0.005499958 -0.005678713 -0.02147156 0.005499958 0.006977677 0.0086084 0.007499992 -0.003724038 -0.02217835 0.005499958 -0.001767873 -0.007163465 0.004153788 -0.004656493 2.42482e-4 0.004058241 -0.003342032 -0.003277003 0.004063725 -0.003277003 0.003342032 0.004063725 -0.004006862 -0.02248692 0.007499992 -0.003155171 0.002051651 0.007126033 -0.002051234 -0.003154993 0.007308244 0.009417772 -0.02388226 0.007666647 -0.0031569 -0.02229368 0.003998577 6.84258e-6 0.007706642 0.003870129 -2.42584e-4 -0.004655122 0.004061877 2.42584e-4 0.004655122 0.004061877 0.002051651 0.003155171 0.007126033 0 0.00939995 0.007999956 0.003155171 -0.002051651 0.007126033 0.005037963 -0.005270957 0.004187464 0.00685358 0.003560483 0.004144549 0.003342032 0.003277003 0.004063725 0.003278076 -0.003342509 0.004060268 0.004655122 -2.42584e-4 0.004061877 0.007337749 -0.01901364 0.007499992 0.007337749 0.004886269 0.007499992 0.006716907 -0.01827937 0.004075765 0.006545782 -0.01260417 0.004086315 0.006947636 0.005878627 0.004086256 0.00729078 -0.02039188 0.005499958 0.00729078 0.003508031 0.005499958 0.007542252 -0.01824629 0.005499958 0.008042752 0.005836844 0.005499958 0.007750272 -0.02383655 0.003835737 0.006910443 -0.02240264 0.007499992 0.007037878 0.008307635 0.003999948 0.008023977 -0.02124375 0.00399965 0.008358836 -0.02364051 0.007499992 0.008818984 0.006250441 0.007499992 0.00836873 -0.02097702 0.007499992 0.009349763 0.008755445 0.007691323 0.009612798 -0.01905226 0.005499958 0.008813023 0.003606915 0.007499992 0.009209334 -0.02177482 0.003920495 0.009239435 0.006883442 0.003925383 0.0094015 -0.01907354 0.007499992 0.009659051 0.009022712 0.004021048 0.009563028 0.003832578 0.005305945 -0.009796857 0.005343854 0.004860639 -0.009696185 0.003817677 0.005447685 -0.00944066 0.004282951 0.004301965 -0.009266972 0.004547834 0.02199995 -0.009257137 0.004131376 0.02606129 -0.008606493 0.006139159 0.005139768 -0.008213341 0.003349721 0.004358351 -0.008005142 0.002991795 0.005405306 -0.008399963 0.004499971 0.004849135 -0.007727921 0.003786444 0.02199995 -0.00853163 0.005368351 0.02199995 -0.007537841 0.00487101 0.02605241 -0.007072865 0.005223155 0.005411565 -0.007537186 0.004691302 0.004248142 -0.006884574 0.00401926 0.004822254 -0.009262263 0.004279732 0.02199995 -0.009087681 0.005032062 0.02199995 -0.009228289 0.004817903 0.02599996 -0.008513867 0.003598451 0.02199995 -0.008286058 0.005401492 0.02199995 -0.008087694 0.003798007 0.02599996 -0.007712244 0.003967881 0.02199995 -0.007698059 0.00481224 0.02599996 -0.007537662 0.004720211 0.02199995 -0.007313728 0.004026234 9.85144e-4 -0.007681667 0.001547098 0.003935515 -0.007850408 -0.002024412 9.35578e-4 -0.007145226 -0.00393486 0.003820598 -0.006910979 4.25068e-4 0.000999987 -0.006910979 -4.25068e-4 0.003899991 -0.004399597 0.006910741 0.003876149 -0.004182875 -2.13492e-4 0.003946363 -0.005178332 3.01531e-4 0.000999987 -0.001374006 -0.007723271 0.003967881 -0.001096129 -0.008071422 0.001036882 -0.002552807 0.003270089 0.004001319 -3.71777e-4 0.008029639 0.00102353 -0.003599345 -0.001182854 0.006466329 -0.002717554 0.002066552 0.006689012 -0.002360403 -0.003210544 0.003997504 -0.002498388 0.002110064 0.001084566 -0.001457452 0.001850485 0.002600491 -0.001514554 -0.002744555 0.001075446 -0.001426517 -0.00194782 0.002599954 -0.002159833 -3.33033e-4 0.004056334 -0.002078115 -0.002709567 0.006690621 -0.001182854 0.003599345 0.006466329 0.001268386 -0.002258837 0.003998637 1.92069e-4 0.002535402 0.003922402 -2.6793e-4 0.007574558 0.003982961 -4.25068e-4 -0.006910979 0.000999987 -4.25068e-4 0.005088925 0.000999987 -3.01531e-4 -0.005178332 0.000999987 -3.01531e-4 0.005178332 0.003899991 -3.01529e-4 0.006821572 0.001000046 0.002717554 -0.002066552 0.006689012 4.60776e-4 -0.004194378 0.003939867 5.07202e-4 -0.007360219 0.003963947 0.001334667 -0.008111715 0.001014769 0.001509904 -5.14591e-4 0.002599418 0.001194298 0.002358019 0.002599954 0.002078115 0.002709567 0.006690621 8.21622e-4 -0.005698442 0.000999987 8.00074e-4 0.003998637 0.004055082 8.21622e-4 0.006301522 0.000999987 0.002204596 -0.001761972 0.001736819 0.003522753 0.001211881 9.41453e-4 0.001182854 -0.003599345 0.006466329 0.004161536 0.007037401 0.001050591 0.004285693 -7.1287e-4 0.003967106 0.003599345 0.001182854 0.006466329 0.00415045 9.93406e-4 0.003930211 0.005485832 -0.006221473 0.00379467 0.006228327 0.005493819 0.003816604 0.007629036 0.001569509 9.52716e-4 0.00777328 -0.001075923 8.93763e-4 0.006910979 4.25068e-4 0.003899991 0.008035004 -1.02332e-4 0.003888726 -0.009443044 -0.02401262 0.02233332 -0.009195268 -0.02352041 0.02706825 -0.008574962 -0.01482498 0.02244228 -0.007044196 -0.01463437 0.02701699 -0.008948206 -0.003250956 0.02233779 -0.006912648 -0.003006935 0.02696496 -0.009024262 0.008659899 0.02707231 -0.009475469 0.008961498 0.02232348 -0.007224977 -0.01493328 0.0194 -0.007788836 -0.003004491 0.0194 -0.009026229 0.004059731 0.02249997 -0.008399963 0.004499971 0.02629995 -0.008797466 0.005670487 0.02249997 -0.009060442 -0.02305209 0.02249997 -0.00809729 -0.02141046 0.02249997 -0.00809729 0.006410419 0.02699995 -0.006723046 0.008596539 0.02249997 -0.007902681 -0.02141046 0.02699995 -0.007644653 0.005276501 0.02249997 -0.006278455 -0.02268975 0.02249997 -0.006944 -0.0231018 0.02705365 -0.006153881 0.00519061 0.02693843 -0.00627458 -0.0137723 0.0241751 -0.006246626 -0.004258871 0.0241844 -0.002499997 0.007499992 0.02249997 -0.004899978 -0.02289998 0.02629995 -0.004718601 -0.02371686 0.02249997 -0.001425147 -0.007299482 0.02685314 -0.002097904 0.00711286 0.02688866 -0.004977047 0.002320647 0.02685737 -0.004273712 -0.02245974 0.02249997 -0.002320647 -0.004977047 0.02685999 -0.002599179 -0.002699077 0.02690595 -0.002699077 0.002599179 0.02690595 0.009462296 -0.0239911 0.02225995 0.00809729 -0.02358949 0.02249997 -2.1975e-4 -0.003209531 0.02561342 -0.003184616 -3.29592e-4 0.02562999 -0.002798914 0 0.02153569 -0.002384483 0.009204745 0.02642315 2.1975e-4 0.003209531 0.02561342 0 -0.002735257 0.02177995 0 0.002735257 0.02177995 0.002320647 0.004977047 0.02685999 -7.30644e-4 0.001105904 0.02508234 1.02079e-4 -0.001357793 0.02495473 -5.41971e-4 0.001271724 0.0217998 5.41971e-4 -0.001271724 0.0217998 0.002699077 -0.002599179 0.02690595 0.002599179 0.002699077 0.02690595 0.002553343 -9.17458e-4 0.02542382 0.002959311 0.001223742 0.02582228 0.002798914 0 0.02162498 0.004977047 -0.002320647 0.02685737 0.001855015 0.007960021 0.0267809 0.006564855 -0.00358957 0.0269559 0.007587671 -0.01815527 0.02249997 0.006113767 0.00816518 0.02249997 0.007130086 0.001628041 0.02684205 0.007192134 -0.01520264 0.0194 0.005299985 -0.003120958 0.02094995 0.006031036 -0.01421886 0.02696716 0.006246626 -0.01374107 0.0241844 0.006270706 -0.004254877 0.02417641 0.007779896 -0.003660142 0.0194 0.007037878 -0.02169233 0.02249997 0.006910443 -0.02240264 0.02699995 0.006910443 0.007597267 0.02699995 0.00897932 -0.02387416 0.02708518 0.007902681 0.006410419 0.02699995 0.008807659 0.008462071 0.02249997 0.008962094 -0.02169233 0.02699995 0.00809729 0.006410419 0.02249997 0.009190499 0.008561193 0.02706682 0.008037209 -0.0201779 0.02249997 0.008399963 -0.0194 0.02629995 0.007534086 0.004652857 0.02249997 0.008399963 0.004499971 0.02629995 0.008840203 0.003873705 0.02249997 0.00916332 -0.01912134 0.02249997 0.009026229 0.004940211 0.02249997 0.009089529 -0.02240264 0.02249997 0.009435832 0.008979797 0.02231246 0.009642541 -0.003328502 0.02231246 0.009573698 -0.01465028 0.02226918 0.009931147 -0.01431882 0.02696061 -0.002499997 0.007723093 0.02248054 -0.002499997 0.009305536 0.02604997 0.002499997 0.007894754 0.02245199 0.002499997 0.009194433 0.02604997 -0.00279504 -5.9232e-4 0.02903491 -0.002392351 -5.41748e-4 0.0281322 -0.002174317 0.00181955 0.02848434 -0.001968979 8.18708e-4 0.02954035 -0.001672327 -0.002284765 0.0285061 -3.59104e-4 -0.001915872 0.02958953 -0.001442968 1.69126e-4 0.02012592 -2.14588e-4 0.001628756 0.02819997 -5.01788e-4 0.002900958 0.0286405 3.59104e-4 0.001915872 0.02958953 -4.30779e-4 4.16908e-4 0.02958202 -4.15537e-4 -4.44466e-4 0.02964943 5.01788e-4 -0.002900958 0.0286405 0.001438975 -1.68735e-4 0.0201196 0.002452313 4.38449e-4 0.02815657 6.13308e-4 -1.14615e-5 0.02900034 9.83241e-4 -2.0418e-5 0.02977329 0.001672327 0.002284765 0.0285061 0.002530515 -0.001557588 0.02887892 0.00279504 5.9232e-4 0.02903491 -0.001239776 -5.62729e-4 0.02019995 -0.001239776 5.62729e-4 0.02819997 4.65135e-4 -0.001096963 0.02819997 4.65135e-4 0.001096963 0.02019995 0.001077413 -4.56823e-4 0.02019995 0.001077413 4.56823e-4 0.02819997 0.006884574 -0.01891922 0.004822254 0.0071038 -0.02008223 0.005447685 0.007537186 -0.01959133 0.004248142 0.008061289 -0.01774346 0.005103528 0.007727921 -0.01868647 0.02199995 0.008027791 -0.01853549 0.02604824 0.00876671 -0.02025324 0.02606815 0.008558511 -0.02103996 0.005152046 0.008399963 -0.0194 0.004849135 0.00853163 -0.02026832 0.02199995 0.009354293 -0.01923668 0.00427103 0.009796857 -0.02024382 0.004860639 0.009679019 -0.0185495 0.005382299 0.009266972 -0.01944786 0.02199995 0.007537662 -0.01962018 0.02199995 0.007712244 -0.0188679 0.02199995 0.007698059 -0.0197122 0.02599996 0.008087694 -0.01869803 0.02599996 0.008286058 -0.02030146 0.02199995 0.008513867 -0.01849848 0.02199995 0.009228289 -0.01971793 0.02599996 0.009087681 -0.01993209 0.02199995 0.009262263 -0.01917976 0.02199995 0.007054626 0.005479633 0.004848301 0.0071038 0.003817677 0.005447685 0.007442653 0.004331409 0.004276633 0.008100509 0.006151437 0.00513786 0.007727921 0.005213499 0.02199995 0.008033215 0.005353212 0.02606815 0.008772134 0.003635466 0.02604824 0.008558511 0.002860009 0.005152046 0.008399963 0.004499971 0.004849135 0.00853163 0.003631591 0.02199995 0.009354293 0.004663228 0.00427103 0.009796857 0.003656089 0.004860639 0.009679019 0.00535047 0.005382299 0.009266972 0.004452109 0.02199995 0.007537662 0.004279732 0.02199995 0.007712244 0.005032062 0.02199995 0.007698059 0.004187703 0.02599996 0.008087694 0.005201935 0.02599996 0.008286058 0.003598451 0.02199995 0.008513867 0.005401492 0.02199995 0.009228289 0.00418204 0.02599996 0.009087681 0.003967881 0.02199995 0.009262263 0.004720211 0.02199995 -0.002845287 -0.002421319 0.02759999 -0.002948641 0.001972258 0.02979999 -0.002333521 -0.002562582 0.02979999 -0.002421319 0.002845287 0.02759999 -0.002205789 -4.14866e-4 0.028234 -0.002522587 -8.74889e-4 0.02753603 -0.00232017 5.21661e-4 0.02519977 -8.74889e-4 0.002522587 0.02753603 -7.24789e-5 -0.003198146 0.02819997 7.24789e-5 0.003198146 0.02819997 -2.0361e-4 -0.002230226 0.02519994 -0.001073122 0.001181423 0.02810776 2.0361e-4 0.002230226 0.02519994 8.74889e-4 -0.002522587 0.02753603 0.002948641 -0.001972258 0.02979999 0.002421319 -0.002845287 0.02759999 0.001073122 -0.001181423 0.02810776 0.002205789 4.14866e-4 0.028234 0.002845287 0.002421319 0.02759999 0.002333521 0.002562582 0.02979999 0.00232017 -5.21661e-4 0.02519977 0.002522587 8.74889e-4 0.02753603 0.007719993 -0.01378196 0.01839995 0.007400512 -0.01352 0.02349996 0.007511377 -0.004396319 0.01827496 0.007436394 -0.004479944 0.02349996 0.006961941 -0.01339995 0.0194 0.00748533 -0.004966199 0.0194 0.007787227 -0.01113998 0.01688945 0.007959961 -0.0125733 0.0194 0.007699966 -0.0115 0.02339994 0.007379949 -0.009939968 0.0194 0.007699966 -0.008999943 0.01469999 0.007379949 -0.008893311 0.01789999 0.007699966 -0.008999943 0.02339994 0.007379949 -0.00743997 0.0194 0.007699966 -0.006812453 0.01652854 0.007699966 -0.006499946 0.02339994 0.00927329 -0.0127328 0.01878231 0.008019983 -0.007643282 0.0194 0.00927329 -0.005239963 0.01851761 0.008775949 -0.013475 0.02254998 0.008775949 -0.004524946 0.02254998 -0.00279504 5.9232e-4 0.001765012 -0.002392351 5.41748e-4 0.002667725 -0.002530515 -0.001557588 0.001920998 -0.001672327 0.002284765 0.002293825 -9.83241e-4 -2.04178e-5 0.00102663 -3.59104e-4 0.001915872 0.001210451 -2.14588e-4 -0.001628756 0.002599954 -0.001441061 -1.68938e-4 0.01067703 -5.01788e-4 -0.002900958 0.002159416 3.59104e-4 -0.001915872 0.001210451 -6.13308e-4 -1.14615e-5 0.001799583 5.01788e-4 0.002900958 0.002159416 0.001441061 1.68938e-4 0.01067703 0.002452313 -4.3845e-4 0.002643346 4.15537e-4 -4.44466e-4 0.001150488 4.3078e-4 4.16908e-4 0.001217901 0.001672327 -0.002284765 0.002293825 0.001968979 8.18709e-4 0.001259565 0.002174317 0.00181955 0.00231558 0.00279504 -5.9232e-4 0.001765012 -0.001239776 -5.62729e-4 0.002599954 -0.001077413 -4.56823e-4 0.01059997 -4.65135e-4 0.001096963 0.01059997 0.001239776 -5.62729e-4 0.01059997 4.65136e-4 0.001096963 0.002599954 0.001077413 -4.56823e-4 0.002599954 -0.006415367 -0.02241921 0.004822254 -0.006196141 -0.02358227 0.005447685 -0.005753874 -0.02305781 0.004250705 -0.00518459 -0.02122253 0.005083858 -0.005572021 -0.02218645 0.02199995 -0.005759775 -0.02326989 0.02605652 -0.004919946 -0.02449625 0.004823446 -0.004899978 -0.02289998 0.004849135 -0.004768311 -0.02376836 0.02199995 -0.004258275 -0.02414441 0.005494475 -0.004040122 -0.02253007 0.02605652 -0.004046082 -0.02274209 0.004250705 -0.003620922 -0.02204948 0.005382299 -0.004032969 -0.02294784 0.02199995 -0.00338459 -0.02338069 0.004822254 -0.005762279 -0.02312022 0.02199995 -0.005587697 -0.02236789 0.02199995 -0.005217909 -0.02372831 0.02599996 -0.005212247 -0.02219802 0.02599996 -0.005013883 -0.0238015 0.02199995 -0.004786074 -0.02199846 0.02199995 -0.00421226 -0.02343207 0.02199995 -0.004198014 -0.02258771 0.02599996 -0.004037678 -0.02267974 0.02199995 -0.007441937 5.19966e-4 0.02701371 -0.007266342 0.004115164 0.02995085 -0.006964743 -0.004478454 0.02715545 -0.006793916 -0.004756152 0.02996373 -0.00520718 0.006529211 0.02717638 -0.006630897 7.51878e-4 0.02999997 -0.006301522 -8.21622e-4 0.02999997 -0.005698442 -8.21622e-4 0.02709996 -0.00455594 -7.24406e-4 0.02996701 -0.003539323 -0.001424193 0.02709001 -0.003687798 0.001351237 0.02990341 -0.002402186 0.002212107 0.02759289 -0.003427684 9.46585e-4 0.02703726 -0.002380788 -0.002240777 0.02757555 -0.002599298 0.001755535 0.02584904 -0.001604378 -0.002908408 0.02584916 -8.70974e-5 -0.008201062 0.02714824 -0.001370668 -0.007697701 0.03003221 -0.001487612 0.007898092 0.02993804 6.38436e-6 0.004143774 0.03002941 4.70035e-4 0.003564178 0.02701532 -2.49363e-4 -0.004138469 0.03007853 4.23233e-4 -0.003401875 0.02701616 0.001604378 0.002908408 0.02584916 -4.25068e-4 -0.006910979 0.02709996 -8.21622e-4 0.005698442 0.02709996 -4.25068e-4 0.006910979 0.02999997 0.001114189 -0.007768273 0.03012967 -3.01531e-4 -0.005178332 0.02709996 5.89943e-4 0.007567644 0.02702003 3.01531e-4 0.005178332 0.02709996 0.002402186 -0.002212107 0.02759289 0.002380788 0.002240777 0.02757555 8.21622e-4 -0.005698442 0.02709996 8.21622e-4 0.005698442 0.02999997 0.004378557 -0.001145184 0.02998805 0.006150662 0.005923509 0.0299682 0.004166007 0.001002073 0.03000748 0.002599298 -0.001755535 0.02584904 0.003623843 -4.74404e-4 0.02700781 0.007807672 -0.00346148 0.02713418 0.006294608 0.005167841 0.02716392 0.005178332 -3.01531e-4 0.02709996 0.005698442 8.21622e-4 0.02709996 0.006910979 -4.25068e-4 0.02709996 0.006910979 4.25068e-4 0.02999997 0.00768131 -0.002703964 0.02993792 -0.008696317 -0.01309818 0.01823329 -0.008644461 -0.01360625 0.02191996 -0.008959949 -0.006842494 0.0194 -0.008775949 -0.004524946 0.02254998 -0.008646667 -0.006428837 0.01789999 -0.00748533 -0.01303374 0.0194 -0.007858276 -0.004570662 0.01883745 -0.007571995 -0.01113271 0.01669996 -0.008019983 -0.010692 0.0194 -0.007699966 -0.0115 0.02339994 -0.007699966 -0.008999943 0.01469999 -0.007699966 -0.008999943 0.02339994 -0.007593333 -0.006813287 0.01642304 -0.007699966 -0.006499946 0.02339994 -0.007436394 -0.01352 0.02349996 -0.007400512 -0.004479944 0.02349996 -0.007379949 -0.01117998 0.0194 -0.007379949 -0.007643282 0.0194 -0.006961941 -0.004599988 0.0194 -0.01620513 0.01369565 0.03697431 -0.01318794 0.01299995 0.0257743 -0.01499998 0.01499998 0.02399998 -0.01318562 0.01499998 0.02720642 -0.01299977 0.0152775 0.03357613 -0.01299995 0.0151022 0.03692388 -0.01112085 0.03200966 0.03607589 -0.01299995 0.02999997 0.03899997 -0.01240199 0.03535407 0.03599995 -0.01173686 0.03405404 0.03899997 -0.01220637 0.01299995 0.0281856 -0.01153814 0.01499998 0.02573192 -0.01086741 0.01299995 0.02620732 -0.01146066 0.01499998 0.02815812 -0.009578347 0.03631758 0.03899997 -0.00932908 0.03194683 0.03899997 -0.01009726 0.0340895 0.03599995 -0.008461892 0.03406405 0.03899997 -0.006952702 0.03396445 0.03599995 -0.008910417 0.03309726 0.03599995 -0.008999943 0.01399999 0.02399998 -0.008274316 0.01299995 0.03148913 -0.00692743 0.0152114 0.03301364 -0.006753325 0.01555246 0.03693813 -0.006507039 0.02761495 0.03560227 -0.006543338 0.02761882 0.03860294 0.006863236 0.01521372 0.03301399 0.006743371 0.01551151 0.03695333 0.006543338 0.02761882 0.03560292 0.006507039 0.02761495 0.03860229 0.009063184 0.03558456 0.03599995 0.008105278 0.03442096 0.03899997 0.008387267 0.01299995 0.03138726 0.008999943 0.01399999 0.02399998 0.009736299 0.03200894 0.03606921 0.008946835 0.03232914 0.03899997 0.009902656 0.0340895 0.03599995 0.01240199 0.03535407 0.03899997 0.01109951 0.03275537 0.03899997 0.01173686 0.03405404 0.03599995 0.01153814 0.01299995 0.02573192 0.01086741 0.01499998 0.02620732 0.01146066 0.01299995 0.02815812 0.01220637 0.01499998 0.0281856 0.01318562 0.01299995 0.02720642 0.01318794 0.01499998 0.0257743 0.01299971 0.01522266 0.03356146 0.01299995 0.01515454 0.03690671 0.01299995 0.02999997 0.03899997 0.01499998 0.01299995 0.02399998 0.01620405 0.01387995 0.03694897 -0.02271634 0.006221473 1.76696e-7 -0.02323716 -0.003530263 0.001969933 -0.02147525 -0.009533166 6.98331e-4 -0.01784187 0.01470291 0.002159655 -0.01849997 -0.01299995 0.03566664 -0.01853579 -0.002444386 0.03703862 -0.01849997 0.002999961 0.03799998 -0.01860618 0.01299995 0.03692692 -0.01524323 0.01744461 3.10045e-7 -0.01329022 -0.01889628 0.006485283 -0.01312983 -0.01897883 0 -0.01298648 0.01901239 0.002001106 -0.01319593 0.01319652 0.007492244 -0.0111255 -0.02401226 0 -0.01264363 -0.02379202 0.03499996 -0.01299995 -0.01331341 0.03622043 -0.01299995 -0.01559478 0.01640516 -0.01311618 -0.01514959 0.03250139 -0.01305001 -0.002258837 0.0165041 -0.01300621 -0.002214193 0.03176474 -0.0129621 0.007999956 0.0261923 -0.0129621 0.01299995 0.02780765 -0.01103788 0.007999956 0.02780765 -0.01190268 0.01299995 0.02591043 -0.01485902 0.01481091 0.004330456 -0.01154994 -0.002999961 0.03949999 -0.01154994 0.002999961 0.03949999 -0.01064449 -0.01564157 0.02929431 -0.01059919 -0.002333462 0.0292738 -0.01091045 0.01299995 0.02709728 -0.01065623 0.006533741 0 -0.009748578 0.006633341 0.001269996 -0.00939697 -0.02372556 0.001269996 -0.008373498 -0.02046054 0.001269996 -0.009385347 -0.02397549 0.003999948 -0.00999999 -0.02449995 0.032 -0.00999999 -0.01562553 0.01646351 -0.00916928 -0.02132683 0.003999948 -0.00999999 -0.002463459 0.0163744 -0.009435415 0.009149193 0.003999948 -0.00999999 0.009599983 0.032 -0.008866548 0.009248554 0.001269996 -0.007551312 -0.01986712 0 -0.009355723 0.006868481 0.003999948 -0.007133364 0.005751371 0.001269996 -0.006402492 0.009092867 8.02105e-4 -0.005215704 0.02260977 7.67448e-4 -0.009057462 -0.002607107 0 -0.006920099 0.006315052 0.003999948 -0.00454384 -0.008514106 0.003999948 -0.006751179 -0.02381879 0.003999948 -0.006164252 -0.02258956 0.001269996 -0.006612837 -0.02468848 6.14516e-4 -0.005758345 0.006448745 0 -0.005626201 0.009599983 0.02442246 -0.005536735 0.009599983 0.03158366 -0.005537092 0.01299995 0.02433329 -0.005625724 0.01299995 0.03149467 0.004541516 -0.008518159 0 0.005259811 0.008420646 0 5.93843e-4 0.008919775 0.003999948 0.008187472 0.02206236 1.7864e-6 0.008085131 0.02184301 0.001950204 0.005537092 0.009599983 0.02433329 0.005625724 0.009599983 0.03149467 0.005626201 0.01299995 0.02442246 0.005536735 0.01299995 0.03158366 0.007957994 -0.004252076 0.003999948 0.007236182 0.004965007 0 0.00647521 0.006650924 0.003999948 0.006251335 0.006633341 0.001269996 0.005659461 -0.02352577 0 0.006589293 -0.02386772 0.001269996 0.007626473 -0.02046054 0.001269996 0.007133364 0.009248554 0.001269996 0.00844866 -0.01986712 0 0.006671309 -0.02238154 0.003999948 0.008984744 -0.02367311 0.003999948 0.008984744 0.006326854 0.003999948 0.009134769 -0.02123898 0.003999948 0.008866548 0.005751371 0.001269996 0.009459733 0.009044945 0.003999948 0.01026022 0.009083449 0 0.009888589 -0.02342069 0.001269996 0.009748578 0.008366584 0.001269996 0.01111376 -0.02403306 0 0.0150581 0.01499044 0.004056513 0.00999999 -0.02449995 0.003999948 0.01148223 -0.02436715 0.03484207 0.00999999 -0.01556915 0.01643079 0.01061689 -0.01566642 0.02927917 0.00999999 -0.002405166 0.01640516 0.01062047 -0.002355575 0.02928984 0.00999999 0.009599983 0.032 0.01103788 0.007999956 0.0261923 0.01091045 0.01299995 0.02690267 0.01190268 0.01299995 0.02808952 0.0129621 0.007999956 0.02780765 0.0129621 0.01299995 0.0261923 0.01154994 -0.002999961 0.03933328 0.01154994 0.002999961 0.03966665 0.01299995 -0.01361763 0.03599709 0.01629984 -0.01666605 -2.48315e-6 0.01329493 -0.01888358 0.00642842 0.01299995 -0.01564007 0.016429 0.01300102 -0.01553702 0.03190612 0.01309543 -0.002296268 0.01645851 0.01300579 -0.002221345 0.03175997 0.01322478 0.01322269 0.007432341 0.01710516 0.01538562 0.002407729 0.01833575 0.0141915 1.04501e-6 0.01807892 -0.01299995 0.03581577 0.02055507 -0.01094263 0.001841366 0.01849961 -0.002499997 0.03704965 0.01849997 0.002999961 0.03849995 0.01867246 0.01299995 0.03694069 0.02347308 0.001144826 5.978e-4 -0.01849997 -0.00846666 0.234 -0.01763039 -0.01299995 0.2512432 -0.01849997 -0.005428552 0.24 -0.01766341 -0.006399989 0.2513468 -0.01766341 -0.006199955 0.2226532 -0.01718008 -0.002999961 0.2246773 -0.01827299 0.002999961 0.2246687 -0.01849997 0.005999982 0.2376 -0.01763039 0.006199955 0.2227568 -0.01763039 0.006399989 0.2512432 -0.01849997 0.01299995 0.234 -0.01766341 0.01299995 0.2513468 -0.0160405 0.002999961 0.2238776 -0.01081109 -0.002999961 0.2185059 -0.01211363 0.002999961 0.2193862 -0.01422923 -0.002999961 0.2319567 -0.01435291 0.002999961 0.2317141 -0.01422858 -0.01299995 0.2489189 -0.01422858 -0.006399989 0.245081 -0.01422858 0.006399989 0.248919 -0.01422858 0.01299995 0.245081 -0.01341891 -0.01299995 0.2442713 -0.01341891 -0.006399989 0.2497286 -0.01341891 0.006399989 0.2442713 -0.01341891 0.01299995 0.2497286 -0.009867489 -0.01299995 0.2550613 -0.01076894 -0.006399989 0.2549628 -0.01042324 0.006399989 0.2550011 -0.01076894 0.01299995 0.2549628 -0.01010686 -0.002999961 0.2219293 -0.01250976 -0.006199955 0.2261523 -0.01264393 0.006199955 0.2268982 -0.01160174 0.006199955 0.2281439 -0.01139819 -0.006199955 0.2281439 -0.01049017 0.006199955 0.2261523 -0.01147109 -0.002999961 0.2393466 -0.01142191 0.002999961 0.2393577 -0.01154994 -0.01299995 0.2343333 -0.01142191 -0.006399989 0.2393577 -0.01154994 -0.006199955 0.2346667 -0.01154994 0.006199955 0.2346667 -0.01153534 0.006399989 0.2395001 -0.01154994 0.01299995 0.2343333 -0.009581029 -0.01299995 0.2497286 -0.009581029 -0.006399989 0.2442713 -0.008500635 -0.006199955 0.2190916 -0.008712172 0.002999961 0.2224032 -0.009256362 0.006199955 0.218957 -0.009581029 0.006399989 0.2497286 -0.009581029 0.01299995 0.2442713 -0.008771359 -0.01299995 0.245081 -0.008771359 -0.006399989 0.248919 -0.008771359 0.006399989 0.245081 -0.008771359 0.01299995 0.2489189 -0.010356 -0.006199955 0.2268982 -0.006197273 0.002999961 0.2204713 -0.005585789 0.006398081 0.2408645 -0.006435155 0.002833008 0.2291133 -0.005503952 -0.006399273 0.2413206 -0.004641473 -0.002687275 0.2421447 -0.005381047 0.002954959 0.2414858 -0.005928814 -0.002809345 0.2275675 -0.004195213 -0.01299995 0.2344384 -0.004061579 -0.006199955 0.2343047 -0.004061579 0.006199955 0.2343047 -0.004195213 0.01299995 0.2344384 -0.003059923 -0.006399989 0.2481092 -0.004260063 0.01299995 0.2509272 -0.003138184 0.006399393 0.2477844 -0.003808259 0.00209546 0.2268015 -0.003719449 -0.00217396 0.2267041 -0.003086268 -0.01299995 0.2473269 -0.003388047 0.006557583 0.226748 -0.003431439 5.50683e-4 0.2468791 -0.003456056 -0.006723046 0.2267914 -1.82835e-4 0.0129444 0.2469915 3.50001e-4 -0.01290506 0.2268 1.82837e-4 -0.0129553 0.2469917 3.50001e-4 0.01290506 0.2268 0.004195213 -0.01299995 0.2344384 0.003138184 -0.006399571 0.2477844 0.003328204 -0.006199777 0.2267609 0.004061579 -0.006199955 0.2343047 0.003813982 -0.002042651 0.2268164 0.003714382 0.002207636 0.2266917 0.003412842 5.16919e-4 0.2468894 0.003439664 0.006200015 0.2267818 0.004107713 0.006199955 0.2343922 0.003059923 0.006399989 0.2481092 0.004146158 0.01299995 0.2343538 0.003086268 0.01299995 0.2473269 0.004756927 -0.002764225 0.242071 0.004260063 -0.01299995 0.2509272 0.005585789 -0.006398081 0.2408645 0.005503952 0.006399154 0.2413206 0.006197273 -0.002999961 0.2204713 0.008500635 0.006199955 0.2190916 0.005460619 0.002969563 0.2413786 0.009256362 -0.006199955 0.218957 0.005866527 0.002818584 0.2272948 0.007147014 -0.003142893 0.2233133 0.009867489 0.01299995 0.2550613 0.01081109 0.002999961 0.2185059 0.01042324 -0.006399989 0.2550011 0.007549345 -0.002999961 0.2304707 0.01076894 -0.01299995 0.2549628 0.01076894 0.006399989 0.2549628 0.01010686 0.002999961 0.2219293 0.008771359 -0.01299995 0.2489189 0.008771359 -0.006399989 0.245081 0.008771359 0.006399989 0.248919 0.008771359 0.01299995 0.245081 0.009581029 -0.01299995 0.2442713 0.009581029 -0.006399989 0.2497286 0.009581029 0.006399989 0.2442713 0.009581029 0.01299995 0.2497286 0.01422923 0.002999961 0.2319567 0.01142191 -0.002999961 0.2393577 0.01147109 0.002999961 0.2393466 0.01142191 0.006399989 0.2393577 0.01049017 -0.006199955 0.2261523 0.010356 0.006199955 0.2268982 0.01139819 0.006199955 0.2281439 0.01435291 -0.002999961 0.2317141 0.01160174 -0.006199955 0.2281439 0.01250976 0.006199955 0.2261523 0.01341891 -0.01299995 0.2497286 0.01153534 -0.006399989 0.2395001 0.01341891 -0.006399989 0.2442713 0.01211363 -0.002999961 0.2193862 0.01341891 0.006399989 0.2497286 0.01341891 0.01299995 0.2442713 0.01154994 -0.01299995 0.2343333 0.01154994 -0.006199955 0.2346667 0.01154994 0.006199955 0.2343333 0.01154994 0.01299995 0.2346667 0.01422858 -0.01299995 0.245081 0.01422858 -0.006399989 0.248919 0.01422858 0.006399989 0.245081 0.01422858 0.01299995 0.2489189 0.01264393 -0.006199955 0.2268982 0.0160405 -0.002999961 0.2238776 0.01718008 0.002999961 0.2246773 0.01766341 -0.01299995 0.2513468 0.01763039 -0.006399989 0.2512432 0.01763039 -0.006199955 0.2227568 0.01766341 0.006199955 0.2226532 0.01766341 0.006399989 0.2513468 0.01763039 0.01299995 0.2512432 0.01827299 -0.002999961 0.2246687 0.01849997 -0.01299995 0.234 0.01849997 -0.005999982 0.2376 0.01849997 0.005428552 0.24 0.01849997 0.00846666 0.234 -0.01849997 -0.00846666 0.214 -0.01731252 -0.01299995 0.2319091 -0.01849997 -0.005428552 0.22 -0.01812058 -0.006399989 0.2299994 -0.01812058 -0.006199955 0.2040006 -0.01737833 -0.002999961 0.2050399 -0.01745259 0.002999961 0.2080293 -0.01849997 0.005999982 0.2176 -0.01731252 0.006199955 0.2020909 -0.01731252 0.006399989 0.2319091 -0.01849997 0.01299995 0.214 -0.01812058 0.01299995 0.2299994 -0.0164783 0.002999961 0.2017147 -0.01081079 -0.002999961 0.1985062 -0.01093691 -0.006399989 0.2350143 -0.01167255 -0.006199955 0.1994746 -0.01093691 0.01299995 0.2350143 -0.01171481 -0.002999961 0.2126542 -0.01422858 -0.01299995 0.2289189 -0.01422858 -0.006399989 0.225081 -0.01422858 0.006399989 0.2289189 -0.01422858 0.01299995 0.225081 -0.01341891 -0.01299995 0.2242714 -0.01341891 -0.006399989 0.2297286 -0.01341891 0.006399989 0.2242714 -0.01341891 0.01299995 0.2297286 -0.008770704 0.002999961 0.2119567 -0.0101068 -0.002999961 0.2019293 -0.01264393 -0.006199955 0.2071018 -0.01250976 0.006199955 0.2078477 -0.01160174 -0.006199955 0.205856 -0.01049017 -0.006199955 0.2078477 -0.01139819 0.006199955 0.205856 -0.01147109 -0.002999961 0.2193467 -0.01142191 0.002999961 0.2193577 -0.01154994 -0.01299995 0.2143333 -0.01142191 -0.006399989 0.2193577 -0.01154994 -0.006199955 0.2146667 -0.01154994 0.006199955 0.2146667 -0.01153534 0.006399989 0.2195001 -0.01154994 0.01299995 0.2143333 -0.009581029 -0.01299995 0.2297286 -0.01126182 -0.01299995 0.2348933 -0.009581029 -0.006399989 0.2242714 -0.01173305 0.002999961 0.200437 -0.00718975 0.003117084 0.2032344 -0.009347975 0.006199955 0.1988523 -0.009581029 0.006399989 0.2297286 -0.01061731 0.006399989 0.2351863 -0.009581029 0.01299995 0.2242714 -0.008771359 -0.01299995 0.225081 -0.008771359 -0.006399989 0.2289189 -0.008771359 0.006399989 0.225081 -0.008771359 0.01299995 0.2289189 -0.010356 0.006199955 0.2071018 -0.006162881 -0.006199955 0.2004938 -0.006197273 0.002999961 0.2004713 -0.005585789 0.006398081 0.2208644 -0.005503952 -0.006399273 0.2213206 -0.004641473 -0.002687275 0.2221446 -0.005381047 0.002954959 0.2214858 -0.003191828 -0.01299995 0.2293052 -0.006157219 -0.00292617 0.2063062 -0.004195213 -0.01299995 0.2144383 -0.004061579 -0.006199955 0.2143048 -0.004061579 0.006199955 0.2143048 -0.004195213 0.01299995 0.2144383 -0.003059923 -0.006399989 0.2281092 -0.004260063 0.01299995 0.2309271 -0.003138184 0.006399452 0.2277843 -0.003808796 0.002096593 0.2067999 -0.003718376 -0.002171576 0.2067084 -0.003388106 0.006577491 0.206748 -0.003431439 5.50684e-4 0.226879 -0.003455638 -0.006624937 0.2067914 -1.82835e-4 0.01294702 0.2269915 3.50001e-4 -0.01290506 0.2068 1.82836e-4 -0.01294821 0.2269917 3.50001e-4 0.01290506 0.2068 0.004195213 -0.01299995 0.2144383 0.003138184 -0.006399393 0.2277843 0.003334462 -0.006199777 0.2067297 0.004061579 -0.006199955 0.2143048 0.003814935 -0.002045154 0.2068131 0.00371319 0.002204537 0.2066972 0.003412842 5.16918e-4 0.2268894 0.003439664 0.006200015 0.2067818 0.004107713 0.006199955 0.2143923 0.003059923 0.006399989 0.2281092 0.004146158 0.01299995 0.2143537 0.002975821 0.01299995 0.2277681 0.004756927 -0.002764225 0.222071 0.004260063 -0.01299995 0.2309271 0.005585789 -0.006398081 0.2208644 0.005503952 0.006399154 0.2213206 0.006197273 -0.002999961 0.2004713 0.006162881 0.006199955 0.2004938 0.005460619 0.002969563 0.2213786 0.009347975 -0.006199955 0.1988523 0.006125211 0.002948522 0.2061864 0.007147014 -0.003142893 0.2033133 0.01081079 0.002999961 0.1985062 0.01061731 -0.006399989 0.2351863 0.01061737 0.01299995 0.2351864 0.008770704 -0.002999961 0.2119567 0.01093691 -0.01299995 0.2350143 0.01093691 0.006399989 0.2350143 0.01171481 0.002999961 0.2126542 0.0101068 0.002999961 0.2019293 0.008771359 -0.01299995 0.2289189 0.008771359 -0.006399989 0.225081 0.008771359 0.006399989 0.2289189 0.008771359 0.01299995 0.225081 0.009581029 -0.01299995 0.2242714 0.009581029 -0.006399989 0.2297286 0.009581029 0.006399989 0.2242714 0.009581029 0.01299995 0.2297286 0.01142191 -0.002999961 0.2193577 0.01147109 0.002999961 0.2193467 0.01142191 0.006399989 0.2193577 0.010356 -0.006199955 0.2071018 0.01049017 0.006199955 0.2078477 0.01139819 -0.006199955 0.205856 0.01250976 -0.006199955 0.2078477 0.01160174 0.006199955 0.205856 0.01341891 -0.01299995 0.2297286 0.01153534 -0.006399989 0.2195001 0.01341891 -0.006399989 0.2242714 0.01167255 0.006199955 0.1994746 0.01341891 0.006399989 0.2297286 0.01341891 0.01299995 0.2242714 0.01154994 -0.01299995 0.2143333 0.01154994 -0.006199955 0.2146667 0.01154994 0.006199955 0.2143333 0.01154994 0.01299995 0.2146667 0.01422858 -0.01299995 0.225081 0.01422858 -0.006399989 0.2289189 0.01422858 0.006399989 0.225081 0.01422858 0.01299995 0.2289189 0.01264393 0.006199955 0.2071018 0.01173305 -0.002999961 0.200437 0.01731252 -0.006399989 0.2319091 0.01731252 -0.006199955 0.2020909 0.01731252 0.01299995 0.2319091 0.01737833 0.002999961 0.2050399 0.0164783 -0.002999961 0.2017147 0.01745259 -0.002999961 0.2080293 0.01812058 -0.01299995 0.2299994 0.01812058 0.006199955 0.2040006 0.01812058 0.006399989 0.2299994 0.01849997 -0.01299995 0.214 0.01849997 -0.005999982 0.2176 0.01849997 0.005428552 0.22 0.01849997 0.00846666 0.214 -0.01849997 -0.00846666 0.194 -0.01763039 -0.01299995 0.2112432 -0.01849997 -0.005428552 0.2 -0.01766341 -0.006399989 0.2113468 -0.01812058 -0.006199955 0.1840006 -0.01737833 -0.002999961 0.1850399 -0.01745259 0.002999961 0.1880294 -0.01849997 0.005833327 0.2 -0.01731252 0.006199955 0.1820909 -0.01849997 0.006199955 0.194 -0.01763039 0.006399989 0.2112432 -0.01849997 0.01299995 0.194 -0.01766341 0.01299995 0.2113468 -0.0164783 0.002999961 0.1817147 -0.01081079 -0.002999961 0.1785062 -0.01167255 -0.006199955 0.1794747 -0.01171481 -0.002999961 0.1926543 -0.01422858 -0.01299995 0.2089189 -0.01422858 -0.006399989 0.205081 -0.01422858 0.006399989 0.2089189 -0.01422858 0.01299995 0.205081 -0.01341891 -0.01299995 0.2042714 -0.01341891 -0.006399989 0.2097286 -0.01341891 0.006399989 0.2042714 -0.01341891 0.01299995 0.2097286 -0.01132696 0.002999961 0.1921579 -0.009867489 -0.01299995 0.2150613 -0.01076894 -0.006399989 0.2149627 -0.01042324 0.006399989 0.2150011 -0.01029783 0.01299995 0.2150641 -0.0101068 -0.002999961 0.1819293 -0.01264393 -0.006199955 0.1871017 -0.01264393 0.006199955 0.1868982 -0.0106523 -0.006199955 0.1859902 -0.01160174 0.006199955 0.188144 -0.01139819 -0.006199955 0.188144 -0.01049017 0.006199955 0.1861523 -0.01147109 -0.002999961 0.1993466 -0.01142191 0.002999961 0.1993577 -0.01154994 -0.01299995 0.1943333 -0.01142191 -0.006399989 0.1993577 -0.01154994 -0.006199955 0.1946666 -0.01154994 0.006199955 0.1946666 -0.01153534 0.006399989 0.1995001 -0.01154994 0.01299995 0.1943333 -0.009581029 -0.01299995 0.2097286 -0.009581029 -0.006399989 0.2042714 -0.0111742 0.002999961 0.1807088 -0.009347975 0.006199955 0.1788523 -0.009581029 0.006399989 0.2097286 -0.009581029 0.01299995 0.2042714 -0.008771359 -0.01299995 0.205081 -0.008771359 -0.006399989 0.2089189 -0.008771359 0.006399989 0.205081 -0.008771359 0.01299995 0.2089189 -0.006162941 -0.006199955 0.1804937 -0.006197273 0.002999961 0.1804713 -0.00558561 0.006398022 0.2008646 -0.005503952 -0.006399273 0.2013207 -0.004641473 -0.002687275 0.2021446 -0.005381047 0.002954959 0.2014859 -0.006325483 0.002849876 0.1883934 -0.006157517 -0.002927422 0.1863048 -0.004195213 -0.01299995 0.1944383 -0.004061579 -0.006199955 0.1943048 -0.004061579 0.006199955 0.1943048 -0.004195153 0.01299995 0.1944383 -0.003059923 -0.006399989 0.2081092 -0.003138124 0.006399452 0.2077844 -0.002956628 0.01299995 0.2074744 -0.003808796 0.002096593 0.1867999 -0.003711879 -0.00215137 0.1867153 -0.003086268 -0.01299995 0.2073269 -0.00337553 0.006199657 0.1867321 -0.003431439 5.50683e-4 0.206879 -0.00345534 -0.006557881 0.1867913 -3.50001e-4 0.01290506 0.1868 3.50001e-4 -0.01290506 0.1868 0 -0.01292645 0.207 0 0.01291859 0.207 0.004195153 -0.01299995 0.1944383 0.002956628 -0.01299995 0.2074744 0.003138124 -0.006399571 0.2077844 0.003371298 -0.006199657 0.1867561 0.004061579 -0.006199955 0.1943048 0.003808796 -0.002096593 0.1867999 0.003717541 0.002166092 0.1867097 0.003412842 5.16914e-4 0.2068894 0.003464639 0.00657773 0.186791 0.004107713 0.006199955 0.1943923 0.003059923 0.006399989 0.2081092 0.004146158 0.01299995 0.1943538 0.003086268 0.01299995 0.2073269 0.004757881 -0.002756774 0.2020698 0.00558561 -0.006398022 0.2008646 0.005503952 0.006399393 0.2013207 0.006197273 -0.002999961 0.1804713 0.006162941 0.006199955 0.1804937 0.005429625 0.002959072 0.2014088 0.009347975 -0.006199955 0.1788523 0.00615698 0.002925217 0.1863032 0.009867489 0.01299995 0.2150613 0.01081079 0.002999961 0.1785062 0.006325483 -0.002849876 0.1883934 0.01029783 -0.01299995 0.2150641 0.01042324 -0.006399989 0.2150011 0.0111742 -0.002999961 0.1807088 0.01076894 0.006399989 0.2149627 0.01171481 0.002999961 0.1926543 0.0101068 0.002999961 0.1819293 0.008771359 -0.01299995 0.2089189 0.008771359 -0.006399989 0.205081 0.008771359 0.006399989 0.2089189 0.008771359 0.01299995 0.205081 0.009581029 -0.01299995 0.2042714 0.009581029 -0.006399989 0.2097286 0.009581029 0.006399989 0.2042714 0.009581029 0.01299995 0.2097286 0.01132696 -0.002999961 0.1921579 0.01142191 -0.002999961 0.1993577 0.01147109 0.002999961 0.1993466 0.01142191 0.006399989 0.1993577 0.010356 -0.006199955 0.1871017 0.010356 0.006199955 0.1868982 0.01234763 -0.006199955 0.1859902 0.01139819 0.006199955 0.188144 0.01160174 -0.006199955 0.188144 0.01250976 0.006199955 0.1861523 0.01341891 -0.01299995 0.2097286 0.01153534 -0.006399989 0.1995001 0.01341891 -0.006399989 0.2042714 0.01167255 0.006199955 0.1794747 0.01341891 0.006399989 0.2097286 0.01341891 0.01299995 0.2042714 0.01154994 -0.01299995 0.1943333 0.01154994 -0.006199955 0.1946666 0.01154994 0.006199955 0.1943333 0.01154994 0.01299995 0.1946666 0.01422858 -0.01299995 0.205081 0.01422858 -0.006399989 0.2089189 0.01422858 0.006399989 0.205081 0.01422858 0.01299995 0.2089189 0.01731252 -0.006199955 0.1820909 0.01737833 0.002999961 0.1850399 0.01766341 -0.01299995 0.2113468 0.01763039 -0.006399989 0.2112432 0.0164783 -0.002999961 0.1817147 0.01766341 0.006399989 0.2113468 0.01763039 0.01299995 0.2112432 0.01745259 -0.002999961 0.1880294 0.01812058 0.006199955 0.1840006 0.01849997 -0.01299995 0.194 0.01849997 -0.005833327 0.2 0.01849997 -0.006199955 0.194 0.01849997 0.005428552 0.2 0.01849997 0.00846666 0.194 -0.01849997 -0.00846666 0.174 -0.01731252 -0.01299995 0.1919091 -0.01849997 -0.005428552 0.18 -0.01812058 -0.006399989 0.1899994 -0.01812058 -0.006199955 0.1640006 -0.01737833 -0.002999961 0.1650399 -0.01745259 0.002999961 0.1680293 -0.01849997 0.005833327 0.18 -0.01731252 0.006199955 0.1620908 -0.01849997 0.006199955 0.174 -0.01731252 0.006399989 0.1919091 -0.01849997 0.01299995 0.174 -0.01812058 0.01299995 0.1899994 -0.0164783 0.002999961 0.1617147 -0.01081079 -0.002999961 0.1585062 -0.01093691 -0.006399989 0.1950144 -0.01167255 -0.006199955 0.1594746 -0.01093691 0.01299995 0.1950144 -0.01171481 -0.002999961 0.1726543 -0.01422858 -0.01299995 0.188919 -0.01422858 -0.006399989 0.185081 -0.01422858 0.006399989 0.188919 -0.01422858 0.01299995 0.185081 -0.01341891 -0.01299995 0.1842713 -0.01341891 -0.006399989 0.1897286 -0.01341891 0.006399989 0.1842713 -0.01341891 0.01299995 0.1897286 -0.008770704 0.002999961 0.1719567 -0.01010686 -0.002999961 0.1619293 -0.01264393 -0.006199955 0.1671018 -0.01264393 0.006199955 0.1668982 -0.0106523 -0.006199955 0.1659902 -0.01160174 0.006199955 0.1681439 -0.01139819 -0.006199955 0.1681439 -0.01049017 0.006199955 0.1661523 -0.01147109 -0.002999961 0.1793466 -0.01142191 0.002999961 0.1793577 -0.01154994 -0.01299995 0.1743333 -0.01142191 -0.006399989 0.1793577 -0.01154994 -0.006199955 0.1746667 -0.01154994 0.006199955 0.1746667 -0.01153534 0.006399989 0.1795001 -0.01154994 0.01299995 0.1743333 -0.009581029 -0.01299995 0.1897286 -0.01002699 -0.01299995 0.1952226 -0.009581029 -0.006399989 0.1842713 -0.01173305 0.002999961 0.160437 -0.00718975 0.003117084 0.1632344 -0.009347975 0.006199955 0.1588523 -0.009581029 0.006399989 0.1897286 -0.01002699 0.006399989 0.1952226 -0.009581029 0.01299995 0.1842713 -0.008771359 -0.01299995 0.185081 -0.008771359 -0.006399989 0.188919 -0.008771359 0.006399989 0.185081 -0.008771359 0.01299995 0.188919 -0.006162881 -0.006199955 0.1604937 -0.006197273 0.002999961 0.1604713 -0.00558561 0.006398022 0.1808646 -0.005503952 -0.006399273 0.1813206 -0.004641473 -0.002687275 0.1821446 -0.005381047 0.002954959 0.1814858 -0.006157219 -0.00292617 0.1663061 -0.004195213 -0.01299995 0.1744384 -0.004061579 -0.006199955 0.1743047 -0.004061579 0.006199955 0.1743048 -0.004195153 0.01299995 0.1744384 -0.003059923 -0.006399989 0.1881092 -0.004260063 0.01299995 0.1909271 -0.003808319 0.00209546 0.1668015 -0.003719449 -0.00217396 0.1667041 -0.003086268 -0.01299995 0.1873269 -0.003257572 0.006399512 0.1874685 -0.003388941 0.006557583 0.1667425 -0.003431439 5.50684e-4 0.186879 -0.003456056 -0.006723046 0.1667914 -1.82836e-4 0.0129444 0.1869917 3.50001e-4 -0.01290506 0.1668 1.82836e-4 -0.0129553 0.1869917 3.50001e-4 0.01290506 0.1668 0.004195153 -0.01299995 0.1744384 0.003242075 -0.006399571 0.1873756 0.003371298 -0.006199657 0.1667561 0.004061579 -0.006199955 0.1743048 0.0038082 -0.002095282 0.1668018 0.003717482 0.002166032 0.1667097 0.003411531 5.14536e-4 0.1869039 0.00345844 0.006199896 0.1667802 0.004107713 0.006199955 0.1743922 0.003091514 0.006400108 0.1882796 0.004146158 0.01299995 0.1743538 0.003086268 0.01299995 0.1873269 0.004757881 -0.002756774 0.1820698 0.004260063 -0.01299995 0.1909271 0.00558561 -0.006398022 0.1808646 0.005503952 0.006399154 0.1813206 0.006197273 -0.002999961 0.1604713 0.006162881 0.006199955 0.1604937 0.005429625 0.002959072 0.1814088 0.009347975 -0.006199955 0.1588523 0.00615698 0.002925217 0.1663032 0.01002699 -0.006399989 0.1952226 0.01002699 0.01299995 0.1952226 0.01081079 0.002999961 0.1585062 0.00718975 -0.003117084 0.1632344 0.008770704 -0.002999961 0.1719567 0.01093691 -0.01299995 0.1950144 0.01093691 0.006399989 0.1950144 0.01171481 0.002999961 0.1726543 0.01010686 0.002999961 0.1619293 0.008771359 -0.01299995 0.188919 0.008771359 -0.006399989 0.185081 0.008771359 0.006399989 0.188919 0.008771359 0.01299995 0.185081 0.009581029 -0.01299995 0.1842713 0.009581029 -0.006399989 0.1897286 0.009581029 0.006399989 0.1842713 0.009581029 0.01299995 0.1897286 0.01142191 -0.002999961 0.1793577 0.01147109 0.002999961 0.1793466 0.01142191 0.006399989 0.1793577 0.010356 -0.006199955 0.1671018 0.010356 0.006199955 0.1668982 0.01234763 -0.006199955 0.1659902 0.01139819 0.006199955 0.1681439 0.01160174 -0.006199955 0.1681439 0.01250976 0.006199955 0.1661523 0.01341891 -0.01299995 0.1897286 0.01153534 -0.006399989 0.1795001 0.01341891 -0.006399989 0.1842713 0.01167255 0.006199955 0.1594746 0.01341891 0.006399989 0.1897286 0.01341891 0.01299995 0.1842713 0.01154994 -0.01299995 0.1743333 0.01154994 -0.006199955 0.1746667 0.01154994 0.006199955 0.1743333 0.01154994 0.01299995 0.1746667 0.01422858 -0.01299995 0.185081 0.01422858 -0.006399989 0.188919 0.01422858 0.006399989 0.185081 0.01422858 0.01299995 0.188919 0.01173305 -0.002999961 0.160437 0.01731252 -0.006399989 0.1919091 0.01731252 -0.006199955 0.1620908 0.01731252 0.01299995 0.1919091 0.01737833 0.002999961 0.1650399 0.0164783 -0.002999961 0.1617147 0.01745259 -0.002999961 0.1680293 0.01812058 -0.01299995 0.1899994 0.01812058 0.006199955 0.1640006 0.01812058 0.006399989 0.1899994 0.01849997 -0.01299995 0.174 0.01849997 -0.005833327 0.18 0.01849997 -0.006199955 0.174 0.01849997 0.005428552 0.18 0.01849997 0.00846666 0.174 -0.01849997 -0.00846666 0.154 -0.01731252 -0.01299995 0.1719091 -0.01849997 -0.005428552 0.16 -0.01812058 -0.006399989 0.1699994 -0.01766341 -0.006199955 0.1426532 -0.01737833 -0.002999961 0.1450399 -0.01827299 0.002999961 0.1446686 -0.01849997 0.005999982 0.1576 -0.01763039 0.006199955 0.1427568 -0.01731252 0.006399989 0.1719091 -0.01849997 0.01299995 0.154 -0.01812058 0.01299995 0.1699994 -0.0160405 0.002999961 0.1438776 -0.01081115 -0.002999961 0.1385059 -0.01211363 0.002999961 0.1393862 -0.01435285 0.002999961 0.1517142 -0.01093691 -0.006399989 0.1750143 -0.01050436 0.01299995 0.1751571 -0.01171481 -0.002999961 0.1526542 -0.01422858 -0.01299995 0.1689189 -0.01422858 -0.006399989 0.165081 -0.01422858 0.006399989 0.1689189 -0.01422858 0.01299995 0.165081 -0.01341891 -0.01299995 0.1642714 -0.01341891 -0.006399989 0.1697286 -0.01341891 0.006399989 0.1642714 -0.01341891 0.01299995 0.1697286 -0.01010686 -0.002999961 0.1419293 -0.01264393 -0.006199955 0.1471018 -0.01250976 0.006199955 0.1478477 -0.01160174 -0.006199955 0.145856 -0.01049017 -0.006199955 0.1478477 -0.01139819 0.006199955 0.145856 -0.01147109 -0.002999961 0.1593466 -0.01142191 0.002999961 0.1593577 -0.01154994 -0.01299995 0.1543333 -0.01142191 -0.006399989 0.1593577 -0.01154994 -0.006199955 0.1546667 -0.01154994 0.006199955 0.1546667 -0.01153534 0.006399989 0.1595001 -0.01154994 0.01299995 0.1543333 -0.009581029 -0.01299995 0.1697286 -0.01002699 -0.01299995 0.1752226 -0.009581029 -0.006399989 0.1642714 -0.008500635 -0.006199955 0.1390916 -0.008712172 0.002999961 0.1424033 -0.009256362 0.006199955 0.138957 -0.009581029 0.006399989 0.1697286 -0.01002699 0.006399989 0.1752226 -0.009581029 0.01299995 0.1642714 -0.008771359 -0.01299995 0.165081 -0.008771359 -0.006399989 0.1689189 -0.008771359 0.006399989 0.165081 -0.008771359 0.01299995 0.1689189 -0.010356 0.006199955 0.1471018 -0.006197273 0.002999961 0.1404713 -0.005585789 0.006398081 0.1608644 -0.006435155 0.002833008 0.1491133 -0.005503952 -0.006399273 0.1613206 -0.004641473 -0.002687275 0.1621446 -0.005381047 0.002954959 0.1614858 -0.006157517 -0.002927422 0.1463047 -0.004195153 -0.01299995 0.1544383 -0.004061579 -0.006199955 0.1543048 -0.004061579 0.006199955 0.1543048 -0.004195153 0.01299995 0.1544383 -0.003059923 -0.006399989 0.1681092 -0.002925157 0.01299995 0.1673913 -0.003808796 0.002096593 0.1467999 -0.003710091 -0.002147197 0.1467226 -0.003086268 -0.01299995 0.1673269 -0.003257572 0.006399512 0.1674685 -0.003374099 0.006199657 0.1467403 -0.003431439 5.50687e-4 0.166879 -0.003456115 -0.006723046 0.1467907 -3.50001e-4 0.01290506 0.1468 3.50001e-4 -0.01290506 0.1468 0 -0.01292645 0.1669999 0 0.01291859 0.1669999 0.004195153 -0.01299995 0.1544383 0.002956628 -0.01299995 0.1674743 0.003242075 -0.006399571 0.1673756 0.003374099 -0.006199657 0.1467403 0.004061579 -0.006199955 0.1543048 0.003808796 -0.002096593 0.1467999 0.003711581 0.002200305 0.1467044 0.003411531 5.14538e-4 0.1669039 0.003450214 0.006577789 0.1467912 0.004107713 0.006199955 0.1543923 0.003091514 0.006400108 0.1682797 0.004146158 0.01299995 0.1543537 0.003086268 0.01299995 0.1673269 0.004757761 -0.002756714 0.16207 0.005585789 -0.006398081 0.1608644 0.005503952 0.006399154 0.1613206 0.006197273 -0.002999961 0.1404713 0.008500635 0.006199955 0.1390916 0.005460619 0.002969563 0.1613786 0.009256362 -0.006199955 0.138957 0.006125211 0.002948522 0.1461864 0.01002699 -0.006399989 0.1752226 0.01002699 0.01299995 0.1752226 0.01081115 0.002999961 0.1385059 0.006435155 -0.002833008 0.1491133 0.01050436 -0.01299995 0.1751571 0.008712172 -0.002999961 0.1424033 0.01093691 0.006399989 0.1750143 0.01171481 0.002999961 0.1526542 0.01010686 0.002999961 0.1419293 0.008771359 -0.01299995 0.1689189 0.008771359 -0.006399989 0.165081 0.008771359 0.006399989 0.1689189 0.008771359 0.01299995 0.165081 0.009581029 -0.01299995 0.1642714 0.009581029 -0.006399989 0.1697286 0.009581029 0.006399989 0.1642714 0.009581029 0.01299995 0.1697286 0.01142191 -0.002999961 0.1593577 0.01147109 0.002999961 0.1593466 0.01142191 0.006399989 0.1593577 0.010356 -0.006199955 0.1471018 0.01049017 0.006199955 0.1478477 0.01139819 -0.006199955 0.145856 0.01435285 -0.002999961 0.1517142 0.01250976 -0.006199955 0.1478477 0.01160174 0.006199955 0.145856 0.01341891 -0.01299995 0.1697286 0.01153534 -0.006399989 0.1595001 0.01341891 -0.006399989 0.1642714 0.01211363 -0.002999961 0.1393862 0.01341891 0.006399989 0.1697286 0.01341891 0.01299995 0.1642714 0.01154994 -0.01299995 0.1543333 0.01154994 -0.006199955 0.1546667 0.01154994 0.006199955 0.1543333 0.01154994 0.01299995 0.1546667 0.01422858 -0.01299995 0.165081 0.01422858 -0.006399989 0.1689189 0.01422858 0.006399989 0.165081 0.01422858 0.01299995 0.1689189 0.01264393 0.006199955 0.1471018 0.0160405 -0.002999961 0.1438776 0.01731252 -0.006399989 0.1719091 0.01731252 0.01299995 0.1719091 0.01737833 0.002999961 0.1450399 0.01763039 -0.006199955 0.1427568 0.01766341 0.006199955 0.1426532 0.01812058 -0.01299995 0.1699994 0.01812058 0.006399989 0.1699994 0.01827299 -0.002999961 0.1446686 0.01849997 -0.01299995 0.154 0.01849997 -0.005999982 0.1576 0.01849997 0.005428552 0.16 0.01849997 0.00846666 0.154</float_array>
          <technique_common>
            <accessor source="#Shape_IndexedFaceSet_270-mesh-positions-array" count="2320" stride="3">
              <param name="X" type="float"/>
              <param name="Y" type="float"/>
              <param name="Z" type="float"/>
            </accessor>
          </technique_common>
        </source>
        <source id="Shape_IndexedFaceSet_270-mesh-normals">
          <float_array id="Shape_IndexedFaceSet_270-mesh-normals-array" count="24843">-0.3476834 0.0270915 0.9372206 -0.3483904 0.01379275 0.9372482 -0.4988804 -0.01044815 0.8666079 -0.3880341 0.02070569 0.9214125 -0.5347796 -0.0287857 0.8445013 -0.535921 -0.01440018 0.8441454 0.9627459 -0.06727623 0.2619051 0.9158568 -0.02548617 0.4006953 0.9147479 -0.03009402 0.402903 0.7652566 0.2207649 0.6046862 0.7647764 0.2161242 0.6069657 0.6636306 0.2260056 0.713103 0.4161787 -0.09201467 0.9046152 0.2716409 -0.1168817 0.9552748 0.2723349 -0.1081597 0.9561042 0.2936441 -0.1884749 0.9371501 0.03902447 -0.1668457 0.9852104 0.2961094 -0.1668556 0.9404671 0.9042564 0.1578745 0.3967317 0.9006339 0.187534 0.3920328 0.9766129 0.1578658 0.145965 0.9469562 -0.1332222 -0.2924481 0.9943124 -0.09845608 -0.04061049 0.949556 -0.09845578 -0.2977414 0.07587152 0.127091 -0.9889851 0.06595867 0.1774243 -0.9819217 -0.1846781 0.1270906 -0.9745472 -0.2854643 -0.02479231 -0.9580687 -0.04135882 0.03295254 -0.9986009 -0.2984439 0.03294855 -0.9538583 -0.9520804 -0.07938796 0.2953649 -0.9935434 -0.1059865 0.04047739 -0.9487864 -0.1059898 0.2976081 -0.7853398 0.2710255 0.5565847 -0.7837586 0.2779941 0.5553752 -0.606935 0.2710925 0.747087 -0.996702 -0.005811035 0.08094054 -0.997711 0.02798211 0.06156116 -1 0 0 -0.9963634 -0.03525805 0.07756835 -0.9979265 -0.005581319 0.06412142 0.08891212 0.06383174 0.993992 -0.1244721 -0.1373453 0.9826713 -0.1254106 -0.06343901 0.9900746 0.1254106 0.06343901 0.9900746 0.1244721 0.1373453 0.9826713 -0.08891218 -0.06383174 0.993992 0 1 0 0 1 5.07486e-7 0 1 -4.81852e-7 0 1 -5.41906e-7 0 1 2.5642e-7 0 1 -5.70134e-7 0 1 0 0 1 6.0222e-7 0 1 3.33068e-7 0 1 -4.37818e-7 0 1 2.67976e-7 0 -1 -2.46456e-7 0 -1 0 0 -1 0 0 -1 2.70953e-7 -0.4070457 0.06304585 0.9112294 -0.259261 0.06799584 0.9634107 -0.4070815 0.06800645 0.9108567 -0.710849 -0.1485314 0.6874825 -0.7101396 -0.1575621 0.6862041 -0.8106262 -0.1485235 0.566415 -0.9755249 0.02492403 0.2184723 -0.9302451 0.008644461 0.3668371 -0.9761618 0.0086416 0.2168722 0.0977751 0.003965735 0.9952006 0.1033704 0 0.994643 -0.5347796 -0.0287857 0.8445013 -0.5359209 -0.01440012 0.8441454 -0.3880341 0.02070575 0.9214125 -0.4988803 -0.01044815 0.8666079 -0.3476833 0.02709156 0.9372206 -0.3483902 0.01379275 0.9372482 0.271641 -0.1168816 0.9552749 0.2723349 -0.1081596 0.9561042 0.4161787 -0.09201455 0.9046152 0.6682028 0.2314908 0.7070482 0.7689941 0.2255759 0.5981335 0.7685325 0.2210479 0.600413 0.9202749 -0.02717429 0.3903277 0.9188026 -0.03313475 0.3933241 0.9647811 -0.0747925 0.2521975 -0.2854644 0.02479124 0.9580687 -0.04135888 -0.03295356 0.9986009 -0.298444 -0.03294962 0.9538583 -0.9520806 0.07938855 -0.2953645 -0.9935435 0.105987 -0.04047697 -0.9487865 0.1059902 -0.2976078 -0.7853398 -0.2710253 -0.5565848 -0.7837588 -0.2779939 -0.5553753 -0.606935 -0.2710922 -0.747087 0.2936457 0.1884751 -0.9371496 0.03902614 0.166846 -0.9852104 0.2961109 0.1668559 -0.9404667 0.9042567 -0.157875 -0.3967307 0.9006342 -0.1875343 -0.3920318 0.9766129 -0.1578661 -0.1459639 0.9469561 0.1332215 0.2924488 0.9943125 0.09845536 0.0406112 0.9495558 0.09845507 0.2977421 0.07587009 -0.1270905 0.9889853 0.06595718 -0.1774238 0.9819219 -0.1846796 -0.1270901 0.9745469 0 -1 5.32909e-7 0 -1 6.0222e-7 0 -1 -4.81852e-7 0 -1 -2.45144e-7 0 -1 5.53e-7 0 -1 -5.41906e-7 0 -1 2.5642e-7 0 -1 0 0 -1 2.67976e-7 0 1 -2.13062e-7 0 1 2.7599e-7 0 1 0 0 1 3.07581e-7 0.5347796 0.0287857 0.8445013 0.5359209 0.01440012 0.8441454 0.3880341 -0.02070575 0.9214125 0.4988803 0.01044815 0.8666079 0.3476833 -0.02709156 0.9372206 0.3483902 -0.01379275 0.9372482 -0.271641 0.1168816 0.9552749 -0.2723349 0.1081596 0.9561042 -0.4161787 0.09201455 0.9046152 -0.6682028 -0.2314908 0.7070482 -0.7689941 -0.2255759 0.5981335 -0.7685325 -0.2210479 0.600413 -0.9202749 0.02717429 0.3903277 -0.9188026 0.03313475 0.3933241 -0.9647811 0.0747925 0.2521975 0.2924056 -0.1332103 0.9469709 0.0406118 -0.0984562 0.9943124 0.2976969 -0.09845644 0.94957 0.9495557 0.09845596 0.2977424 0.9469558 0.1332224 0.2924492 0.9943124 0.09845626 0.04061156 0.9469561 -0.1332222 -0.2924483 0.9943124 -0.09845608 -0.04061067 0.949556 -0.09845584 -0.2977416 0.2976968 0.09845679 -0.9495699 0.2924055 0.1332105 -0.946971 0.04061174 0.09845644 -0.9943124 -0.2924056 -0.1332107 -0.946971 -0.0406118 -0.09845662 -0.9943124 -0.2976968 -0.09845691 -0.9495699 -0.9495561 0.0984556 -0.2977412 -0.9469563 0.1332221 -0.2924479 -0.9943125 0.0984559 -0.04061031 -0.9469561 -0.1332215 0.2924488 -0.9943125 -0.09845536 0.0406112 -0.9495558 -0.09845507 0.2977421 -0.2976969 0.09845644 0.94957 -0.2924056 0.1332103 0.9469709 -0.04061186 0.09845614 0.9943124 0.996702 0.005811035 0.08094054 0.997711 -0.02798211 0.06156116 1 0 0 0.9963634 0.03525805 0.07756835 0.9979265 0.005581319 0.06412142 0 -1 0 0.9761618 -0.00864166 0.216872 0.9755249 -0.02492409 0.2184722 0.9302451 -0.008644521 0.366837 0.7101396 0.1575622 0.6862041 0.8106262 0.1485236 0.566415 0.710849 0.1485314 0.6874825 0.4070815 -0.06800645 0.9108567 0.4070457 -0.06304579 0.9112294 0.259261 -0.06799584 0.9634109 -0.0977751 -0.003965735 0.9952006 -0.1033704 0 0.994643 0.3476834 -0.0270915 0.9372206 0.3483904 -0.01379275 0.9372482 0.4988804 0.01044815 0.8666079 0.3880341 -0.02070569 0.9214125 0.5347796 0.0287857 0.8445013 0.535921 0.01440018 0.8441454 -0.9627459 0.06727623 0.2619051 -0.9158568 0.02548617 0.4006953 -0.9147479 0.03009402 0.402903 -0.7652566 -0.2207649 0.6046862 -0.7647764 -0.2161242 0.6069657 -0.6636306 -0.2260056 0.713103 -0.4161787 0.09201467 0.9046152 -0.2716409 0.1168817 0.9552748 -0.2723349 0.1081597 0.9561042 -0.2924056 0.1332103 0.9469709 -0.0406118 0.0984562 0.9943124 -0.2976969 0.0984565 0.9495698 -0.9495557 -0.0984553 0.2977424 -0.9469559 -0.1332218 0.2924491 -0.9943125 -0.0984556 0.04061156 -0.9469562 0.1332222 -0.2924481 -0.9943124 0.09845608 -0.04061049 -0.949556 0.09845578 -0.2977414 -0.2976968 -0.09845685 -0.9495699 -0.2924055 -0.1332107 -0.946971 -0.04061174 -0.09845656 -0.9943124 0.2924056 0.1332107 -0.946971 0.0406118 0.09845656 -0.9943124 0.2976968 0.09845685 -0.9495699 0.9943124 -0.09845608 -0.04061049 0.9469559 0.1332222 0.2924489 0.9943124 0.09845602 0.04061138 0.9495558 0.09845572 0.2977422 0.2976969 -0.0984565 0.9495699 0.2924056 -0.1332103 0.946971 0.0406118 -0.09845614 0.9943124 0 1 0 0 1 0 0 1 2.70953e-7 0 1 -1.77779e-7 0 1 0 0 1 1.33988e-7 0 1 0 0 0 -1 -0.5298931 -0.8263831 -0.1905372 0.01414275 -0.9992589 -0.03580027 0.006832063 -0.9999755 -0.001581132 0.1460021 -0.9872903 0.06277883 0 -1 1.52533e-7 0 -1 1.30596e-7 0 -1 4.68941e-7 0.5231938 0.8303242 -0.1919112 -0.0134871 0.999326 -0.0341407 -0.006498277 0.999978 -0.001373052 -0.06789857 0.9972626 0.02927637 0.7612658 0.4587843 -0.4582484 0 1 1.57653e-7 0 1 -1.86623e-7 0 1 1.30596e-7 0 1 4.68941e-7 -0.3130733 0.9408905 0.1292679 -0.3255325 0.9035768 0.2785276 -0.1514064 0.9879812 0.03113532 -0.01022487 0.9999442 0.002669095 0 1 0 -0.00685501 0.9999765 2.49639e-4 -5.66018e-7 -1 3.08307e-6 2.18297e-6 -1 -2.14595e-6 2.46027e-6 -1 -3.62459e-7 0 -1 -1.7546e-7 0.3136765 -0.9484459 -0.04536134 0.1217619 -0.9689871 -0.2150308 -0.8920437 0.008648037 -0.4518666 -0.904109 -0.4209143 -0.07360851 -0.9987893 -0.005767643 0.04885357 -0.9903962 -0.1233478 0.0624572 -0.9983215 0.05166971 -0.02616304 -0.9710382 0.2364312 -0.03442454 -0.378429 -0.02289307 0.9253472 -0.3749503 -0.0415942 0.9261113 -0.5382304 -0.09270644 0.8376836 -0.3600859 0.02712279 0.9325249 -0.5250931 -0.03390449 0.8503692 -0.5266742 -0.01604998 0.8499158 0.8035758 -0.08735394 0.5887575 0.7084187 -0.02136516 0.705469 0.704152 -0.02826154 0.7094866 0.7099979 0.04205793 0.7029467 0.713827 0.04885149 0.6986162 0.5929132 0.1074759 0.7980621 -0.2924547 -0.1332224 -0.9469541 -0.0406171 -0.09845626 -0.9943122 -0.2977478 -0.09845584 -0.949554 -0.9495565 0.09845495 -0.2977401 -0.9469566 0.1332218 -0.2924468 -0.9943126 0.09845525 -0.04060918 -0.9469569 -0.1332224 0.2924458 -0.9943126 -0.09845572 0.04060822 -0.9495567 -0.09845542 0.2977392 -0.2976918 0.09845501 0.9495716 -0.2924004 0.133209 0.9469727 -0.04055863 0.09845399 0.9943147 0.2924004 -0.1332108 0.9469725 0.04055875 -0.09845584 0.9943146 0.2976919 -0.09845685 0.9495714 0.9495572 0.09845405 0.2977383 0.9469574 0.1332207 0.2924448 0.9943128 0.09845435 0.04060715 0.9469563 -0.1332221 -0.2924481 0.9943124 -0.09845578 -0.04061043 0.9495561 -0.09845542 -0.2977413 0.2977478 0.09845584 -0.949554 0.2924547 0.1332224 -0.9469541 0.0406171 0.09845626 -0.9943121 0 -1 0 0.02571362 -0.9988087 -0.04147303 -0.01749247 -0.9998465 -9.85411e-4 0.7656106 -0.4515411 -0.4582041 0 -1 3.61394e-7 0 -1 -2.74859e-7 -0.006543755 -0.9999778 -0.001296401 6.63593e-5 -0.9999893 0.004646122 -0.006496071 -0.9999784 -0.001131534 -0.007289111 -0.9999706 0.002409338 -0.7169843 0.3801199 -0.5843308 -0.7232238 0.3610716 -0.588706 -0.6036008 0.3213691 -0.7296493 -0.6421874 -0.04447364 -0.7652565 -0.4965707 -0.1383255 -0.8569035 -0.4906271 -0.1161197 -0.8635979 0.9474583 0.03532785 -0.3179225 0.8843407 0.108317 -0.4541022 0.8877112 0.1184445 -0.4449043 0.6784952 0.507263 -0.531346 0.577244 0.4918342 -0.6518349 0.5836281 0.48526 -0.6510768 0.2353522 -0.2702409 -0.9335842 0.2414276 -0.2776109 -0.9298628 0.0866996 -0.3366651 -0.9376245 -0.4453084 -0.06446141 -0.8930539 -0.1993126 -0.05275934 -0.9785147 -0.4460144 -0.05277526 -0.8934686 -0.6768214 0.05774939 0.7338786 -0.8440696 0.04643583 0.5342193 -0.6769093 0.0464555 0.734599 -0.9287348 0.01420921 0.3704723 -0.928731 0.007284402 0.370683 -0.80125 0.01420623 0.5981612 0.928731 -0.007284402 0.370683 0.80125 -0.01420623 0.5981612 0.9287348 -0.01420921 0.3704723 0.6769093 -0.04645556 0.734599 0.6768214 -0.0577495 0.7338786 0.8440696 -0.04643595 0.5342193 0.4460144 0.05277526 -0.8934686 0.4453084 0.06446141 -0.8930539 0.1993126 0.05275934 -0.9785147 0.4273571 0.8749904 0.2275035 0.0227245 0.9996951 0.009662032 9.04491e-4 0.99982 -0.01895475 0.2999591 0.9536768 -0.02292221 0 1 0 0.007415592 0.9999725 -9.7743e-5 0.3286374 -0.901569 0.2813731 0.1527745 -0.9877616 0.03141665 0.02758312 -0.999543 -0.01237517 0 -1 0 0.3130733 -0.9408905 0.1292679 0.04642814 -0.9989202 0.001690924 0.5250929 0.03390449 0.8503693 0.526674 0.01604998 0.8499158 0.3600857 -0.02712279 0.932525 0.5382304 0.09270626 0.8376836 0.3784291 0.02289289 0.9253472 0.3749504 0.04159402 0.9261113 -0.4487124 -0.08964294 0.889169 -0.5852112 -0.03332448 0.8101959 -0.5884438 -0.03957206 0.8075692 -0.6901655 0.1806589 0.7007382 -0.6903144 0.1803937 0.7006599 -0.7912324 0.2097859 0.5744051 -0.5998695 0.2743337 0.7515969 -0.7225961 0.2806407 0.6317402 -0.7216022 0.283381 0.6316531 -0.2924547 -0.1332223 -0.9469541 -0.0406171 -0.09845626 -0.9943122 -0.2977478 -0.09845578 -0.949554 -0.9495565 0.09845519 -0.2977399 -0.9469567 0.133222 -0.2924466 -0.9943126 0.09845548 -0.04060894 -0.9469569 -0.1332221 0.2924458 -0.9943126 -0.09845548 0.04060828 -0.9495567 -0.09845519 0.2977392 -0.2976918 0.09845489 0.9495716 -0.2924004 0.1332089 0.9469727 -0.04055863 0.09845393 0.9943147 0.2924004 -0.1332107 0.9469726 0.04055875 -0.09845566 0.9943146 0.2976919 -0.09845674 0.9495714 0.9495571 0.09845429 0.2977384 0.9469574 0.1332209 0.2924451 0.9943127 0.09845453 0.04060739 0.9469562 -0.1332225 -0.2924481 0.9943124 -0.0984562 -0.04061049 0.9495561 -0.0984559 -0.2977413 0.2977477 0.09845578 -0.949554 0.2924547 0.1332223 -0.9469541 0.04061704 0.09845626 -0.9943122 -0.7713931 -0.3909904 -0.5020752 -0.6729928 -0.3909694 -0.6278724 -0.6794581 -0.381524 -0.6267185 -0.03281146 0.446377 -0.8942432 -0.0338608 0.4480746 -0.8933547 0.1274627 0.4781219 -0.8689953 -0.9161115 0.04711371 -0.3981457 -0.9449345 0.1054971 -0.3097892 -0.913969 0.05153101 -0.4024988 0.264986 0.31761 -0.910443 0.4166324 0.3674231 -0.8315153 0.4175641 0.3664734 -0.8314672 0.1309703 -0.1477937 -0.980308 0.1128025 -0.1317143 -0.9848487 0.2738173 -0.02695751 -0.9614039 0.9400122 0.2382127 -0.2441964 0.9437954 0.2224287 -0.2444908 0.9790198 0.1947194 -0.06003826 -0.4453084 -0.06446146 -0.8930539 -0.1993126 -0.0527594 -0.9785147 -0.4460144 -0.05277532 -0.8934686 -0.6768211 0.05774956 0.733879 -0.8440694 0.04643601 0.5342197 -0.676909 0.04645568 0.7345993 0.928731 -0.007284402 0.3706826 0.8012502 -0.01420623 0.5981609 0.928735 -0.01420921 0.370472 0.6769093 -0.04645568 0.734599 0.6768214 -0.05774956 0.7338786 0.8440696 -0.04643601 0.5342193 0.4460144 0.05277526 -0.8934686 0.4453084 0.06446141 -0.8930539 -0.1032014 0.1174817 0.9876981 -0.6092633 -0.1696549 0.7746068 0.6449399 0.1920638 0.7397053 0.3290737 -0.08612287 0.9403687 -0.03009623 -3.94339e-4 0.999547 0.0329498 4.63095e-4 0.999457 -0.3632772 0.1041017 0.9258469 0.1035917 -0.1174784 0.9876577 0.9919922 0.09992831 -0.07723921 0.998533 -0.02476525 0.04815411 0.9979459 0.005998253 0.06378293 -0.002292454 -0.9988715 0.04744184 0 -1 2.27879e-7 0.02715307 -0.9996241 0.003821909 0.01415556 -0.9998301 0.0118097 0.04320663 -0.9989861 -0.01264816 0.04910695 -0.9979483 0.04108387 0.05168175 -0.9986304 -0.008156895 -0.04261255 0.4569329 -0.88848 0.387346 0.04513931 -0.9208288 0.9958345 0.01780611 -0.08942502 0.04826545 -0.01867097 -0.9986601 -0.01426428 0.04895663 -0.9986991 1.97305e-4 1 3.06325e-4 6.0154e-5 1 -1.05606e-5 5.75132e-5 1 -2.8599e-6 3.64038e-4 1 1.80331e-4 0 1 1.53501e-7 -0.0517686 0.9984501 0.02043682 -0.04384547 0.9986872 0.0264855 0 1 2.34471e-7 0.9106763 0.006261706 0.4130732 0.9066969 -0.0235992 0.4211221 0.9685474 0.007476866 0.2487168 0.953458 0.01523303 0.3011411 0.9244684 -0.01229423 0.3810605 0.9529908 -7.51747e-4 0.3029985 0.13718 0.04806315 0.9893794 0.1483642 0.09214162 0.984631 0.3070574 0.04801332 0.9504791 0.3966377 -0.1903982 0.8980129 0.2447617 -0.1477188 0.9582645 0.4090945 -0.1489239 0.9002574 0.260263 0.04906767 0.9642903 0.378429 0.02289307 0.9253472 0.3749503 0.0415942 0.9261113 0.5382304 0.09270644 0.8376836 0.3600859 -0.02712279 0.9325249 0.5250931 0.03390449 0.8503692 0.5266742 0.01604998 0.8499158 -0.8035758 0.08735394 0.5887575 -0.7084187 0.02136516 0.705469 -0.704152 0.02826154 0.7094866 -0.7099979 -0.04205793 0.7029467 -0.713827 -0.04885149 0.6986162 -0.5929132 -0.1074759 0.7980621 0.2924547 0.1332224 -0.9469541 0.0406171 0.09845626 -0.9943122 0.2977478 0.09845584 -0.949554 0.9495565 -0.09845495 -0.2977401 0.9469566 -0.1332218 -0.2924468 0.9943126 -0.09845525 -0.04060918 0.9469569 0.1332224 0.2924458 0.9943126 0.09845572 0.04060822 0.9495567 0.09845542 0.2977392 0.2976918 -0.09845501 0.9495716 0.2924004 -0.133209 0.9469727 0.04055863 -0.09845399 0.9943147 -0.2924004 0.1332108 0.9469725 -0.04055875 0.09845584 0.9943146 -0.2976919 0.09845685 0.9495714 -0.9495572 -0.09845405 0.2977383 -0.9469574 -0.1332207 0.2924448 -0.9943128 -0.09845435 0.04060715 -0.9469563 0.1332221 -0.2924481 -0.9943124 0.09845578 -0.04061043 -0.9495561 0.09845542 -0.2977413 -0.2977478 -0.09845584 -0.949554 -0.2924547 -0.1332224 -0.9469541 -0.0406171 -0.09845626 -0.9943121 -0.9493122 -0.02446693 -0.3133813 -0.8879725 -0.1006596 -0.4487456 -0.8910558 -0.1096417 -0.4404526 -0.6784566 -0.5071151 -0.5315365 -0.5771994 -0.4916273 -0.6520303 -0.5835908 -0.4850463 -0.6512695 -0.2353522 0.2702409 -0.9335842 -0.2414276 0.2776109 -0.9298628 -0.0866996 0.3366651 -0.9376245 0.7169843 -0.3801199 -0.5843308 0.7232238 -0.3610716 -0.588706 0.6036008 -0.3213691 -0.7296493 0.6421874 0.04447364 -0.7652565 0.4965707 0.1383255 -0.8569035 0.4906271 0.1161197 -0.8635979 -6.35104e-5 0.9999901 0.004446208 0 1 0 -0.02445572 0.9989226 -0.03944152 0 1 3.61394e-7 0.01879614 0.9998221 -0.001582086 0.006226122 0.9999801 -0.001084446 0.006271779 0.9999796 -0.001242697 0 1 -1.37429e-7 0.006987571 0.999973 0.002309262 0.9710382 -0.2364312 -0.03442454 0.9983215 -0.05166971 -0.02616304 0.9903963 0.1233471 0.0624572 0.9987893 0.005767643 0.04885351 -0.01202195 0.9978131 -0.064996 -0.3117635 0.9489885 -0.04716295 -0.121762 0.968987 -0.2150309 0 1 1.50546e-7 0.04679083 0.9978619 0.0456317 0.05257314 0.9985895 0.007424056 0 1 -1.30819e-7 0 1 -1.7546e-7 -0.06374424 0.04886204 -0.9967694 0.9963949 -0.006116449 -0.08461624 0.04221916 -0.00589174 -0.9990911 -0.00791037 0.04896008 -0.9987695 2.10514e-4 -1 2.04435e-4 -0.1359934 -0.9879008 0.07455044 -0.141834 -0.987444 0.06955343 0 -1 1.49544e-7 -5.49641e-6 -1 -2.0391e-6 0 -1 -2.74518e-7 0 -1 0 -4.77398e-6 -1 -9.6968e-7 -5.13236e-6 -1 1.82444e-6 0.2976013 -0.001196146 0.9546895 0.3100106 0.048931 0.9494732 0.4586809 0.006178021 0.8885797 0.3805451 0.08506703 0.9208416 0.2285841 0.135744 0.964014 0.3939625 0.1357555 0.9090458 0.9576084 -0.138041 0.2528457 0.9067257 -0.1725916 0.3847866 0.8984403 -0.1383258 0.4167388 0.9773299 0.009354352 0.2115154 0.9570333 -0.004027009 0.28995 0.9746403 0.03673756 0.2207413 -0.09099954 -0.004549324 0.9958406 0.9939092 -0.1084492 0.01958 0.9939635 -0.1084735 0.01643604 0.9882104 0.1524322 0.01430392 0.6811467 0.7313692 -0.03373819 0.8147251 0.5781353 -0.04452681 0.777359 0.6275556 -0.04343944 0.2432407 0.9696924 -0.02303534 0.3071153 0.9492409 0.06798511 0.2054775 0.9781719 0.03096473 0.2745715 -0.9615325 0.008117556 0.3052002 -0.9284491 -0.2117429 0.3286272 -0.94404 0.02815616 0.9411417 -0.3355583 -0.04065775 0.8858429 -0.4619485 -0.04342931 0.940195 -0.3388248 -0.03508818 -0.8855659 -0.2034741 -0.4175779 -0.785577 -0.1432453 -0.6019548 -0.7829519 -0.1479113 -0.6042421 -0.7924939 -0.07830065 -0.6048325 -0.8015158 -0.0621277 -0.5947375 -0.6630034 0.03800052 -0.7476513 0.2711207 0.2602458 -0.9266962 0.2724887 0.2411432 -0.9314504 0.4798789 0.1995459 -0.8543406 0.66109 -0.2520406 -0.7067077 0.7963823 -0.2885904 -0.5314987 0.7984059 -0.2726826 -0.5368354 0.8333515 0.2810451 0.475961 0.8355434 0.2654649 0.4810362 0.7097652 0.2463062 0.6599748 0.6421278 -0.0538218 0.7647059 0.4563275 -0.123271 0.8812319 0.4560893 -0.1028781 0.8839675 -0.5065 -0.04949343 0.8608183 -0.6687984 0.04945665 0.741797 -0.6760404 0.03723478 0.7359232 -0.6795955 0.1449635 0.7191213 -0.6770419 0.1491771 0.7206667 -0.8090261 0.2028807 0.5516489 0.05000913 -0.0191214 -0.9985657 -0.003378033 -0.004813671 -0.9999827 -0.01415795 0.02113616 -0.9996764 -0.001412987 4.57897e-4 -0.999999 -0.009270966 0.01713019 -0.9998103 0.01041257 -0.01663696 -0.9998074 -0.04468917 0.01706647 -0.9988552 0.08891046 -0.02841782 -0.9956342 0.07958722 0.0488063 -0.9956324 0.01426434 0.04895663 -0.9986991 -0.04826092 -0.01866883 -0.9986604 -2.10514e-4 1 2.04435e-4 0.1359934 0.9879008 0.07455044 5.49641e-6 1 -2.0391e-6 0.141834 0.987444 0.06955343 0 1 1.49544e-7 4.77398e-6 1 -9.6968e-7 5.13236e-6 1 1.82444e-6 0 1 -1.37259e-7 0.09099954 0.004549324 0.9958406 -0.9666032 0.01079183 0.2560505 -0.9182752 -6.36328e-4 0.3959422 -0.9074814 0.01028674 0.4199664 -0.9485515 0.01932328 0.3160329 -0.948922 0.01555699 0.3151271 -0.9303513 0.009166002 0.3665549 -0.3968591 -0.01745456 0.9177136 -0.3847207 0.02860349 0.9225898 -0.2314811 -0.01743537 0.9726833 -0.2517266 -0.04635804 0.9666875 -0.4048298 -0.002151608 0.9143896 -0.2399373 -0.001034319 0.9707878 -0.3504656 -0.9178048 0.1865702 -9.04491e-4 -0.99982 -0.01895481 -0.2999585 -0.9536768 -0.02292221 -0.03232294 -0.9994727 -0.003099322 0 -1 0 -0.03627294 -0.9993419 -4.78295e-4 -0.5250929 -0.03390449 0.8503693 -0.526674 -0.01604998 0.8499158 -0.3600857 0.02712279 0.932525 -0.5382304 -0.09270626 0.8376836 -0.3784291 -0.02289289 0.9253472 -0.3749504 -0.04159402 0.9261113 0.4487124 0.08964294 0.889169 0.5852112 0.03332448 0.8101959 0.5884438 0.03957206 0.8075692 0.6901655 -0.1806589 0.7007382 0.6903144 -0.1803937 0.7006599 0.7912324 -0.2097859 0.5744051 0.6013991 -0.2735988 0.7506417 0.7239524 -0.2797532 0.63058 0.7229592 -0.2825037 0.6304933 0.2924547 0.1332223 -0.9469541 0.0406171 0.09845626 -0.9943122 0.2977478 0.09845578 -0.949554 0.9495565 -0.09845519 -0.2977399 0.9469567 -0.133222 -0.2924466 0.9943126 -0.09845548 -0.04060894 0.9469569 0.1332221 0.2924458 0.9943126 0.09845548 0.04060828 0.9495567 0.09845519 0.2977392 0.2976918 -0.09845489 0.9495716 0.2924004 -0.1332089 0.9469727 0.04055863 -0.09845393 0.9943147 -0.2924004 0.1332107 0.9469726 -0.04055875 0.09845566 0.9943146 -0.2976919 0.09845674 0.9495714 -0.9495571 -0.09845429 0.2977384 -0.9469574 -0.1332209 0.2924451 -0.9943127 -0.09845453 0.04060739 -0.9469562 0.1332225 -0.2924481 -0.9943124 0.0984562 -0.04061049 -0.9495561 0.0984559 -0.2977413 -0.2977477 -0.09845578 -0.949554 -0.2924547 -0.1332223 -0.9469541 -0.04061704 -0.09845626 -0.9943122 0.7751626 0.3989126 -0.4898898 0.6775528 0.4030694 -0.6151887 0.6839523 0.3936913 -0.6141794 0.03281146 -0.446377 -0.8942432 0.0338608 -0.4480746 -0.8933547 -0.1274627 -0.4781219 -0.8689953 0.9154275 -0.05842006 -0.3982209 0.9431383 -0.1177405 -0.3108496 0.913147 -0.06278479 -0.4027663 -0.264986 -0.31761 -0.910443 -0.4166324 -0.3674231 -0.8315153 -0.4175641 -0.3664734 -0.8314672 -0.1309703 0.1477937 -0.980308 -0.1128025 0.1317143 -0.9848487 -0.2738173 0.02695751 -0.9614039 -0.9400122 -0.2382127 -0.2441964 -0.9437954 -0.2224287 -0.2444908 -0.9790198 -0.1947194 -0.06003826 -0.9853769 -0.1392096 -0.09825003 -0.9593029 -0.2818536 -0.01722437 -0.998028 0.04029452 0.04812967 -0.9969791 -0.00620687 0.07742309 -2.03574e-6 1 -4.22093e-5 0 1 2.27879e-7 3.84386e-5 1 1.11745e-5 4.35873e-5 1 -3.59191e-5 4.59699e-5 1 7.43745e-6 0.04790771 0 -0.9988518 0.0953738 -0.04873842 -0.9942477 -0.8932109 -0.008715331 -0.4495536 -0.9082282 0.4103705 -0.08196258 -0.04826545 0.01867097 -0.9986601 0.01426428 -0.04895663 -0.9986991 -1.97305e-4 -1 3.06325e-4 -6.0154e-5 -1 -1.05606e-5 -3.64038e-4 -1 1.80331e-4 0.07369089 -0.9962872 0.04451394 -5.75132e-5 -1 -2.8599e-6 0 -1 1.53501e-7 0.08339911 -0.9959722 0.03292375 0 -1 0 0 -1 2.34471e-7 -0.9054844 -0.1047053 0.4112599 -0.8994199 -0.1508228 0.4102396 -0.9634212 -0.1041818 0.2469127 -0.982257 0.07579177 0.1715425 -0.9528555 -0.0036695 0.3034024 -0.9686771 0.01008528 0.2481191 -0.13718 -0.04806315 0.9893794 -0.1483642 -0.09214162 0.984631 -0.3070574 -0.04801332 0.9504791 -0.42957 0.2552155 0.8662186 -0.2796084 0.214291 0.9358946 -0.4408949 0.2201582 0.8701392 0.07471805 -0.03923898 0.9964324 -0.245009 -0.9691781 -0.02577769 -0.3081064 -0.9490648 0.06592887 -0.2069609 -0.9780229 0.0252695 -0.9938601 0.1089049 0.01954245 -0.9937979 0.1087831 0.02306646 -0.9882863 -0.1519727 0.0139532 -0.8819018 -0.4696562 -0.04089301 -0.9218325 -0.3860985 -0.03395467 -0.8820255 -0.4696103 -0.03869402 -0.7806238 0.6228721 -0.05154621 -0.6837816 0.7284192 -0.04299092 -0.7481051 0.6617681 -0.04900914 -0.2725588 0.962085 0.01020872 -0.2921033 0.9330292 -0.2100769 -0.3268933 0.9445964 0.02963811 0.8856155 0.2031856 -0.4176133 0.7856233 0.1429063 -0.6019752 0.7829934 0.1475825 -0.6042689 0.7927073 0.07840198 -0.6045398 0.8017297 0.06222379 -0.594439 0.6632785 -0.03789597 -0.7474127 -0.2711207 -0.2602458 -0.9266962 -0.2724887 -0.2411432 -0.9314504 -0.4798789 -0.1995459 -0.8543406 -0.66109 0.2520406 -0.7067077 -0.7963823 0.2885904 -0.5314987 -0.7984059 0.2726826 -0.5368354 -0.8333515 -0.2810451 0.475961 -0.8355434 -0.2654649 0.4810362 -0.7097652 -0.2463062 0.6599748 -0.6421278 0.0538218 0.7647059 -0.4563275 0.123271 0.8812319 -0.4560893 0.1028781 0.8839675 0.5064999 0.04949319 0.8608184 0.6687983 -0.04945689 0.741797 0.6760404 -0.03723496 0.7359233 0.6794624 -0.1446921 0.7193018 0.6769042 -0.1489135 0.7208506 0.8089303 -0.2026642 0.5518686 -0.532069 -0.8285349 -0.1744491 0.02012109 -0.9997946 -0.002477407 0 -1 0 0 -1 -4.20442e-7 0 -1 0 0.01381784 -0.9992927 -0.03497445 0.005810558 -0.99998 0.002498447 0 -1 -4.54696e-7 0.5259397 0.8321606 -0.1757732 -0.006392538 0.9999787 -0.001372694 -0.01266586 0.9991904 -0.03818851 0 1 1.28547e-7 -0.1029427 0.9938255 0.04139685 0 1 -2.13103e-7 0 1 0 0 1 -4.20442e-7 0 1 -2.27348e-7 0 1 1.528e-7 -0.3255362 0.9035741 0.2785323 -0.1514086 0.9879808 0.03113621 -0.01022475 0.9999442 0.002669334 -0.006854534 0.9999765 2.49639e-4 -0.3130736 0.9408904 0.1292679 -5.50786e-7 -1 3.08122e-6 2.12632e-6 -1 -2.22499e-6 0.3136764 -0.9484458 -0.04536139 0.1217615 -0.9689871 -0.2150309 2.39554e-6 -1 -3.47358e-7 -0.8920485 0.008647441 -0.4518568 -0.9038977 -0.4213552 -0.07368171 -0.9931396 -0.1106436 0.0378412 -0.9975265 -0.06271064 0.03175371 -0.9983215 0.05166977 -0.0261631 -0.9710385 0.2364304 -0.03442454 -0.3223719 -0.03243774 0.9460572 -0.4845398 0.0289849 0.8742889 -0.4883442 0.0225768 0.872359 -0.5003178 0.1108603 0.8587154 -0.4979369 0.1147018 0.8595944 -0.6427927 0.1608871 0.7489546 0.8028039 -0.08746927 0.5897926 0.7078459 -0.02097362 0.7060555 0.7035076 -0.02788013 0.7101407 0.7043193 0.05392271 0.7078324 0.7082868 0.06086951 0.7032957 0.586426 0.1204023 0.8010044 -0.2924475 -0.1332225 -0.9469563 -0.04060995 -0.0984562 -0.9943125 -0.2977408 -0.0984559 -0.9495562 -0.9495562 0.09845566 -0.2977407 -0.9469565 0.1332222 -0.2924475 -0.9943125 0.09845596 -0.04060983 -0.9469563 -0.1332221 0.2924479 -0.9943125 -0.09845584 0.04061031 -0.9495561 -0.09845554 0.2977412 -0.2977375 0.09845507 0.9495573 -0.2924441 0.1332218 0.9469575 -0.04060655 0.09845525 0.9943127 0.2924441 -0.1332229 0.9469573 0.04060643 -0.09845656 0.9943126 0.2977374 -0.09845632 0.9495572 0.9495562 0.0984553 0.2977409 0.9469564 0.1332218 0.2924476 0.9943125 0.0984556 0.04061001 0.9469565 -0.1332222 -0.2924473 0.9943125 -0.09845596 -0.04060959 0.9495564 -0.09845566 -0.2977405 0.2977408 0.09845596 -0.9495562 0.2924476 0.1332225 -0.9469563 0.04060995 0.09845626 -0.9943125 6.48253e-5 -0.9999897 0.004539251 0 -1 0 0 -1 -1.52274e-7 -0.01883876 -0.9998214 -0.001523673 0.7646411 -0.4531295 -0.4582551 0.02424836 -0.9989209 -0.03961271 0 -1 -2.53909e-7 -0.006346702 -0.9999793 -0.001105546 0 -1 -2.73784e-7 -0.006393194 -0.9999788 -0.001266717 -0.007164299 -0.9999712 0.002545475 -0.716983 0.3801184 -0.5843334 -0.7232226 0.36107 -0.5887084 -0.6035993 0.3213671 -0.7296515 -0.6421903 -0.04447335 -0.7652541 -0.4965739 -0.1383253 -0.8569017 -0.4906302 -0.1161195 -0.8635962 0.9475142 0.03516167 -0.3177747 0.8844292 0.1080847 -0.4539855 0.8877954 0.1181996 -0.4448014 0.6785287 0.5072513 -0.5313145 0.5772434 0.4918357 -0.6518342 0.5836275 0.4852616 -0.6510762 0.2353549 -0.2702406 -0.9335834 0.2414305 -0.2776105 -0.9298623 0.08675026 -0.3366606 -0.9376215 -0.4453154 -0.06446051 -0.8930504 -0.1993198 -0.05275863 -0.9785132 -0.446021 -0.05277442 -0.8934652 -0.6768211 0.05774956 0.733879 -0.8440694 0.04643607 0.5342197 -0.676909 0.04645574 0.7345992 -0.9287154 0.01420992 0.3705211 -0.9287114 0.007287681 0.3707318 -0.8011898 0.01420664 0.5982417 0.928712 -0.007287859 0.3707305 0.8011907 -0.01420676 0.5982406 0.9287159 -0.01421004 0.3705199 0.6769103 -0.04645574 0.7345981 0.6768224 -0.05774956 0.7338777 0.8440704 -0.04643607 0.5342181 0.446021 0.05277436 -0.8934652 0.4453154 0.06446045 -0.8930504 0.1993198 0.05275857 -0.9785133 0.4273575 0.8749902 0.2275037 0.2434769 0.9687962 -0.04640024 2.61761e-4 0.9991072 0.04224705 -0.01620376 0.9998138 -0.01048529 0 1 0 0.006614089 0.9999754 -0.002369284 0.3280884 -0.9019256 0.2808705 0.1525771 -0.9877934 0.03137671 0.02758312 -0.999543 -0.01237499 0.04642784 -0.9989203 0.001690924 0.3130736 -0.9408904 0.1292679 0.6427928 -0.1608873 0.7489544 0.500318 -0.1108605 0.8587153 0.4979371 -0.1147021 0.8595942 0.4845399 -0.02898472 0.8742889 0.4883443 -0.02257663 0.8723589 0.322372 0.03243786 0.9460572 -0.4429664 -0.104017 0.8904839 -0.5798026 -0.04646253 0.8134312 -0.5831794 -0.05286943 0.8106212 -0.6896021 0.1804021 0.7013587 -0.6896984 0.1802341 0.7013072 -0.7903217 0.2104406 0.5754186 -0.5999212 0.2743101 0.7515642 -0.7226432 0.280604 0.6317027 -0.7216516 0.2833383 0.6316157 -0.2924476 -0.1332225 -0.9469563 -0.04060995 -0.09845626 -0.9943125 -0.2977408 -0.09845596 -0.9495562 -0.9495563 0.09845495 -0.2977408 -0.9469565 0.1332214 -0.2924475 -0.9943125 0.09845525 -0.04060983 -0.9469565 -0.1332216 0.2924477 -0.9943125 -0.09845536 0.04061007 -0.9495562 -0.09845507 0.297741 -0.2977375 0.09845501 0.9495573 -0.2924441 0.1332216 0.9469575 -0.04060655 0.09845519 0.9943127 0.2924441 -0.1332229 0.9469573 0.04060643 -0.09845656 0.9943126 0.2977374 -0.09845632 0.9495572 0.9495562 0.0984553 0.2977411 0.9469563 0.1332218 0.2924478 0.9943125 0.0984556 0.04061013 0.9469565 -0.1332222 -0.2924475 0.9943125 -0.09845596 -0.04060977 0.9495562 -0.09845566 -0.2977407 0.2977408 0.0984559 -0.9495562 0.2924476 0.1332225 -0.9469563 0.04060995 0.0984562 -0.9943124 -0.7711558 -0.3904806 -0.5028357 -0.6727019 -0.3902261 -0.6286461 -0.6791706 -0.3807768 -0.6274842 -0.0814113 0.4100059 -0.9084423 -0.08138746 0.4099648 -0.908463 0.07986009 0.4369165 -0.89595 -0.9161193 0.0467559 -0.3981701 -0.9449939 0.1050751 -0.309751 -0.9139842 0.05117368 -0.4025098 0.2783803 0.1925252 -0.9409774 0.4344664 0.2358997 -0.869247 0.4336764 0.2368181 -0.8693917 0.203679 -0.1256899 -0.9709362 0.1862283 -0.1092537 -0.9764132 0.3456407 -0.005687952 -0.9383497 0.9400121 0.2382134 -0.2441961 0.9437953 0.2224293 -0.2444906 0.9790198 0.19472 -0.06003797 -0.4453154 -0.06446045 -0.8930504 -0.1993198 -0.05275857 -0.9785133 -0.446021 -0.05277436 -0.8934652 -0.9287154 0.01421004 0.3705211 -0.9287114 0.007287859 0.3707318 -0.8011898 0.01420676 0.5982417 0.928712 -0.00728774 0.3707305 0.8011907 -0.01420664 0.5982406 0.9287159 -0.01420992 0.3705198 0.6769103 -0.04645562 0.7345981 0.6768224 -0.05774945 0.7338777 0.8440704 -0.04643595 0.5342181 0.446021 0.05277442 -0.8934652 0.4453154 0.06446051 -0.8930504 0.1993198 0.05275863 -0.9785132 -0.1031537 0.11748 0.9877033 -0.6093116 -0.1696498 0.7745698 0.6449914 0.1920573 0.7396622 0.3291016 -0.08612412 0.9403588 -0.03010106 -3.94056e-4 0.9995468 0.03295165 4.6335e-4 0.9994569 -0.3633048 0.1041041 0.9258358 0.1035493 -0.1174768 0.9876623 0.9919921 0.09992879 -0.07723921 0.9996448 -0.01219034 0.02370345 0.9916661 0.09681808 0.08499914 -0.00241965 -0.9987428 0.05007094 0.02715307 -0.999624 0.003821909 0.01415544 -0.9998301 0.0118097 0.04560214 -0.9988706 -0.01334935 0.05182373 -0.9977147 0.04335647 0.05454486 -0.9984743 -0.008608818 -0.04261463 0.4569335 -0.8884795 0.387346 0.04513841 -0.9208288 0.9958312 0.01780509 -0.0894609 0.0482586 -0.01866996 -0.9986605 -0.01425963 0.04895555 -0.9986992 7.75094e-5 1 -6.2551e-6 0 1 0 2.1356e-4 1 2.93826e-4 8.02576e-5 1 -1.37289e-5 3.6395e-4 1 1.80208e-4 0 1 1.53501e-7 -0.0517683 0.9984501 0.02043682 -0.04709267 0.9986021 0.0240072 0 1 0 0.9106762 0.006263673 0.4130735 0.9066968 -0.02359861 0.4211223 0.9685474 0.007475912 0.2487171 0.953457 0.01523208 0.3011442 0.9244672 -0.01229524 0.3810635 0.9529898 -7.52719e-4 0.3030015 0.1371778 0.04806274 0.9893798 0.148362 0.09214115 0.9846313 0.3070553 0.04801285 0.9504799 0.3966335 -0.1903991 0.8980145 0.2448037 -0.1477208 0.9582536 0.4090904 -0.1489248 0.9002592 0.2602608 0.04906737 0.9642908 0.3223719 0.03243774 0.9460572 0.4845398 -0.0289849 0.8742889 0.4883442 -0.0225768 0.872359 0.5003178 -0.1108603 0.8587154 0.4979369 -0.1147018 0.8595944 0.6427927 -0.1608871 0.7489546 -0.8028039 0.08746927 0.5897926 -0.7078459 0.02097362 0.7060555 -0.7035076 0.02788013 0.7101407 -0.7043193 -0.05392271 0.7078324 -0.7082868 -0.06086951 0.7032957 -0.586426 -0.1204023 0.8010044 0.2924475 0.1332225 -0.9469563 0.04060995 0.0984562 -0.9943125 0.2977408 0.0984559 -0.9495562 0.9343373 -0.09147924 -0.3444495 0.9323966 -0.1216249 -0.3403586 0.9917458 -0.09147953 -0.08984452 0.945879 0.1374612 0.2939686 0.9931719 0.1094382 0.04041093 0.9484152 0.1094421 0.2975418 0.4430379 -0.1253936 0.8876902 0.4387054 -0.154357 0.885275 0.1962087 -0.1253896 0.972512 -0.2931007 0.1646144 0.9418037 -0.03983873 0.1360121 0.9899058 -0.2969697 0.1360166 0.9451501 -0.9291619 -0.1278221 0.3468714 -0.9259936 -0.1601197 0.341903 -0.9874774 -0.1278176 0.09247261 -0.9469565 0.1332222 -0.2924473 -0.9943125 0.09845596 -0.04060959 -0.9495564 0.09845566 -0.2977405 -0.9479758 -0.032889 -0.316639 -0.8852069 -0.1059229 -0.4529781 -0.8885943 -0.1160759 -0.4437643 -0.6784852 -0.5070772 -0.5315361 -0.5771902 -0.4916046 -0.6520556 -0.5835791 -0.4850256 -0.6512953 -0.2353549 0.2702406 -0.9335834 -0.2414305 0.2776105 -0.9298623 -0.08675026 0.3366606 -0.9376215 0.716983 -0.3801184 -0.5843334 0.7232226 -0.36107 -0.5887084 0.6035993 -0.3213671 -0.7296515 0.6421903 0.04447335 -0.7652541 0.4965739 0.1383253 -0.8569017 0.4906302 0.1161195 -0.8635962 -6.19864e-5 0.9999907 0.004340469 0 1 0 -0.02304792 0.9990253 -0.03764808 0.01596581 0.9998723 -7.82585e-4 -0.7635526 0.4541864 -0.4590234 0 1 -2.53909e-7 0 1 -1.52274e-7 0.006077945 0.9999811 -0.001058816 0 1 -2.73784e-7 0.006122529 0.9999805 -0.001212954 0.006862461 0.9999735 0.00243771 0.9710385 -0.2364304 -0.03442454 0.9983215 -0.05167043 -0.0261631 0.9975265 0.06270986 0.03175371 0.9931396 0.1106436 0.0378412 1.68206e-6 1 9.12908e-6 -7.32615e-6 1 -9.52766e-7 -0.311764 0.9489883 -0.047163 -0.1217615 0.9689871 -0.2150309 0 1 -1.50546e-7 -6.51823e-6 1 -6.47269e-6 0 1 -7.23645e-7 -0.06374359 0.04886096 -0.9967695 0.8935181 -0.007595658 -0.4489629 0.9048444 0.4186887 -0.07717901 0.0422191 -0.00589174 -0.999091 -0.007908046 0.04895901 -0.9987696 1.58589e-4 -1 1.5528e-4 -0.1418332 -0.9874441 0.06955337 0 -1 -1.36892e-7 0 -1 -1.64834e-7 -0.1158651 -0.9890243 0.09168648 -5.56962e-6 -1 -1.07e-6 0 -1 2.85063e-7 -6.41249e-6 -1 -2.3304e-6 -6.0099e-6 -1 2.20083e-6 0.2976452 -0.001194357 0.9546759 0.3100477 0.04890507 0.9494624 0.4586792 0.006177723 0.8885806 0.3805519 0.0850588 0.9208394 0.2286376 0.1357392 0.964002 0.3939694 0.1357442 0.9090445 0.9576095 -0.138035 0.252845 0.9067267 -0.1725883 0.3847857 0.8984409 -0.1383247 0.4167378 0.9773296 0.009354531 0.2115167 0.9570329 -0.00402671 0.2899513 0.97464 0.03673774 0.2207427 -0.09099477 -0.004549264 0.9958411 0.9938959 -0.1085593 0.01964831 0.9939512 -0.1085848 0.01644259 0.9882284 0.1523203 0.01425182 0.6811445 0.7313714 -0.03373801 0.8147233 0.5781379 -0.04452705 0.777357 0.6275581 -0.04343932 0.2552618 0.966437 0.02900296 0.3628457 0.9317256 0.01518535 0.2458015 0.9689821 0.02560162 0.2742116 -0.9616357 0.008068203 0.3048517 -0.9285556 -0.211778 0.3282653 -0.9441666 0.02813303 0.9411439 -0.3355534 -0.04064816 0.8858455 -0.4619438 -0.04342728 0.9401969 -0.3388199 -0.03508347 -0.8026382 0.1758221 -0.5699636 -0.8024775 0.1721196 -0.5713183 -0.6492438 0.1889945 -0.7367249 -0.6174237 0.08870923 -0.781613 -0.4231004 0.08956533 -0.9016453 -0.4240067 0.09577524 -0.9005806 0.2630677 0.3223773 -0.909323 0.2656065 0.3053013 -0.9144639 0.4740055 0.2715399 -0.8376066 0.7084084 -0.2308095 -0.6669967 0.8338159 -0.2647966 -0.4843904 0.8356586 -0.2493615 -0.489381 0.8333513 0.2810463 0.475961 0.8355431 0.2654661 0.4810361 0.7097648 0.2463074 0.6599746 0.4936841 -0.247015 0.8338223 0.2876265 -0.2813689 0.9154795 0.2921597 -0.265874 0.9186696 -0.6463342 0.2656039 0.7153367 -0.650865 0.2527213 0.7158958 -0.7986888 0.2393147 0.5521094 -0.9363755 -0.2086708 0.2822365 -0.9707486 -0.231802 0.06256908 -0.973442 -0.2191977 0.06605482 -0.05281209 0.020289 -0.9983984 0.004273235 0.004915297 -0.9999788 -0.009111881 0.01638245 -0.9998244 0.01065403 -0.01749622 -0.9997903 0.01402169 -0.02038663 -0.9996939 0.003193378 -0.001225471 -0.9999942 -0.04434436 0.01696407 -0.9988723 0.04410105 -0.01694071 -0.9988835 0.07958847 0.04880523 -0.9956324 0.01425963 0.04895555 -0.9986992 -0.0482586 -0.01866996 -0.9986604 -1.58589e-4 1 1.55178e-4 0.1418332 0.9874441 0.06955337 0 1 -1.64834e-7 0.1158651 0.9890243 0.09168648 0 1 -1.36892e-7 5.56962e-6 1 -1.07e-6 0 1 2.85063e-7 6.41249e-6 1 -2.3304e-6 6.0099e-6 1 2.20083e-6 0.09099477 0.004549264 0.9958411 -0.9666029 0.01079005 0.2560516 -0.9182748 -6.35542e-4 0.3959432 -0.9074809 0.01028984 0.4199675 -0.9485515 0.01932609 0.3160327 -0.948922 0.01555985 0.3151269 -0.9303513 0.009170651 0.3665548 -0.3968574 -0.01744943 0.9177144 -0.3847188 0.02860569 0.9225904 -0.2315259 -0.0174362 0.9726726 -0.2517639 -0.04633301 0.966679 -0.4048272 -0.00215125 0.9143908 -0.2399811 -0.001034379 0.9707771 -0.4273575 -0.8749902 0.2275037 -0.2434771 -0.9687962 -0.04640024 -2.61761e-4 -0.9991072 0.04224705 -0.01836788 -0.9996911 -0.01675003 0 -1 0 -0.03182977 -0.9994283 -0.01140207 -0.6427928 0.1608873 0.7489544 -0.500318 0.1108605 0.8587153 -0.4979371 0.1147021 0.8595942 -0.4845399 0.02898472 0.8742889 -0.4883443 0.02257663 0.8723589 -0.322372 -0.03243786 0.9460572 0.4429664 0.104017 0.8904839 0.5798026 0.04646253 0.8134312 0.5831794 0.05286943 0.8106212 0.6896032 -0.1804043 0.7013571 0.6896994 -0.1802365 0.7013057 0.7903226 -0.2104421 0.5754169 0.6014543 -0.2735778 0.7506051 0.7240021 -0.279719 0.6305381 0.7230113 -0.2824637 0.6304513 0.9495563 -0.09845495 -0.2977408 0.9469565 -0.1332214 -0.2924475 0.9943125 -0.09845525 -0.04060983 0.9469565 0.1332216 0.2924477 0.9943125 0.09845536 0.04061007 0.9495562 0.09845507 0.297741 0.2977375 -0.09845501 0.9495573 0.2924441 -0.1332216 0.9469575 0.04060655 -0.09845519 0.9943127 -0.2924441 0.1332229 0.9469573 -0.04060643 0.09845656 0.9943126 -0.2977374 0.09845632 0.9495572 -0.9495562 -0.0984553 0.2977411 -0.9469563 -0.1332218 0.2924478 -0.9943125 -0.0984556 0.04061013 -0.9469565 0.1332222 -0.2924475 -0.9943125 0.09845596 -0.04060977 -0.9495562 0.09845566 -0.2977407 -0.2977408 -0.0984559 -0.9495562 -0.2924476 -0.1332225 -0.9469563 -0.04060995 -0.0984562 -0.9943124 0.7711558 0.3904806 -0.5028357 0.6727019 0.3902261 -0.6286461 0.6791706 0.3807768 -0.6274842 0.0814113 -0.4100059 -0.9084423 0.08138746 -0.4099648 -0.908463 -0.07986009 -0.4369165 -0.89595 0.9161193 -0.0467562 -0.3981702 0.944994 -0.1050754 -0.3097511 0.9139842 -0.05117398 -0.4025098 -0.2783803 -0.1925252 -0.9409774 -0.4344664 -0.2358997 -0.869247 -0.4336764 -0.2368181 -0.8693917 -0.203679 0.1256899 -0.9709362 -0.1862283 0.1092537 -0.9764132 -0.3456407 0.005687952 -0.9383497 -0.9400121 -0.2382134 -0.2441961 -0.9437953 -0.2224293 -0.2444906 -0.9790198 -0.19472 -0.06003797 -0.9919921 -0.09992879 -0.07723921 -0.9996448 0.01219034 0.02370345 -0.9916661 -0.09681808 0.08499914 -0.02715307 0.999624 0.003821909 0 1 2.2788e-7 -0.05454486 0.9984743 -0.008608818 0.00241965 0.9987428 0.05007094 -0.01415544 0.9998301 0.0118097 -0.04560214 0.9988706 -0.01334929 -0.05182373 0.9977147 0.04335618 0.04261463 -0.4569335 -0.8884795 -0.387346 -0.04513841 -0.9208288 -0.9958312 -0.01780509 -0.0894609 -0.0482586 0.01866996 -0.9986605 0.01425963 -0.04895555 -0.9986992 -2.00515e-4 -1 3.03613e-4 -6.41588e-5 -1 -1.10887e-5 0 -1 1.40491e-7 -3.6395e-4 -1 1.80208e-4 0 -1 1.53501e-7 0.0517683 -0.9984501 0.02043682 -6.19622e-5 -1 -4.96094e-6 0.04709267 -0.9986021 0.0240072 0 -1 -1.52704e-7 0 -1 0 -0.9054845 -0.1047061 0.4112597 -0.8994199 -0.1508234 0.4102393 -0.9634212 -0.104182 0.2469124 -0.9822567 0.07579123 0.1715441 -0.952855 -0.003669202 0.3034038 -0.9686768 0.01008439 0.2481205 -0.1371778 -0.04806274 0.9893798 -0.148362 -0.09214115 0.9846313 -0.3070553 -0.04801285 0.9504799 -0.4295708 0.2552193 0.8662171 -0.2796549 0.2142976 0.9358792 -0.4408957 0.2201621 0.8701377 -0.2602608 -0.04906737 0.9642908 -0.2547696 -0.9665876 0.02830159 -0.3624743 -0.9318653 0.01547545 -0.2452722 -0.9691997 0.02222126 -0.99386 0.1089063 0.01954209 -0.9937977 0.1087844 0.02306616 -0.9882864 -0.1519713 0.0139532 -0.8819007 -0.4696584 -0.04089307 -0.9218315 -0.3861008 -0.03395479 -0.8820244 -0.4696125 -0.03869414 -0.7806233 0.6228727 -0.05154627 -0.683781 0.7284197 -0.04299086 -0.7481046 0.6617687 -0.04900914 -0.2725602 0.9620845 0.01021319 -0.2921055 0.9330285 -0.2100766 -0.3268963 0.9445955 0.02963662 0.8028066 -0.1759487 -0.5696873 0.8026468 -0.1722567 -0.5710391 0.6494672 -0.189141 -0.7364903 0.6174237 -0.08870923 -0.781613 0.4231004 -0.08956533 -0.9016453 0.4240067 -0.09577524 -0.9005806 -0.2630677 -0.3223773 -0.909323 -0.2656065 -0.3053013 -0.9144639 -0.4740055 -0.2715399 -0.8376066 -0.7084084 0.2308095 -0.6669967 -0.8338159 0.2647966 -0.4843904 -0.8356586 0.2493615 -0.489381 -0.8333513 -0.2810463 0.475961 -0.8355431 -0.2654661 0.4810361 -0.7097648 -0.2463074 0.6599746 -0.4936841 0.247015 0.8338223 -0.2876265 0.2813689 0.9154795 -0.2921597 0.265874 0.9186696 0.6461816 -0.265502 0.7155124 0.6507104 -0.2526242 0.7160706 0.7985709 -0.239251 0.5523074 0.9363669 0.2086995 0.2822436 0.9707553 0.2317722 0.06257623 0.9734453 0.2191807 0.06606221 -0.5320685 -0.8285353 -0.1744492 0.01743727 -0.9998459 -0.002049088 -0.7573705 -0.4669257 -0.4564759 0 -1 -2.45859e-7 0 -1 -4.20441e-7 0 -1 3.86467e-7 0.01228624 -0.9994408 -0.03110146 0.00517863 -0.9999842 0.002226769 0.5259394 0.8321608 -0.1757733 0.757676 0.4670468 -0.4558445 -0.006354808 0.9999791 -0.001151561 -0.01266378 0.9991906 -0.03818088 0 1 3.8564e-7 -0.05377459 0.9983189 0.02162599 0 1 -2.13103e-7 0 1 -2.45859e-7 0 1 -4.20441e-7 0 1 -3.05601e-7 0 1 0 -0.3263272 0.9267575 0.1860946 -0.02377587 0.9997054 0.00488919 -0.01010149 0.9999457 0.002580463 -0.00685507 0.9999765 2.49639e-4 0 1 0 -0.3130738 0.9408904 0.1292679 -0.07446396 -0.9952139 0.06328243 0 -1 4.67594e-7 0.01661968 -0.9958165 -0.08985263 0.3129298 -0.9491209 -0.03527587 0.08333164 -0.9725425 -0.2172949 -0.0753771 -0.9970656 0.01336795 -0.9965059 0.01797366 -0.08156597 -0.9931395 -0.1106441 0.03784096 -0.9975265 -0.06270998 0.0317533 -0.9983215 0.05167102 -0.02616316 -0.9710385 0.2364303 -0.03442466 -0.3223717 -0.03243714 0.9460573 -0.4845732 0.02901351 0.8742694 -0.4883795 0.02260226 0.8723386 -0.5003189 0.1108613 0.8587146 -0.497938 0.1147028 0.8595935 -0.6427936 0.160888 0.7489537 0.8020334 -0.09948831 0.5889352 0.7070739 -0.03500688 0.7062727 0.7029619 -0.04153764 0.7100136 0.6971514 0.05343502 0.7149299 0.701109 0.06035435 0.7104954 0.5781469 0.119493 0.8071355 -0.2924476 -0.1332216 -0.9469565 -0.04060989 -0.09845536 -0.9943126 -0.2977408 -0.09845501 -0.9495562 -0.9495564 0.09845542 -0.2977403 -0.9469566 0.133222 -0.292447 -0.9943126 0.09845572 -0.04060941 -0.946956 -0.1332225 0.2924488 -0.9943124 -0.09845632 0.0406112 -0.9495558 -0.09845596 0.297742 -0.2977409 0.0984559 0.9495561 -0.2924478 0.1332224 0.9469563 -0.04061013 0.0984562 0.9943124 0.2924478 -0.1332224 0.9469562 0.04061019 -0.09845614 0.9943124 0.297741 -0.0984559 0.9495561 0.9495558 0.09845548 0.2977418 0.946956 0.133222 0.2924486 0.9943124 0.09845584 0.04061102 0.9469563 -0.1332221 -0.2924476 0.9943125 -0.09845584 -0.04060995 0.9495562 -0.09845554 -0.2977409 0.2977442 0.09845584 -0.9495551 0.292451 0.1332224 -0.9469552 0.04061341 0.0984562 -0.9943123 5.78522e-5 -0.9999919 0.004051506 0 -1 0 0.02150714 -0.9991513 -0.0351327 -0.01999509 -0.9997973 -0.002358973 0 -1 -2.53907e-7 -0.005672633 -0.9999835 -9.88321e-4 -0.005714297 -0.9999831 -0.001131951 -0.006405115 -0.9999769 0.002275288 0 -1 5.70126e-7 -0.7169834 0.3801198 -0.5843319 -0.7232231 0.3610714 -0.588707 -0.6035999 0.3213687 -0.7296502 -0.6421881 -0.04447233 -0.7652561 -0.4965715 -0.1383242 -0.8569033 -0.490624 -0.1160934 -0.8636032 0.9492054 0.02318322 -0.313802 0.8880357 0.1005536 -0.4486441 0.8910002 0.1091145 -0.4406957 0.6783204 0.5065034 -0.5322929 0.5770123 0.490886 -0.652754 0.5834133 0.4842934 -0.6519885 0.2353537 -0.2702391 -0.9335843 0.2414292 -0.2776092 -0.929863 0.08670121 -0.3366634 -0.937625 -0.9287289 -0.007284879 -0.3706879 -0.8012182 -0.01420652 -0.5982037 -0.9287329 -0.01420968 -0.3704771 -0.6768816 -0.0464549 -0.7346247 -0.6767939 -0.05775284 -0.7339037 -0.8440751 -0.04643541 -0.5342108 -0.4460111 0.05277472 0.8934703 -0.445305 0.06446081 0.8930556 -0.1993089 0.05275881 0.9785155 0.4453052 -0.06446081 0.8930556 0.1993091 -0.05275875 0.9785155 0.4460112 -0.05277466 0.8934702 0.6767943 0.05775278 -0.7339034 0.8440753 0.04643535 -0.5342103 0.6768819 0.04645484 -0.7346243 0.9287329 0.0142098 -0.3704771 0.9287289 0.007284998 -0.3706879 0.8012182 0.01420664 -0.5982037 0.4273572 0.8749903 0.2275034 0.2436708 0.968744 -0.04647225 2.6188e-4 0.9991073 0.04224699 -0.01620239 0.9998137 -0.01048547 0 1 0 0.006614983 0.9999753 -0.002369701 0 -1 0 0.3288732 -0.9255543 0.1875951 0.02407944 -0.9996979 0.004951715 0.3130738 -0.9408904 0.1292679 0.02746284 -0.9995452 -0.01246511 0.0464285 -0.9989202 0.001690804 0.6427937 -0.160888 0.7489536 0.500319 -0.1108613 0.8587146 0.497938 -0.1147029 0.8595935 0.4845733 -0.02901351 0.8742695 0.4883795 -0.02260226 0.8723385 0.3223718 0.03243714 0.9460573 -0.4429648 -0.1040183 0.8904845 -0.5797694 -0.04649251 0.8134532 -0.5831443 -0.05289602 0.8106448 -0.6921304 0.1853632 0.6975644 -0.6923384 0.185001 0.6974542 -0.7923485 0.2145764 0.5710875 -0.6000217 0.2815418 0.7488046 -0.7228491 0.2863828 0.6288673 -0.7217792 0.2893512 0.6287373 -0.2924476 -0.1332216 -0.9469565 -0.04060989 -0.09845536 -0.9943126 -0.2977408 -0.09845507 -0.9495562 -0.9495564 0.09845542 -0.2977403 -0.9469566 0.1332221 -0.292447 -0.9943126 0.09845572 -0.04060935 -0.9469561 -0.1332221 0.2924486 -0.9943124 -0.09845584 0.04061096 -0.9495559 -0.09845554 0.2977418 -0.297741 0.09845584 0.9495561 -0.2924477 0.1332223 0.9469563 -0.04061013 0.09845608 0.9943124 0.2924478 -0.1332224 0.9469563 0.04061013 -0.09845614 0.9943124 0.297741 -0.0984559 0.9495561 0.9495558 0.09845596 0.2977418 0.9469559 0.1332225 0.2924486 0.9943124 0.09845626 0.04061102 0.9469562 -0.1332223 -0.2924479 0.9943124 -0.09845608 -0.04061019 0.9495561 -0.09845578 -0.297741 -0.7751623 -0.3989127 -0.48989 -0.6775525 -0.4030697 -0.615189 -0.6839687 -0.3936687 -0.6141756 -0.08141136 0.4100048 -0.9084428 -0.08138751 0.4099637 -0.9084635 0.07990759 0.4369087 -0.8959495 -0.9154251 0.05842703 -0.3982253 -0.9431536 0.1177421 -0.3108022 -0.9131479 0.0627858 -0.4027642 0.2783783 0.1925237 -0.9409784 0.4344645 0.2358984 -0.8692482 0.4336744 0.2368167 -0.8693931 0.2036823 -0.1256876 -0.9709357 0.1862317 -0.1092513 -0.9764128 0.3456438 -0.005685567 -0.9383486 0.9400124 0.2382126 -0.2441955 0.9437956 0.2224285 -0.2444899 0.9790199 0.1947191 -0.06003737 -0.9287289 -0.007284998 -0.3706879 -0.8012182 -0.01420664 -0.5982037 -0.9287329 -0.0142098 -0.3704771 -0.4460111 0.05277466 0.8934703 -0.445305 0.06446075 0.8930556 -0.1993089 0.05275869 0.9785155 0.445305 -0.06446081 0.8930556 0.1993089 -0.05275881 0.9785155 0.4460111 -0.05277472 0.8934703 0.6767939 0.05775284 -0.7339037 0.8440751 0.04643541 -0.5342108 0.6768816 0.0464549 -0.7346247 0.9287329 0.01420968 -0.3704771 0.9287289 0.007284879 -0.3706879 0.8012182 0.01420652 -0.5982037 -0.3216823 0.09499776 0.9420701 0.1032236 -0.1420308 0.9844655 0.6825602 0.2031773 0.702019 -0.02987724 -4.31353e-4 0.9995536 0.1961443 -0.05450761 0.979059 -0.1033023 0.1420296 0.9844574 -0.6541632 -0.18283 0.7339235 0.04070323 5.65251e-4 0.9991712 0.991992 0.09992998 -0.07723897 0.9996448 -0.01219034 0.02370315 0.991666 0.09681868 0.08499914 2.15488e-6 -1 -4.45257e-5 0.02866911 -0.999589 2.27537e-4 0.01350301 -0.999845 0.01129657 0.01230663 -0.9998529 0.01195156 0 -1 1.33645e-7 0 -1 -2.62932e-7 -4.67483e-5 -1 7.33499e-6 -4.68669e-5 -1 5.85873e-6 -0.04261463 0.4569329 -0.8884799 0.3873499 0.04513937 -0.9208272 0.8932164 0.008716106 -0.4495428 0.9079878 -0.4109064 -0.08194082 0.04826313 -0.0186699 -0.9986602 -0.01426428 0.04895663 -0.9986991 7.19556e-5 1 -5.60074e-6 0 1 0 2.04415e-4 1 2.99777e-4 7.46123e-5 1 -1.32023e-5 3.63162e-4 1 1.79964e-4 0 1 -1.53501e-7 -0.05176842 0.9984501 0.02043682 -0.04709255 0.9986021 0.02400714 0 1 0 0 1 0 0.9079523 2.14987e-4 0.4190737 0.903822 -0.03033351 0.4268322 0.9669125 0.001428008 0.2551046 0.9530887 0.0150187 0.3023183 0.9239917 -0.01247501 0.3822091 0.9526153 -9.86032e-4 0.3041764 0.1371648 0.04806232 0.9893816 0.1483485 0.09213995 0.9846334 0.3070427 0.04801255 0.9504839 0.3966355 -0.1904171 0.8980099 0.2448049 -0.1477407 0.9582501 0.4090915 -0.1489449 0.9002554 0.2602598 0.04906713 0.9642911 0.3223717 0.03243714 0.9460573 0.4845732 -0.02901351 0.8742694 0.4883795 -0.02260226 0.8723386 0.5003189 -0.1108613 0.8587146 0.497938 -0.1147028 0.8595935 0.6427936 -0.160888 0.7489537 -0.8020334 0.09948831 0.5889352 -0.7070739 0.03500688 0.7062727 -0.7029619 0.04153764 0.7100136 -0.6971514 -0.05343502 0.7149299 -0.701109 -0.06035435 0.7104954 -0.5781469 -0.119493 0.8071355 0.2924476 0.1332216 -0.9469565 0.04060989 0.09845536 -0.9943126 0.2977408 0.09845501 -0.9495562 0.9343374 -0.09147959 -0.3444491 0.9323967 -0.1216254 -0.3403582 0.9917457 -0.09147995 -0.0898441 0.9458786 0.1374618 0.2939696 0.9931717 0.1094388 0.04041194 0.9484148 0.1094427 0.2975427 0.4429979 -0.125396 0.8877098 0.438667 -0.1543487 0.8852953 0.1962119 -0.1253914 0.9725112 -0.2931078 0.1646129 0.9418017 -0.03984588 0.1360108 0.9899057 -0.2969766 0.136015 0.9451481 -0.9291617 -0.1278227 0.3468719 -0.9259933 -0.1601204 0.3419036 -0.9874773 -0.1278183 0.0924732 -0.9469563 0.1332221 -0.2924476 -0.9943125 0.09845584 -0.04060995 -0.9495562 0.09845554 -0.2977409 -0.2977442 -0.09845584 -0.9495551 -0.292451 -0.1332224 -0.9469552 -0.04061341 -0.0984562 -0.9943123 -0.9495824 -0.02121382 -0.312799 -0.8886953 -0.09866684 -0.4477561 -0.8916753 -0.1072567 -0.4397854 -0.6782755 -0.5063252 -0.5325196 -0.5769578 -0.4906484 -0.6529809 -0.5833643 -0.4840502 -0.6522129 -0.2353537 0.2702391 -0.9335843 -0.2414292 0.2776092 -0.929863 -0.08670121 0.3366634 -0.937625 0.7169834 -0.3801198 -0.5843319 0.7232231 -0.3610714 -0.588707 0.6035999 -0.3213687 -0.7296502 0.6421881 0.04447233 -0.7652561 0.4965715 0.1383242 -0.8569033 0.490624 0.1160934 -0.8636032 -6.19974e-5 0.9999906 0.004340529 0 1 0 -0.0230444 0.9990255 -0.03764367 0.01774305 0.9998417 -0.001350879 0 1 -2.53907e-7 0.006077885 0.999981 -0.001058816 0.006122529 0.9999805 -0.001212954 0.006862521 0.9999735 0.002438068 0 1 5.70126e-7 0.9710385 -0.2364302 -0.03442466 0.9983215 -0.05167037 -0.02616316 0.9975265 0.06270998 0.0317533 0.9931395 0.1106441 0.03784096 -0.01661354 0.9958196 -0.08981955 0.07546919 0.9970584 0.01338434 -0.3114425 0.9495623 -0.03653872 -0.08333164 0.9725425 -0.2172949 0.07457488 0.9952751 0.06217837 -0.06374114 0.04886204 -0.9967697 0.9963954 -0.006116032 -0.08460932 0.04221904 -0.00589174 -0.999091 -0.00791037 0.04896008 -0.9987695 1.62361e-4 -1 1.66689e-4 -0.1418336 -0.987444 0.06955337 0 -1 -1.36892e-7 -0.1158647 -0.9890244 0.09168654 -2.31576e-5 -1 -4.05495e-6 -2.68878e-5 -1 -1.00938e-5 -2.45952e-5 -1 8.75657e-6 0.2976408 -0.00119251 0.9546772 0.3100432 0.04890692 0.9494637 0.4586751 0.00617969 0.8885825 0.3805545 0.08505791 0.9208385 0.2286403 0.1357383 0.9640014 0.393972 0.1357433 0.9090434 0.9601051 -0.1413199 0.2413029 0.9107082 -0.1763513 0.3735116 0.9028853 -0.1416143 0.405886 0.978577 -3.52062e-4 0.2058807 0.9586229 -0.01418602 0.2843254 0.9761028 0.02725648 0.2155938 -0.09099 -0.004546999 0.9958415 0.9940951 -0.1068173 0.01910632 0.994145 -0.1068375 0.01617407 0.9879582 0.1540626 0.01426422 0.6809656 0.7315381 -0.03373652 0.8145844 0.5783362 -0.04449266 0.7772127 0.6277453 -0.04331487 0.2555726 0.9663536 0.02904009 0.3631442 0.9316088 0.0152105 0.2461127 0.9689022 0.02563667 0.2820686 -0.9593532 0.008877575 0.3124355 -0.9261899 -0.2110843 0.3360328 -0.9414111 0.02875882 0.9417387 -0.3338705 -0.04072827 0.8866672 -0.4603567 -0.04351019 0.9408012 -0.3371586 -0.03488898 -0.8025529 0.1757708 -0.5700996 -0.8023926 0.1720727 -0.5714519 -0.6491333 0.1889088 -0.7368443 -0.617457 0.08871769 -0.7815858 -0.4230967 0.08956593 -0.9016469 -0.4240088 0.09581041 -0.9005759 0.2630668 0.3223773 -0.9093233 0.2656055 0.3053013 -0.9144643 0.4740047 0.2715399 -0.8376072 0.7084079 -0.2308098 -0.6669971 0.8338155 -0.2647969 -0.4843907 0.8356558 -0.2493952 -0.4893687 0.8333514 0.2810464 0.4759607 0.8355432 0.2654662 0.4810357 0.709765 0.2463076 0.6599744 0.4936467 -0.2470353 0.8338384 0.287629 -0.2813692 0.9154787 0.2921622 -0.2658743 0.9186686 -0.6463987 0.2656414 0.7152646 -0.6509317 0.2527537 0.7158236 -0.7987383 0.2393584 0.5520189 -0.9364067 -0.2085279 0.2822386 -0.9707773 -0.2316825 0.06256765 -0.9734699 -0.2190744 0.06605166 -0.01361507 0.01911205 -0.9997247 -0.001698613 3.9189e-4 -0.9999985 -0.0898981 0.02891528 -0.9955312 -0.007851481 0.0144537 -0.9998648 0.009339272 -0.01526641 -0.9998399 0.01304304 -0.01826161 -0.9997482 0.001651585 -3.76624e-4 -0.9999986 0.07818859 -0.02513045 -0.9966219 0.07958602 0.04880636 -0.9956325 0.01426428 0.04895663 -0.9986991 -0.04826313 -0.01867097 -0.9986602 -1.62361e-4 1 1.66689e-4 0.1418336 0.987444 0.06955337 0.1158647 0.9890244 0.09168654 0 1 -1.36892e-7 2.31576e-5 1 -4.05495e-6 2.68878e-5 1 -1.00938e-5 2.45952e-5 1 8.75657e-6 0.09099 0.004546999 0.9958415 -0.9693856 0.02273255 0.244489 -0.9227356 0.01252913 0.3852301 -0.9122198 0.02224296 0.4090968 -0.9485508 0.01932609 0.3160347 -0.9489213 0.01555979 0.3151289 -0.930333 0.009166419 0.3666012 -0.3968592 -0.01745122 0.9177137 -0.3847206 0.02860397 0.9225898 -0.2315277 -0.01743799 0.9726721 -0.2517617 -0.04633504 0.9666795 -0.4048253 -0.002153277 0.9143916 -0.2399789 -0.001036345 0.9707776 -0.4273572 -0.8749903 0.2275034 -0.2436708 -0.968744 -0.04647225 -2.6188e-4 -0.9991073 0.04224699 -0.01837974 -0.9996907 -0.01675206 -0.03183853 -0.999428 -0.01140522 0 -1 0 -0.6427937 0.160888 0.7489536 -0.500319 0.1108613 0.8587146 -0.497938 0.1147029 0.8595935 -0.4845733 0.02901351 0.8742695 -0.4883795 0.02260226 0.8723385 -0.3223718 -0.03243714 0.9460573 0.4429648 0.1040183 0.8904845 0.5797694 0.04649251 0.8134532 0.5831443 0.05289602 0.8106448 0.695794 -0.1926648 0.6919184 0.6961694 -0.1920125 0.6917222 0.7952328 -0.2206618 0.564724 0.5973263 -0.2936235 0.7463154 0.7206369 -0.2966117 0.626661 0.7194344 -0.299951 0.6264531 0.2924476 0.1332216 -0.9469565 0.04060989 0.09845536 -0.9943126 0.2977408 0.09845507 -0.9495562 0.9495564 -0.09845542 -0.2977403 0.9469566 -0.1332221 -0.292447 0.9943126 -0.09845572 -0.04060935 0.9469561 0.1332221 0.2924486 0.9943124 0.09845584 0.04061096 0.9495559 0.09845554 0.2977418 0.297741 -0.09845584 0.9495561 0.2924477 -0.1332223 0.9469563 0.04061013 -0.09845608 0.9943124 -0.2924478 0.1332224 0.9469563 -0.04061013 0.09845614 0.9943124 -0.297741 0.0984559 0.9495561 -0.9495558 -0.09845596 0.2977418 -0.9469559 -0.1332225 0.2924486 -0.9943124 -0.09845626 0.04061102 -0.9469562 0.1332223 -0.2924479 -0.9943124 0.09845608 -0.04061019 -0.9495561 0.09845578 -0.297741 0.7752816 0.3992637 -0.4894151 0.6777175 0.4034671 -0.6147466 0.6841433 0.3940553 -0.6137332 0.08141136 -0.4100048 -0.9084428 0.08138751 -0.4099637 -0.9084635 -0.07990759 -0.4369087 -0.8959495 0.9155046 -0.05786293 -0.3981247 0.9432162 -0.1173118 -0.3107755 0.9132147 -0.06224524 -0.4026964 -0.2783783 -0.1925237 -0.9409784 -0.4344645 -0.2358984 -0.8692482 -0.4336744 -0.2368167 -0.8693931 -0.2036823 0.1256876 -0.9709357 -0.1862317 0.1092513 -0.9764128 -0.3456438 0.005685567 -0.9383486 -0.9400124 -0.2382126 -0.2441955 -0.9437956 -0.2224285 -0.2444899 -0.9790199 -0.1947191 -0.06003737 -0.991992 -0.09992998 -0.07723897 -0.9996448 0.01219034 0.02370315 -0.991666 -0.09681868 0.08499914 0 1 -2.62932e-7 0 1 1.33645e-7 -0.02866911 0.999589 2.27537e-4 4.69107e-5 1 5.8561e-6 -2.161e-6 1 -4.48475e-5 -0.01350301 0.999845 0.01129668 -0.01230663 0.9998529 0.0119515 4.67898e-5 1 7.33136e-6 0.04261463 -0.4569329 -0.8884799 -0.3873499 -0.04513937 -0.9208272 -0.8932085 -0.008715689 -0.4495583 -0.9084773 0.4097452 -0.08232736 -0.04826313 0.0186699 -0.9986602 0.01426428 -0.04895663 -0.9986991 -2.1113e-4 -1 2.94627e-4 -9.06494e-5 -1 -1.58454e-5 0 -1 1.40491e-7 -3.63162e-4 -1 1.79964e-4 0 -1 -1.53501e-7 0.05176842 -0.9984501 0.02043682 -8.7236e-5 -1 -6.87975e-6 0.04709255 -0.9986021 0.02400714 0 -1 0 0 -1 0 -0.8990549 -0.09833472 0.4266504 -0.8931638 -0.1432389 0.426311 -0.9597405 -0.09783834 0.2632982 -0.9800083 0.08755791 0.1786545 -0.9499992 0.01055198 0.3120741 -0.9661504 0.02401655 0.2568597 -0.1371648 -0.04806232 0.9893816 -0.1483485 -0.09213995 0.9846334 -0.3070427 -0.04801255 0.9504839 -0.4295786 0.2552494 0.8662044 -0.2796626 0.2143297 0.9358695 -0.4409024 0.2201958 0.8701258 -0.2602598 -0.04906713 0.9642911 -0.2550904 -0.9665016 0.02834886 -0.3627825 -0.9317448 0.01551103 -0.2455933 -0.9691173 0.02226549 -0.9940542 0.1072099 0.01903605 -0.9939876 0.1070813 0.02285474 -0.9880238 -0.1536683 0.0139721 -0.8819194 -0.4696239 -0.04088598 -0.9218469 -0.3860645 -0.03395092 -0.882043 -0.4695779 -0.03868836 -0.7812272 0.6221491 -0.05113226 -0.6844939 0.7277835 -0.04241925 -0.7487537 0.6610739 -0.04846906 -0.2802314 0.959874 0.01059395 -0.2995083 0.9307422 -0.2097946 -0.3344808 0.9419301 0.02983886 0.8027241 -0.1758986 -0.569819 0.8025649 -0.1722109 -0.5711683 0.6493604 -0.1890572 -0.736606 0.617457 -0.08871769 -0.7815858 0.4230967 -0.08956593 -0.9016469 0.4240088 -0.09581041 -0.9005759 -0.2630668 -0.3223773 -0.9093233 -0.2656055 -0.3053013 -0.9144643 -0.4740047 -0.2715399 -0.8376072 -0.7084079 0.2308098 -0.6669971 -0.8338155 0.2647969 -0.4843907 -0.8356558 0.2493952 -0.4893687 -0.8333514 -0.2810464 0.4759607 -0.8355432 -0.2654662 0.4810357 -0.709765 -0.2463076 0.6599744 -0.4936467 0.2470353 0.8338384 -0.287629 0.2813692 0.9154787 -0.2921622 0.2658743 0.9186686 0.6462449 -0.2655384 0.7154418 0.6507761 -0.2526556 0.7159999 0.7986198 -0.2392935 0.5522185 0.9363973 0.2085599 0.2822459 0.9707834 0.2316554 0.06257516 0.9734725 0.2190602 0.06605941 -0.5320686 -0.8285353 -0.1744491 0 -1 1.52532e-7 0 -1 0 0 -1 -3.22056e-7 0.01381999 -0.9992924 -0.03498333 0.005825936 -0.99998 0.002505064 0.01797115 -0.9998371 -0.001731395 -0.7573709 -0.4669253 -0.4564759 0 -1 2.97948e-7 0 -1 1.52704e-7 0.5259392 0.8321609 -0.1757732 0.7620267 0.4574336 -0.4583337 0 1 -5.76732e-7 -0.01266378 0.9991906 -0.03818166 -0.05377441 0.998319 0.02162593 -0.006354808 0.9999791 -0.001151561 0 1 0 0 1 -4.54696e-7 -0.01022481 0.9999442 0.002669334 -0.3255364 0.9035743 0.2785312 -0.1514075 0.987981 0.03113555 -0.006854653 0.9999766 2.49685e-4 -0.3130739 0.9408904 0.1292679 0.01661956 -0.9958164 -0.08985269 0 -1 -1.4512e-7 -0.07446384 -0.9952139 0.06328237 0 -1 3.34559e-7 -0.07537716 -0.9970656 0.01336812 0.3130984 -0.9489794 -0.03751718 0.1481214 -0.9656964 -0.2132849 -0.9965058 0.01797378 -0.08156663 -0.9931396 -0.1106435 0.03784114 -0.9983215 0.05166977 -0.02616333 -0.9710387 0.2364293 -0.03442478 -0.32237 -0.03243654 0.9460579 -0.4845381 0.02898609 0.8742899 -0.4883425 0.02257794 0.87236 -0.5003169 0.1108614 0.8587158 -0.497936 0.1147029 0.8595948 -0.6427918 0.1608881 0.7489551 0.8020061 -0.09948545 0.5889727 0.7070749 -0.03500652 0.7062717 0.702963 -0.04153746 0.7100125 0.6971498 0.05343461 0.7149314 0.7011074 0.06035405 0.7104969 0.5781451 0.1194925 0.8071368 -0.2924494 -0.1332222 -0.9469558 -0.0406118 -0.09845602 -0.9943124 -0.2977426 -0.09845572 -0.9495556 -0.9495558 0.09845596 -0.2977422 -0.9469559 0.1332225 -0.2924489 -0.9943124 0.09845626 -0.04061138 -0.9469563 -0.1332221 0.2924478 -0.9943125 -0.0984559 0.04061007 -0.9495562 -0.0984556 0.2977409 -0.2977408 0.09845596 0.9495562 -0.2924476 0.1332225 0.9469563 -0.04060995 0.09845626 0.9943124 0.2924476 -0.1332225 0.9469563 0.04060995 -0.09845626 0.9943124 0.2977408 -0.09845596 0.9495562 0.9495563 0.09845519 0.2977408 0.9469565 0.1332216 0.2924475 0.9943125 0.09845542 0.04060989 0.946956 -0.1332225 -0.2924486 0.9943124 -0.09845626 -0.04061096 0.9495558 -0.09845596 -0.2977418 0.2977427 0.09845584 -0.9495556 0.2924495 0.1332223 -0.9469558 0.04061192 0.0984562 -0.9943124 6.50911e-5 -0.9999896 0.004557847 0 -1 3.29668e-7 -0.02060717 -0.9997856 -0.002050638 0.02418994 -0.9989262 -0.03951686 0 -1 -2.53908e-7 -0.006428599 -0.9999786 -0.00127393 -0.00638169 -0.999979 -0.001111567 -0.007205724 -0.9999709 0.002560079 -0.7169834 0.3801195 -0.5843321 -0.723223 0.3610712 -0.5887071 -0.6035997 0.3213686 -0.7296503 -0.6421868 -0.04447269 -0.7652571 -0.49657 -0.1383244 -0.8569041 -0.4906263 -0.1161187 -0.8635985 0.9492161 0.02413648 -0.3136978 0.8880085 0.101421 -0.4485027 0.8909544 0.1099335 -0.4405848 0.6784958 0.5072631 -0.5313453 0.5772446 0.4918342 -0.6518343 0.5836287 0.4852601 -0.6510761 0.2353522 -0.27024 -0.9335843 0.2414276 -0.2776101 -0.9298632 0.08669954 -0.3366643 -0.9376249 -0.7338746 0.05774956 -0.6768258 -0.5342145 0.04643595 -0.8440726 -0.7345952 0.04645568 -0.6769134 -0.3705221 0.0142104 -0.928715 -0.3707328 0.007288217 -0.928711 -0.5982041 0.01420718 -0.8012178 -0.3707295 -0.007288217 0.9287124 -0.5982013 -0.01420724 0.8012198 -0.370519 -0.0142104 0.9287163 -0.734595 -0.04645556 0.6769137 -0.7338744 -0.05774945 0.676826 -0.5342142 -0.04643583 0.8440728 0.8934667 0.05277502 0.446018 0.893052 0.06446117 0.4453123 0.978514 0.05275917 0.1993166 0.8930525 -0.06446093 -0.4453114 0.978514 -0.05275899 -0.1993157 0.8934671 -0.05277484 -0.4460173 0.427357 0.8749904 0.2275037 0.2434749 0.9687967 -0.04639971 2.61939e-4 0.9991072 0.04224717 -0.01620364 0.9998138 -0.01048529 0 1 0 0.006614208 0.9999753 -0.002369284 0.3280875 -0.9019262 0.2808698 0.1525773 -0.9877934 0.03137606 0.02758312 -0.999543 -0.01237499 0.3130739 -0.9408904 0.1292679 0.0464279 -0.9989202 0.001690804 0.6427918 -0.1608874 0.7489552 0.5003169 -0.1108606 0.8587159 0.497936 -0.1147021 0.8595948 0.484538 -0.02898609 0.8742899 0.4883424 -0.02257794 0.87236 0.3223699 0.03243654 0.9460579 -0.4429624 -0.1040178 0.8904857 -0.5797673 -0.04649204 0.8134546 -0.583142 -0.0528956 0.8106464 -0.6921275 0.185359 0.6975684 -0.6923567 0.1849599 0.6974468 -0.7923171 0.2145814 0.5711291 -0.5997657 0.2816301 0.7489764 -0.7226181 0.2865347 0.6290636 -0.7215371 0.2895303 0.6289327 -0.2924495 -0.1332222 -0.9469558 -0.04061186 -0.09845602 -0.9943124 -0.2977427 -0.09845572 -0.9495556 -0.9495557 0.0984562 -0.297742 -0.9469559 0.1332227 -0.2924488 -0.9943124 0.0984565 -0.0406112 -0.9469564 -0.1332219 0.2924476 -0.9943125 -0.09845566 0.04060995 -0.9495563 -0.09845536 0.2977408 -0.2977409 0.09845602 0.9495562 -0.2924476 0.1332226 0.9469563 -0.04061001 0.09845626 0.9943125 0.2924475 -0.1332225 0.9469563 0.04060995 -0.0984562 0.9943124 0.2977408 -0.09845596 0.9495562 0.9495563 0.09845536 0.2977408 0.9469564 0.1332219 0.2924475 0.9943125 0.09845566 0.04060989 0.946956 -0.1332225 -0.2924488 0.9943124 -0.09845626 -0.0406112 0.9495558 -0.09845596 -0.297742 0.2977427 0.09845572 -0.9495556 0.2924495 0.1332222 -0.9469558 0.04061192 0.09845602 -0.9943124 -0.7751622 -0.398913 -0.4898899 -0.6775524 -0.4030699 -0.615189 -0.6839687 -0.393669 -0.6141756 -0.08141136 0.4100039 -0.9084433 -0.08138751 0.4099628 -0.908464 0.07990759 0.436908 -0.89595 -0.9154266 0.05841988 -0.3982228 -0.9431376 0.1177402 -0.3108516 -0.9131462 0.06278455 -0.4027683 0.2783793 0.1925231 -0.9409781 0.4344655 0.2358977 -0.869248 0.4337278 0.23682 -0.8693656 0.203682 -0.1256875 -0.9709359 0.1862314 -0.1092512 -0.9764128 0.3456436 -0.005685567 -0.9383488 0.9400125 0.2382127 -0.2441952 0.9437958 0.2224286 -0.2444897 0.97902 0.1947191 -0.06003707 -0.8934673 0.05277484 -0.446017 -0.8930526 0.06446093 -0.4453111 -0.9785142 0.05275899 -0.1993154 -0.893052 -0.06446099 0.4453123 -0.978514 -0.05275905 0.1993166 -0.8934667 -0.0527749 0.446018 0.7338744 0.05774945 0.676826 0.5342142 0.04643589 0.8440728 0.734595 0.04645556 0.6769137 0.370519 0.01421022 0.9287162 0.3707296 0.007287979 0.9287123 0.5982015 0.014207 0.8012198 0.3707328 -0.007287979 -0.928711 0.5982041 -0.014207 -0.8012179 0.3705222 -0.01421022 -0.928715 0.7345952 -0.0464558 -0.6769134 0.7338746 -0.05774962 -0.6768257 0.5342146 -0.04643607 -0.8440726 -0.321493 0.09499758 0.9421346 0.1034833 -0.1420254 0.9844389 0.6823315 0.2032145 0.7022305 -0.0298736 -4.31453e-4 0.9995537 0.1961678 -0.05451005 0.979054 -0.1032999 0.1420291 0.9844577 -0.6541582 -0.1828271 0.7339287 0.04069805 5.65305e-4 0.9991713 0.9919922 0.09992885 -0.07723903 0.991666 0.09681808 0.08499914 2.03568e-6 -1 -4.20967e-5 0.02866911 -0.999589 2.27537e-4 0 -1 -1.54362e-7 0.01965552 -0.9997836 0.006807088 0.009552299 -0.9998805 0.0121628 -3.42815e-5 -1 1.42834e-5 -4.15192e-5 -1 -7.43411e-5 -4.597e-5 -1 7.26369e-6 -0.04261362 0.4569325 -0.8884801 0.3873479 0.04513883 -0.920828 0.8932163 0.008715748 -0.4495431 0.9079872 -0.4109075 -0.08194053 0.04826086 -0.01867043 -0.9986603 -0.01426315 0.04895609 -0.9986992 2.20245e-4 1 2.88969e-4 9.36179e-5 1 -1.63708e-5 3.63951e-4 1 1.80208e-4 -0.05176854 0.9984501 0.02043664 9.02851e-5 1 -7.32403e-6 -0.04709261 0.9986021 0.02400714 0 1 2.29055e-7 0.9079588 2.20284e-4 0.4190594 0.9038254 -0.03030592 0.4268271 0.9669163 0.001442432 0.2550898 0.9530841 0.01497852 0.3023348 0.9239843 -0.01251268 0.3822256 0.9526097 -0.001024186 0.3041935 0.1371765 0.0480628 0.9893799 0.1483607 0.09214121 0.9846315 0.3070541 0.04801297 0.9504802 0.3966367 -0.190398 0.8980133 0.244807 -0.1477198 0.9582528 0.4090936 -0.1489237 0.900258 0.2602619 0.04906725 0.9642906 0.32237 0.03243654 0.9460579 0.4845381 -0.02898609 0.8742899 0.4883425 -0.02257794 0.87236 0.5003169 -0.1108614 0.8587158 0.497936 -0.1147029 0.8595948 0.6427918 -0.1608881 0.7489551 -0.802006 0.09948581 0.5889729 -0.7070748 0.03500682 0.7062717 -0.7029629 0.04153776 0.7100126 -0.6971498 -0.05343455 0.7149316 -0.7011073 -0.06035387 0.7104971 -0.5781451 -0.1194927 0.8071368 0.2924494 0.1332222 -0.9469558 0.0406118 0.09845602 -0.9943124 0.2977426 0.09845572 -0.9495556 0.9343371 -0.09147912 -0.3444499 0.9323966 -0.1216248 -0.3403589 0.9917457 -0.09147942 -0.08984488 0.9458783 0.1374626 0.2939701 0.9931716 0.1094397 0.0404123 0.9484146 0.1094435 0.2975431 0.4429997 -0.125395 0.8877092 0.4386689 -0.1543478 0.8852946 0.1961668 -0.1253896 0.9725205 -0.2931042 0.164614 0.9418027 -0.0398423 0.1360118 0.9899058 -0.2969731 0.1360162 0.9451491 -0.9291617 -0.1278226 0.3468715 -0.9259933 -0.1601203 0.3419032 -0.9874773 -0.1278182 0.09247279 -0.946956 0.1332225 -0.2924486 -0.9943124 0.09845626 -0.04061096 -0.9495558 0.09845596 -0.2977418 -0.2977427 -0.09845584 -0.9495556 -0.2924495 -0.1332223 -0.9469558 -0.04061192 -0.0984562 -0.9943124 -0.9492641 -0.02481293 -0.3135001 -0.8878613 -0.1007981 -0.4489345 -0.8909593 -0.1098355 -0.4405995 -0.6784513 -0.5070898 -0.5315673 -0.5771905 -0.4916039 -0.6520559 -0.5835795 -0.4850248 -0.6512957 -0.2353522 0.27024 -0.9335843 -0.2414276 0.2776101 -0.9298632 -0.08669954 0.3366643 -0.9376249 0.7169834 -0.3801195 -0.5843321 0.723223 -0.3610712 -0.5887071 0.6035997 -0.3213686 -0.7296503 0.6421868 0.04447269 -0.7652571 0.49657 0.1383244 -0.8569041 0.4906263 0.1161187 -0.8635985 -6.19925e-5 0.9999906 0.004340529 0 1 3.29668e-7 -0.02304434 0.9990257 -0.03764212 0.01774305 0.9998418 -0.001350879 0 1 -2.53908e-7 0.006077885 0.999981 -0.001058459 0.006862521 0.9999735 0.00243777 0.006122529 0.9999805 -0.001212954 0.9710388 -0.2364293 -0.03442478 0.9983215 -0.05166977 -0.02616333 0.9975265 0.06271147 0.03175371 0.9931395 0.1106435 0.03784114 -0.01139318 0.9980362 -0.06159645 0 1 1.5476e-7 0.05114769 0.9977802 0.04264545 0 1 -3.32678e-7 0.05171215 0.99862 0.009170889 -0.3115291 0.9494238 -0.03929692 -0.1481214 0.9656964 -0.2132849 -0.06374055 0.0488615 -0.9967697 0.9963966 -0.006116151 -0.08459597 0.0422191 -0.005891203 -0.999091 -0.007911503 0.04895955 -0.9987695 2.14976e-4 -1 2.17694e-4 -0.1418341 -0.9874439 0.06955337 -0.1158645 -0.9890243 0.09168648 -2.62936e-5 -1 -4.32528e-6 -2.79257e-5 -1 9.96059e-6 -3.05288e-5 -1 -1.15781e-5 0.2975984 -0.001195549 0.9546905 0.3100078 0.04893159 0.9494741 0.4586783 0.006178617 0.8885809 0.380549 0.08506691 0.9208399 0.2286347 0.1357445 0.964002 0.3939663 0.1357553 0.909044 0.9601026 -0.1413277 0.2413076 0.9107053 -0.1763561 0.3735164 0.9028828 -0.1416167 0.4058908 0.9785769 -3.51692e-4 0.2058816 0.9586227 -0.01418542 0.2843264 0.9761025 0.0272569 0.2155947 -0.09099358 -0.004548132 0.9958412 0.9938978 -0.1085606 0.01954054 0.9939535 -0.1085861 0.0163002 0.9882302 0.152319 0.01414448 0.6809345 0.7315659 -0.03376084 0.8145604 0.5783692 -0.04450315 0.777186 0.627777 -0.04333609 0.2552591 0.9664377 0.02900272 0.3628431 0.9317266 0.01518511 0.2457988 0.9689828 0.02560126 0.2742109 -0.9616357 0.008068144 0.3048511 -0.9285559 -0.211778 0.3282647 -0.9441668 0.02813303 0.9416905 -0.3340069 -0.04072642 0.8865958 -0.4604807 -0.04365414 0.9407494 -0.3372941 -0.0349788 -0.8026371 0.1758227 -0.569965 -0.8024765 0.1721202 -0.5713197 -0.6492424 0.1889951 -0.7367261 -0.6174583 0.08871757 -0.7815847 -0.4231413 0.08955729 -0.901627 -0.4240471 0.09576475 -0.9005628 0.2630681 0.3223768 -0.9093232 0.2656141 0.3052683 -0.9144728 0.4740059 0.2715393 -0.8376067 0.7084077 -0.2308097 -0.6669974 0.8338154 -0.2647969 -0.484391 0.8356556 -0.2493952 -0.4893689 0.833351 0.2810462 0.4759613 0.8355428 0.2654659 0.4810364 0.7097645 0.2463073 0.659975 0.4936857 -0.2470149 0.8338215 0.2876281 -0.2813689 0.915479 0.2921614 -0.265874 0.9186691 -0.6463353 0.2656038 0.7153359 -0.6508792 0.2526876 0.7158947 -0.7986896 0.2393146 0.5521084 -0.9363758 -0.2086707 0.2822358 -0.9707489 -0.2318018 0.06256836 -0.973442 -0.2191975 0.0660541 -0.01418846 0.02113288 -0.999676 -0.001532793 4.94731e-4 -0.9999988 -0.08878314 0.02840679 -0.9956459 -0.00974518 0.0174762 -0.9997998 0.01071733 -0.01760441 -0.9997876 0.0141561 -0.02038198 -0.9996921 0.001483082 -4.79891e-4 -0.9999989 0.07705855 -0.02461892 -0.9967226 0.07958662 0.04880577 -0.9956325 0.01426315 0.04895609 -0.9986992 -0.04826086 -0.01867043 -0.9986603 -1.97376e-4 1 1.97631e-4 0.1158645 0.9890244 0.09168648 0 1 -1.64834e-7 0.1418341 0.9874439 0.06955337 2.0665e-5 1 -3.51429e-6 2.39935e-5 1 -9.20312e-6 2.19477e-5 1 7.99037e-6 0.09099358 0.004548132 0.9958412 -0.9693855 0.02273327 0.2444896 -0.9227353 0.01252812 0.3852307 -0.9122197 0.02224057 0.4090975 -0.9485514 0.01932579 0.3160328 -0.948922 0.01555949 0.315127 -0.9303339 0.009164392 0.3665992 -0.3968593 -0.01745134 0.9177137 -0.3847207 0.02860581 0.9225897 -0.2315278 -0.017434 0.9726721 -0.2517246 -0.04635876 0.966688 -0.4048279 -0.002152264 0.9143905 -0.2399352 -0.001035034 0.9707884 -0.427357 -0.8749904 0.2275037 -0.2434749 -0.9687967 -0.04639971 -0.018368 -0.999691 -0.01675003 -2.61939e-4 -0.9991072 0.04224711 -0.03182983 -0.9994283 -0.01140207 -0.6427918 0.1608874 0.7489552 -0.5003169 0.1108606 0.8587159 -0.497936 0.1147021 0.8595948 -0.484538 0.02898609 0.8742899 -0.4883424 0.02257794 0.87236 -0.3223699 -0.03243654 0.9460579 0.4429624 0.1040178 0.8904857 0.5797673 0.04649204 0.8134546 0.583142 0.0528956 0.8106464 0.6957937 -0.1926629 0.6919193 0.6961904 -0.191974 0.6917116 0.7952038 -0.2206687 0.5647621 0.5973239 -0.2936219 0.7463179 0.720635 -0.2966102 0.6266639 0.7194324 -0.2999495 0.6264562 0.2924495 0.1332222 -0.9469558 0.04061186 0.09845602 -0.9943124 0.2977427 0.09845572 -0.9495556 0.9495557 -0.0984562 -0.297742 0.9469559 -0.1332227 -0.2924488 0.9943124 -0.0984565 -0.0406112 0.9469564 0.1332219 0.2924476 0.9943125 0.09845566 0.04060995 0.9495563 0.09845536 0.2977408 0.2977409 -0.09845602 0.9495562 0.2924476 -0.1332226 0.9469563 0.04061001 -0.09845626 0.9943125 -0.2924475 0.1332225 0.9469563 -0.04060995 0.0984562 0.9943124 -0.2977408 0.09845596 0.9495562 -0.9495563 -0.09845536 0.2977408 -0.9469564 -0.1332219 0.2924475 -0.9943125 -0.09845566 0.04060989 -0.946956 0.1332225 -0.2924488 -0.9943124 0.09845626 -0.0406112 -0.9495558 0.09845596 -0.297742 -0.2977427 -0.09845572 -0.9495556 -0.2924495 -0.1332222 -0.9469558 -0.04061192 -0.09845602 -0.9943124 0.7752816 0.399264 -0.4894149 0.6777175 0.4034674 -0.6147464 0.6841432 0.3940557 -0.6137331 0.08141136 -0.4100039 -0.9084433 0.08138751 -0.4099628 -0.908464 -0.07990759 -0.436908 -0.89595 0.9155064 -0.05785608 -0.3981214 0.9432003 -0.1173102 -0.3108241 0.9132134 -0.06224435 -0.4026997 -0.2783793 -0.1925231 -0.9409781 -0.4344655 -0.2358977 -0.869248 -0.4337278 -0.23682 -0.8693656 -0.203682 0.1256875 -0.9709359 -0.1862314 0.1092512 -0.9764128 -0.3456436 0.005685567 -0.9383488 -0.9400125 -0.2382127 -0.2441952 -0.9437958 -0.2224286 -0.2444897 -0.97902 -0.1947191 -0.06003707 -0.9919922 -0.09992885 -0.07723903 -0.991666 -0.09681808 0.08499914 -2.16093e-6 1 -4.48474e-5 -0.02866911 0.999589 2.27537e-4 -0.01965552 0.9997837 0.006806969 -0.009552299 0.9998804 0.0121628 3.63143e-5 1 1.5152e-5 4.41119e-5 1 -7.81497e-5 4.87043e-5 1 7.81572e-6 0.04261362 -0.4569325 -0.8884801 -0.3873479 -0.04513883 -0.920828 -0.8932088 -0.008715271 -0.4495579 -0.9084771 0.4097456 -0.08232802 -0.04826086 0.01867043 -0.9986603 0.01426315 -0.04895609 -0.9986992 -8.75382e-5 -1 -7.09473e-6 -2.11688e-4 -1 2.95291e-4 -9.09633e-5 -1 -1.58454e-5 0 -1 0 -3.63951e-4 -1 1.80208e-4 0.05176854 -0.9984501 0.02043664 0.04709261 -0.9986021 0.02400714 0 -1 3.05407e-7 -0.8990649 -0.09830254 0.4266368 -0.8931797 -0.1432247 0.4262828 -0.9597481 -0.09780138 0.263284 -0.9800043 0.08755981 0.1786757 -0.949993 0.01055139 0.3120931 -0.9661452 0.02401602 0.2568789 -0.1371765 -0.0480628 0.9893799 -0.1483607 -0.09214121 0.9846315 -0.3070541 -0.04801297 0.9504802 -0.429573 0.2552191 0.8662161 -0.2796572 0.2142973 0.9358785 -0.4408979 0.2201618 0.8701367 -0.2602619 -0.04906725 0.9642906 -0.254767 -0.9665883 0.02830123 -0.3624718 -0.9318664 0.01547515 -0.2452695 -0.9692003 0.02222096 -0.99386 0.1089055 0.01954203 -0.9937978 0.1087836 0.02306628 -0.9882864 -0.1519721 0.01395338 -0.8819012 -0.4696574 -0.04089301 -0.9218319 -0.3860998 -0.03395467 -0.8820249 -0.4696115 -0.03869408 -0.7806237 0.6228722 -0.05154621 -0.6837816 0.7284193 -0.04299086 -0.748105 0.6617682 -0.04900908 -0.2725598 0.9620847 0.01021313 -0.2921051 0.9330286 -0.2100766 -0.3268958 0.9445956 0.02963668 0.8028069 -0.1759488 -0.569687 0.8026471 -0.1722568 -0.5710388 0.6494675 -0.1891411 -0.7364901 0.6174583 -0.08871757 -0.7815847 0.4231413 -0.08955729 -0.901627 0.4240471 -0.09576475 -0.9005628 -0.2630681 -0.3223768 -0.9093232 -0.2656141 -0.3052683 -0.9144728 -0.4740059 -0.2715393 -0.8376067 -0.7084077 0.2308097 -0.6669974 -0.8338154 0.2647969 -0.484391 -0.8356556 0.2493952 -0.4893689 -0.833351 -0.2810462 0.4759613 -0.8355428 -0.2654659 0.4810364 -0.7097645 -0.2463073 0.659975 -0.4936857 0.2470149 0.8338215 -0.2876281 0.2813689 0.915479 -0.2921614 0.265874 0.9186691 0.6461833 -0.2655017 0.715511 0.6507253 -0.2525903 0.7160689 0.7985724 -0.2392506 0.5523056 0.9363669 0.2087002 0.2822434 0.9707552 0.2317727 0.06257605 0.9734452 0.2191812 0.06606197 -0.5320687 -0.8285352 -0.1744493 0.01988857 -0.9997988 -0.002595365 0.00845164 -0.999902 -0.01116293 0.005555033 -0.9999818 0.002388536 0 -1 1.52704e-7 0 -1 -2.66561e-7 0.5259398 0.8321606 -0.1757733 0.7620486 0.4573861 -0.4583448 0.008002281 0.9945695 -0.1037673 -0.006746411 0.9999766 -0.001082837 0 1 0 -0.0319451 0.9994525 0.008620977 0 1 1.70563e-7 0 1 -4.35586e-7 0 1 4.58403e-7 -0.325537 0.9035738 0.2785325 -0.1514199 0.9879786 0.03115093 -0.01022475 0.9999442 0.002669155 -0.006854712 0.9999766 2.49639e-4 -0.3130735 0.9408905 0.1292678 2.45904e-6 -1 -2.1031e-6 0.3129284 -0.9491214 -0.03527587 0.1258814 -0.9745668 -0.1854014 2.5043e-6 -1 6.09615e-7 -0.8920484 0.00864762 -0.4518572 -0.903897 -0.4213563 -0.07368248 -0.9931396 -0.1106436 0.03784137 -0.9975264 -0.06271219 0.03175401 -0.9932216 0.1037006 -0.05250924 -0.9903184 0.1281104 -0.05345469 -0.3540021 -0.005423188 0.935229 -0.5058271 0.078902 0.8590189 -0.5136424 0.06735813 0.8553563 -0.4891 0.1126049 0.8649284 -0.4864804 0.1166245 0.8658728 -0.631755 0.1646198 0.7574865 0.7629302 0.1759679 0.6220715 0.764455 0.1607926 0.6243032 0.6534579 0.1323791 0.7452977 0.6300402 -0.05780971 0.7744078 0.4924605 -0.1094969 0.8634195 0.4927484 -0.09322112 0.8651642 -0.2924071 -0.1332101 -0.9469705 -0.04056537 -0.09845536 -0.9943144 -0.2976984 -0.09845626 -0.9495694 -0.9495559 0.09845679 -0.2977414 -0.946956 0.1332233 -0.2924483 -0.9943124 0.09845715 -0.04061055 -0.9469555 -0.133222 0.2924507 -0.9943124 -0.0984559 0.04061323 -0.9495552 -0.09845554 0.297744 -0.2976989 0.09845703 0.9495692 -0.2924078 0.1332107 0.9469704 -0.04056602 0.09845614 0.9943143 0.2924079 -0.1332091 0.9469705 0.04056608 -0.09845453 0.9943144 0.297699 -0.09845536 0.9495694 0.9495553 0.09845602 0.2977433 0.9469556 0.1332227 0.29245 0.9943124 0.09845638 0.04061251 0.946956 -0.1332239 -0.2924481 0.9943123 -0.09845757 -0.04061043 0.9495558 -0.09845727 -0.2977412 0.2976984 0.09845632 -0.9495694 0.2924072 0.1332101 -0.9469705 0.04056549 0.09845548 -0.9943143 6.19755e-5 -0.9999907 0.004340052 0 -1 0 0 -1 -3.29668e-7 0.0231837 -0.9990137 -0.03787142 -0.01862108 -0.9998252 -0.001652479 0.7646411 -0.4531289 -0.4582557 0 -1 5.70126e-7 -0.006067574 -0.9999811 -0.001056849 -0.006849288 -0.9999737 0.00243318 -0.006112039 -0.9999806 -0.001211285 -0.6760615 0.4995684 -0.5416385 -0.6798932 0.4857174 -0.549385 -0.5561536 0.4704662 -0.6850947 -0.4186217 -0.3550823 -0.8358663 -0.2429158 -0.3793095 -0.8928137 -0.2490631 -0.3647316 -0.8971836 0.8785706 0.02736222 -0.4768282 0.7956922 0.105069 -0.5965185 0.8013368 0.1146529 -0.5871236 0.7419118 0.3444479 -0.5752589 0.6267958 0.3605265 -0.6907588 0.6338902 0.3467329 -0.6913462 -0.9286944 -0.007289826 -0.3707743 -0.8011624 -0.01420605 -0.5982784 -0.9286984 -0.0142095 -0.3705636 -0.6769136 -0.04645603 -0.7345951 -0.676826 -0.05774992 -0.7338744 -0.8440984 -0.04643601 -0.5341739 -0.4460146 0.05277508 0.8934685 -0.4453086 0.06446117 0.8930538 -0.1993128 0.05275917 0.9785146 0.4453088 -0.06446123 0.8930538 0.199313 -0.05275923 0.9785147 0.4460147 -0.05277508 0.8934683 0.6768265 0.05774968 -0.7338739 0.8440988 0.04643577 -0.5341731 0.6769142 0.0464558 -0.7345945 0.9286985 0.01420968 -0.3705633 0.9286946 0.007289946 -0.3707739 0.8011627 0.01420617 -0.5982781 0.4237418 0.8839587 0.1976363 0.2917824 0.9561175 -0.02650517 0.01515859 0.9996904 -0.01973301 0 1 -1.95312e-7 0.01736116 0.9997851 0.01133555 0 1 5.25689e-7 0.008613228 0.9999575 0.003302633 0.3280895 -0.901925 0.2808714 0.1525886 -0.9877911 0.03139168 0.3130735 -0.9408905 0.1292678 0.02758306 -0.999543 -0.01237505 0.0464279 -0.9989202 0.001690804 0.6427921 -0.1608858 0.7489554 0.5003172 -0.1108588 0.858716 0.4979362 -0.1147003 0.8595949 0.4845398 -0.02898442 0.8742889 0.4883441 -0.02257633 0.872359 0.3223718 0.03243809 0.9460572 -0.442961 -0.1040174 0.8904864 -0.5797981 -0.04646301 0.8134344 -0.5831746 -0.05287015 0.8106246 -0.689579 0.1803808 0.7013871 -0.6896752 0.1802129 0.7013355 -0.790324 0.2104427 0.5754145 -0.600023 0.2742794 0.7514941 -0.7227349 0.2805479 0.6316227 -0.7217476 0.2832717 0.6315358 -0.2924071 -0.1332101 -0.9469705 -0.04056543 -0.09845542 -0.9943144 -0.2976984 -0.09845632 -0.9495694 -0.9495559 0.09845703 -0.2977413 -0.946956 0.1332235 -0.2924481 -0.9943123 0.09845733 -0.04061043 -0.9469553 -0.1332225 0.2924508 -0.9943122 -0.09845632 0.04061329 -0.9495552 -0.09845602 0.297744 -0.297699 0.09845709 0.9495691 -0.2924078 0.1332107 0.9469703 -0.04056608 0.09845626 0.9943143 0.2924079 -0.133209 0.9469705 0.04056602 -0.09845453 0.9943145 0.297699 -0.0984553 0.9495694 0.9495554 0.09845584 0.2977434 0.9469555 0.1332225 0.2924501 0.9943124 0.09845614 0.04061269 0.9469559 -0.1332241 -0.2924483 0.9943123 -0.09845781 -0.04061061 0.9495558 -0.09845745 -0.2977414 0.2976984 0.09845632 -0.9495695 0.2924072 0.1332101 -0.9469706 0.04056543 0.09845542 -0.9943144 -0.7719688 -0.3893049 -0.5024999 -0.6728896 -0.3902218 -0.6284478 -0.6793562 -0.3805778 -0.627404 -0.2485765 0.2412251 -0.9380939 -0.247692 0.2395097 -0.9387671 -0.08990204 0.2659724 -0.9597794 -0.9161188 0.04676377 -0.3981703 -0.9449967 0.1050689 -0.309745 -0.9139866 0.05117613 -0.4025043 0.3127609 -0.2211946 -0.9237173 0.4721565 -0.1757413 -0.863819 0.4718146 -0.175275 -0.8641005 0.577044 0.2400505 -0.7806383 0.5735957 0.2436659 -0.7820582 0.6914242 0.3016985 -0.6564379 -0.9286944 -0.007290065 -0.3707743 -0.8011624 -0.01420629 -0.5982784 -0.9286984 -0.0142098 -0.3705636 -0.6769139 -0.0464558 -0.7345948 -0.6768262 -0.05774968 -0.7338742 -0.8440986 -0.04643577 -0.5341736 -0.4460146 0.05277508 0.8934685 -0.4453086 0.06446117 0.8930538 0.4453088 -0.06446129 0.8930538 0.199313 -0.05275928 0.9785147 0.4460147 -0.05277514 0.8934683 0.6768265 0.05774962 -0.7338739 0.8440988 0.04643571 -0.5341731 0.6769142 0.04645574 -0.7345945 0.9286984 0.0142098 -0.3705636 0.9286944 0.007290065 -0.3707743 0.8011624 0.01420629 -0.5982784 -0.2380198 -0.03013277 0.9707928 -0.387941 -0.1115505 0.914909 0.4197839 0.12843 0.8984916 0.3290638 -0.08612519 0.940372 -0.03010261 -3.94343e-4 0.9995468 0.03295511 4.63022e-4 0.9994568 -0.3633778 0.1041014 0.9258075 0.5527075 0.2041564 0.8079818 0.9847961 -0.1646187 -0.05547606 0.9996447 -0.01219034 0.02370363 0.9916661 0.09681761 0.0849992 -0.00241965 -0.9987428 0.05007076 0.02866911 -0.999589 2.27538e-4 0.01350277 -0.999845 0.01129674 0.01067012 -0.9998606 0.01284724 0 -1 -5.7567e-7 0.05233901 -0.9985891 -0.008974432 0.05254161 -0.9985973 -0.006539881 -0.04261469 0.4569328 -0.8884799 0.3873499 0.04513835 -0.9208272 0.9958312 0.01780539 -0.08946138 0.04826092 -0.0186699 -0.9986603 -0.01426428 0.04895555 -0.9986992 1.97269e-4 1 3.06266e-4 6.01545e-5 1 -1.05606e-5 0 1 1.40491e-7 5.80938e-5 1 -4.74524e-6 3.6395e-4 1 1.79961e-4 0 1 1.53502e-7 -0.05176842 0.9984501 0.02043664 -0.04709261 0.998602 0.02400726 0 1 0 0.9106763 0.006261646 0.4130732 0.9066969 -0.02359938 0.4211221 0.9685474 0.007476806 0.2487168 0.9534581 0.01523339 0.3011405 0.9244688 -0.01229655 0.3810597 0.952991 -7.51283e-4 0.302998 0.1371773 0.04806292 0.9893798 0.1483615 0.09214138 0.9846313 0.3070548 0.04801309 0.95048 0.3966373 -0.1903967 0.8980133 0.2448076 -0.1477184 0.9582529 0.409094 -0.1489225 0.9002578 0.2602587 0.04906731 0.9642915 0.3501275 0.002223968 0.9366995 0.504946 -0.07346045 0.8600193 0.5111852 -0.06396949 0.8570867 0.4891 -0.1126049 0.8649284 0.4864804 -0.1166245 0.8658728 0.631755 -0.1646198 0.7574865 -0.7720156 -0.05328422 0.6333662 -0.7737791 -0.0353198 0.6324701 -0.6610471 0.007388412 0.750308 -0.7486075 -0.03405153 0.6621385 -0.6324484 0.02571517 0.7741755 -0.6313583 0.007812619 0.775452 0.2836801 -0.02973508 -0.958458 0.04068803 -0.09079802 -0.9950378 0.297821 -0.09079927 -0.9502937 0.9461058 0.1322818 0.2956098 0.9876193 0.1518291 0.03944724 0.9428614 0.151836 0.2965779 0.6967914 -0.2808316 0.6600117 0.6940206 -0.2931454 0.6575722 0.4932124 -0.2808179 0.8233365 -0.2930606 0.1646034 0.9418181 -0.03979492 0.1360101 0.9899079 -0.2969279 0.1360161 0.9451632 -0.9291618 -0.1278216 0.346872 -0.9259934 -0.1601194 0.3419035 -0.9874774 -0.1278172 0.09247326 -0.946956 0.1332239 -0.2924481 -0.9943123 0.09845757 -0.04061043 -0.9495558 0.09845727 -0.2977412 -0.01076692 -0.1341716 -0.9908997 -1.56909e-4 -0.1873667 -0.98229 0.2483153 -0.1341704 -0.9593425 -0.8802615 -0.01807624 -0.4741446 -0.798848 -0.09812104 -0.5934764 -0.8041739 -0.1069875 -0.5846864 -0.7418562 -0.3444223 -0.5753458 -0.6267315 -0.3604478 -0.6908582 -0.6338298 -0.3466492 -0.6914435 0.6760615 -0.4995684 -0.5416385 0.6798932 -0.4857174 -0.549385 0.5561536 -0.4704662 -0.6850947 0.4186217 0.3550823 -0.8358663 0.2429158 0.3793095 -0.8928137 0.2490631 0.3647316 -0.8971836 -6.34905e-5 0.9999901 0.004446506 0 1 0 0 1 -3.29668e-7 -0.02360832 0.9989771 -0.03856629 0.01787102 0.9998395 -0.001286447 0.006226122 0.9999801 -0.001084804 0 1 5.70126e-7 0.006271779 0.9999796 -0.001242697 0.007029771 0.9999722 0.002497792 0.9903184 -0.1281103 -0.05345463 0.9932215 -0.1037011 -0.05250918 0.9975264 0.06271141 0.03175401 0.9931396 0.1106436 0.03784137 0.05204278 0.9985683 -0.01236891 0 1 0 -0.3114414 0.9495627 -0.03653866 -0.1258814 0.9745668 -0.1854014 0.05115157 0.9977799 0.04264849 -0.06374055 0.04886096 -0.9967697 0.996395 -0.00611639 -0.08461421 0.0422191 -0.00589174 -0.999091 -0.007912635 0.04895901 -0.9987695 1.59172e-4 -1 1.57187e-4 0 -1 2.76523e-7 -0.1418337 -0.987444 0.06955343 0 -1 -1.49544e-7 3.98158e-6 -1 -1.10809e-6 4.03819e-6 -1 1.71213e-6 -0.1158647 -0.9890244 0.09168618 3.57761e-6 -1 5.3457e-7 0.2976431 -0.001194477 0.9546765 0.3100456 0.04890495 0.9494631 0.4586774 0.006177604 0.8885815 0.3805532 0.08506023 0.9208388 0.228639 0.1357407 0.9640015 0.3939706 0.1357456 0.9090436 0.9545227 -0.1342027 0.2662257 0.9018429 -0.1670432 0.3984671 0.893101 -0.1344698 0.4292885 0.9763762 0.01530009 0.2155352 0.9557923 0.002646565 0.2940309 0.9738393 0.04145967 0.2234238 -0.09099239 -0.004549205 0.9958413 0.993884 -0.1086603 0.01968425 0.9939404 -0.1086869 0.01642346 0.9882453 0.1522178 0.01418817 0.681174 0.7313449 -0.03371465 0.8147463 0.5781064 -0.04451674 0.7773825 0.627528 -0.04341912 0.2247223 0.9741435 -0.02333396 0.2772727 0.9578443 0.07519567 0.1795789 0.9831593 0.03390312 0.2742122 -0.9616355 0.008068323 0.3048523 -0.9285555 -0.2117779 0.3282659 -0.9441664 0.02813303 0.9411438 -0.3355533 -0.04064828 0.8858456 -0.4619437 -0.0434274 0.940197 -0.3388198 -0.03508347 -0.9633127 -0.1780812 -0.2007878 -0.8988921 -0.1490132 -0.4120537 -0.8989246 -0.1489154 -0.412018 -0.806693 0.06447422 -0.5874432 -0.8077325 0.0686776 -0.5855355 -0.6556757 0.1174162 -0.7458572 0.08046799 -0.1203085 -0.98947 0.2904724 -0.05774539 -0.9551395 0.2937185 -0.06319963 -0.9538005 0.3017296 0.02673864 -0.9530185 0.2994007 0.03057563 -0.9536375 0.4958984 0.083377 -0.8643686 0.9634941 -0.252705 0.08842706 0.9378378 -0.1810281 0.2961235 0.934914 -0.1882427 0.300833 0.841919 0.1865504 0.5063315 0.8423153 0.188553 0.5049285 0.7050551 0.2371964 0.6683076 -0.1941731 -0.2653089 0.9444089 -0.4021756 -0.2169991 0.8894754 -0.4028729 -0.218389 0.8888193 -0.667606 0.2137407 0.713174 -0.6665696 0.2154199 0.7136381 -0.7990193 0.25846 0.5429241 -0.01457387 0.02152585 -0.9996622 -0.001583337 3.55968e-4 -0.9999988 -0.009831249 0.0176261 -0.9997963 0.01065403 -0.01749789 -0.9997902 0.01446032 -0.02076005 -0.9996799 0.003363847 -0.001143932 -0.9999938 -0.04503375 0.01737713 -0.9988344 0.09009736 -0.02893167 -0.9955127 0.07958483 0.04880523 -0.9956327 0.01426428 0.04895555 -0.9986992 -0.04826092 -0.0186699 -0.9986603 -1.59172e-4 1 1.57131e-4 0.1158647 0.9890244 0.09168618 0.1418337 0.987444 0.06955337 0 1 -1.49544e-7 0 1 2.76523e-7 -3.98158e-6 1 -1.10809e-6 -4.03819e-6 1 1.71213e-6 -3.57761e-6 1 5.3457e-7 0.09099239 0.004549205 0.9958412 -0.9630269 -0.003068864 0.269388 -0.9129977 -0.01854431 0.4075431 -0.9016405 -0.003613948 0.4324712 -0.9485509 0.01932758 0.3160344 -0.9489214 0.01556122 0.3151286 -0.9303507 0.009172022 0.3665565 -0.3968597 -0.01745092 0.9177134 -0.3847211 0.0286042 0.9225896 -0.2315282 -0.01743769 0.9726719 -0.251765 -0.04633319 0.9666787 -0.4048283 -0.002151429 0.9143903 -0.2399822 -0.001034498 0.9707767 -0.4237418 -0.8839587 0.1976363 -0.01515859 -0.9996904 -0.01973301 -0.2917937 -0.9561141 -0.02650547 0 -1 -1.95312e-7 -0.0220766 -0.9997518 -0.003021895 -0.0431928 -0.9989295 0.0165627 0 -1 5.25689e-7 -0.6427921 0.1608858 0.7489554 -0.5003172 0.1108588 0.858716 -0.4979362 0.1147003 0.8595949 -0.4845398 0.02898442 0.8742889 -0.4883441 0.02257633 0.872359 -0.3223718 -0.03243809 0.9460572 0.442961 0.1040174 0.8904864 0.5797981 0.04646301 0.8134344 0.5831746 0.05287015 0.8106246 0.689579 -0.1803808 0.7013871 0.6896752 -0.1802129 0.7013355 0.790324 -0.2104427 0.5754145 0.6014012 -0.2735986 0.7506401 0.7239541 -0.2797529 0.6305782 0.722961 -0.2825034 0.6304914 0.2924071 0.1332101 -0.9469705 0.04056543 0.09845542 -0.9943144 0.2976984 0.09845632 -0.9495694 0.9495559 -0.09845703 -0.2977413 0.946956 -0.1332235 -0.2924481 0.9943123 -0.09845733 -0.04061043 0.9469553 0.1332225 0.2924508 0.9943122 0.09845632 0.04061329 0.9495552 0.09845602 0.297744 0.297699 -0.09845709 0.9495691 0.2924078 -0.1332107 0.9469703 0.04056608 -0.09845626 0.9943143 -0.2924079 0.133209 0.9469705 -0.04056602 0.09845453 0.9943145 -0.297699 0.0984553 0.9495694 -0.9495554 -0.09845584 0.2977434 -0.9469555 -0.1332225 0.2924501 -0.9943124 -0.09845614 0.04061269 -0.9469559 0.1332241 -0.2924483 -0.9943123 0.09845781 -0.04061061 -0.9495558 0.09845745 -0.2977414 -0.2976984 -0.09845632 -0.9495695 -0.2924072 -0.1332101 -0.9469706 -0.04056543 -0.09845542 -0.9943144 0.7761895 0.3973462 -0.4895365 0.6779763 0.4027022 -0.6149627 0.6843637 0.3931419 -0.6140732 0.2485765 -0.2412251 -0.9380939 0.247692 -0.2395097 -0.9387671 0.08990204 -0.2659724 -0.9597794 0.9154247 -0.05842775 -0.3982258 0.94314 -0.1177319 -0.3108476 0.9131476 -0.06278651 -0.4027649 -0.3127609 0.2211946 -0.9237173 -0.4721565 0.1757413 -0.863819 -0.4718146 0.175275 -0.8641005 -0.577044 -0.2400505 -0.7806383 -0.5735957 -0.2436659 -0.7820582 -0.6914242 -0.3016985 -0.6564379 -0.9847961 0.1646187 -0.05547606 -0.9996447 0.01219034 0.02370363 -0.9916661 -0.09681761 0.0849992 0 1 1.23681e-7 -0.02866917 0.999589 2.27538e-4 4.68668e-5 1 5.66542e-6 -2.15488e-6 1 -4.4397e-5 -0.01350277 0.999845 0.01129692 -0.01067012 0.9998606 0.01284724 4.66932e-5 1 7.99384e-6 0.04261469 -0.4569328 -0.8884799 -0.3873499 -0.04513835 -0.9208272 -0.8932081 -0.008715569 -0.4495592 -0.9083608 0.4100742 -0.08197563 -0.04826092 0.0186699 -0.9986603 0.01426428 -0.04895555 -0.9986992 -1.97269e-4 -1 3.06266e-4 -6.01545e-5 -1 -1.05606e-5 0 -1 1.40491e-7 -5.80938e-5 -1 -4.74524e-6 -3.6395e-4 -1 1.80084e-4 0 -1 1.53502e-7 0.05176842 -0.9984501 0.02043664 0.04709261 -0.998602 0.02400726 0 -1 0 -0.9054853 -0.104704 0.4112585 -0.8994206 -0.1508216 0.4102382 -0.9634217 -0.1041806 0.2469112 -0.982257 0.07579064 0.171543 -0.9528554 -0.003670752 0.3034028 -0.968677 0.01008409 0.2481195 -0.1371773 -0.04806292 0.9893798 -0.1483615 -0.09214138 0.9846313 -0.3070548 -0.04801309 0.95048 -0.4295713 0.2552174 0.8662174 -0.2796554 0.2142955 0.9358795 -0.4408962 0.2201601 0.870138 -0.2602587 -0.04906731 0.9642915 -0.228272 -0.9732114 -0.02741372 -0.2799763 -0.9573256 0.07170104 -0.1828629 -0.9827727 0.02681654 -0.9938476 0.1090106 0.01958537 -0.9937865 0.1088901 0.02305257 -0.9883037 -0.1518653 0.01389253 -0.8819006 -0.4696588 -0.04089069 -0.9218314 -0.386101 -0.03395581 -0.8820242 -0.4696128 -0.03869301 -0.780624 0.6228718 -0.05154621 -0.6837819 0.728419 -0.04299086 -0.7481053 0.6617678 -0.04900902 -0.2725607 0.9620844 0.01021313 -0.292106 0.9330284 -0.2100767 -0.3268968 0.9445953 0.02963656 0.9633455 0.1778926 -0.2007979 0.898932 0.1487621 -0.4120572 0.8989601 0.148678 -0.4120263 0.80689 -0.06453382 -0.5871661 0.8079308 -0.06874519 -0.5852538 0.6559286 -0.1174843 -0.7456241 -0.08046799 0.1203085 -0.98947 -0.2904724 0.05774539 -0.9551395 -0.2937185 0.06319963 -0.9538005 -0.3017296 -0.02673864 -0.9530185 -0.2994007 -0.03057563 -0.9536375 -0.4958984 -0.083377 -0.8643686 -0.9634941 0.252705 0.08842706 -0.9378378 0.1810281 0.2961235 -0.934914 0.1882427 0.300833 -0.841919 -0.1865504 0.5063315 -0.8423153 -0.188553 0.5049285 -0.7050551 -0.2371964 0.6683076 0.1941731 0.2653089 0.9444089 0.4021756 0.2169991 0.8894754 0.4028729 0.218389 0.8888193 0.6674783 -0.2134953 0.713367 0.666437 -0.2151821 0.7138335 0.7989269 -0.2582693 0.543151 -0.7467836 -0.3662597 -0.5551289 -0.7520734 -0.374354 -0.5424434 -0.6168157 -0.579878 -0.5322406 -0.6402001 -0.7086366 -0.296611 -0.4626046 -0.86623 -0.1887928 -0.452409 -0.8655937 -0.2146477 0.8703176 -0.3550578 0.3412935 0.9563176 -0.139872 0.2566956 0.9550934 -0.1323532 0.2651023 0.7190874 0.3634189 -0.5923176 0.7192301 0.3639457 -0.5918207 0.5572616 0.5481199 -0.623718 -0.3878719 0.7969823 0.4630061 -0.5949679 0.6565901 0.463576 -0.5949762 0.662168 0.4555622 0.07551592 -0.1242704 0.9893707 -0.792218 0.6060546 -0.07133466 -0.8600088 0.5069447 0.05824095 -0.6992188 0.7125316 0.05823934 -0.4113131 0.9112375 -0.02162837 -0.2777871 0.9538224 0.1142684 -0.1617811 0.9867807 -0.009527683 0.9687238 -0.2383759 0.06892955 0.9148148 -0.3560285 0.1906768 0.8749473 -0.4813794 0.05235695 0.9701625 0.1991475 -0.1382939 0.942913 0.3329156 -0.009076416 0.9969454 0.07757288 -0.009077966 -0.3101574 -0.9433048 -0.11823 -0.1941886 -0.9808943 0.01172077 -0.441412 -0.8972281 0.01171576 -0.372559 -0.9279935 -0.0052827 -0.4926396 -0.8612418 0.1247755 -0.600005 -0.7999788 -0.005288183 -0.9806758 -0.1953327 -0.01096367 -0.9906752 -0.05858957 0.1230041 -0.9978925 0.06488686 -5.3553e-4 -0.2146711 0.9750774 -0.05604022 -0.3323755 0.9403517 0.07256215 -0.0770325 0.9943834 0.0725795 0.7003866 0.7117639 -0.05339443 0.7916997 0.6067945 0.07079565 0.8602593 0.5057616 -0.06449311 0.928445 -0.3555849 -0.1074683 0.9714521 -0.236147 0.02270066 0.8772258 -0.4795414 0.02269631 -0.8622485 -0.4677637 -0.1942291 -0.8127768 -0.5789856 -0.06457227 -0.9351065 -0.3484323 -0.06458187 0.5578542 -0.8237288 0.1013392 0.4318099 -0.872247 0.2296203 0.3244228 -0.9404729 0.1012952 -0.9331065 0.3507549 -0.07926851 -0.9708082 0.2344745 0.05053067 -0.8769081 0.4779949 0.05052864 -0.8015665 0.5979031 0.001738429 -0.7018137 0.7001397 0.1313856 -0.6195487 0.7849564 0.001733541 0.9970009 0.07699131 -0.007838308 0.9914001 -0.04667544 0.1222586 0.9829647 -0.1836279 -0.007836759 0.9874696 -0.08286225 -0.134305 0.9981938 0.05989688 -0.004639208 0.9796943 -0.2004435 -0.004633724 -0.7074778 -0.705125 0.04768639 -0.783083 -0.5959689 0.1777699 -0.8659927 -0.4977787 0.04767835 0.7150527 -0.6680607 -0.2058995 0.8091428 -0.5826659 -0.07608109 0.6302185 -0.7726804 -0.07609117 -0.9914001 -0.04667544 -0.1222586 -0.9829647 -0.1836279 0.007836759 -0.9970009 0.07699131 0.007838308 0.7018137 0.7001395 -0.1313856 0.6195487 0.7849564 -0.001733541 0.8015666 0.5979031 -0.001738429 0.5979025 0.8015669 0.001738548 0.7001392 0.7018141 0.1313857 0.784956 0.6195492 0.00173366 0.5348001 -0.8449208 -0.009892582 0.4197858 -0.8996115 0.1203294 0.2979367 -0.9545344 -0.009891688 0.783083 -0.5959689 -0.1777699 0.8659927 -0.4977787 -0.04767835 0.7074778 -0.705125 -0.04768639 -0.9796944 -0.2004436 0.004633784 -0.9874696 -0.08286225 0.134305 -0.9981938 0.05989688 0.004639208 0.5865399 0.8038067 0.09932756 0.6725544 0.70375 0.2289246 0.7753769 0.62364 0.09931689 -0.695729 0.6878545 -0.2069235 -0.7957331 0.6006049 -0.07799124 -0.6125812 0.7865478 -0.07801932 0.9956986 -0.01468801 -0.09148079 0.9931499 0.1103059 0.03854906 0.9878375 -0.150637 0.0385456 0.8012728 -0.5976175 -0.02855712 0.7077847 -0.6991104 0.1014175 0.6192547 -0.7846707 -0.02856111 -0.5943162 -0.7972109 -0.1060332 -0.493274 -0.8695421 0.02402496 -0.7015346 -0.7122305 0.02402061 -0.986548 -0.1572179 -0.04478377 -0.9960733 -0.02373343 0.08529305 -0.9936015 0.1036837 -0.04478669 -0.9969454 0.07757228 0.009077966 -0.9701625 0.1991469 0.1382939 -0.9429132 0.3329151 0.009076356 -0.9746142 0.1864641 -0.1239288 -0.99854 0.05365395 0.006260931 -0.9506447 0.3102187 0.006261587 0.6692734 0.7314155 -0.1307846 0.5791207 0.8152393 -0.002013504 0.7703518 0.6376159 -0.002020061 0.4484987 0.8937084 0.01159238 0.5612732 0.8154188 0.1416494 0.6644967 0.7472015 0.01158583 0.6273773 -0.7740002 -0.0855661 0.7156888 -0.6970422 0.04383844 0.510725 -0.8586259 0.04383677 0.383347 -0.9235333 -0.0114631 0.2450003 -0.962304 0.118093 0.131295 -0.9912771 -0.0114665 0.1905581 0.9741067 -0.121671 0.0649777 0.9978501 0.008551299 0.3209825 0.9470466 0.008546829 0.7286154 0.6844482 -0.0255022 0.8081623 0.5795782 0.1047042 0.8809507 0.4725204 -0.02550518 0.9821483 -0.1647658 -0.09075856 0.9984806 -0.03857839 0.03934729 0.9544298 -0.295831 0.03934419 0.4328845 -0.9003728 -0.0440461 0.3074552 -0.9468494 0.09459257 0.1856496 -0.9822455 -0.02698069 -0.896842 -0.4388145 -0.05582618 -0.8365494 -0.5429226 0.07362127 -0.9487667 -0.3072815 0.07362121 -0.9571701 0.2867563 -0.03995156 -0.9040613 0.4195053 0.08178371 -0.8498196 0.5241482 -0.05545544 -0.8081623 0.5795782 -0.1047042 -0.8809506 0.4725204 0.02550518 -0.7286154 0.6844482 0.0255022 0.59725 0.8008942 -0.0431388 0.6937257 0.7149668 0.08699035 0.7843031 0.6188762 -0.04313886 0.8789408 0.4556544 -0.1408621 0.8211808 0.5706609 -0.00288552 0.940576 0.3390886 -0.01832765 0.7594989 -0.6482945 -0.05362713 0.6690878 -0.7392435 0.0764237 0.5655625 -0.8229602 -0.05362427 -0.2746064 -0.9571067 -0.09240251 -0.1511801 -0.9880651 0.02953058 -0.4011655 -0.9148562 0.04587596 -0.9544297 -0.2958311 -0.03934419 -0.9821482 -0.1647659 0.09075856 -0.9984807 -0.03857839 -0.03934729 0.0114116 0.6517166 0.7583767 -0.02310717 0.9992263 -0.03182852 0.02234643 0.9993793 0.02723455 0.9235749 -0.06886798 -0.3771826 0.9879896 0.1502175 0.03621095 0.9725719 -0.05631738 0.2256817 0.9937903 6.70152e-4 0.111267 0.9892961 -0.1350731 -0.05521351 0.9986603 -0.04874706 0.01736497 0.03853565 0.9955582 -0.08590126 0.9968563 -0.05772387 -0.05427259 0.9141896 -0.2189994 0.341023 1.66576e-6 0 1 0.03342205 0.01978814 0.9992455 0 0 1 -8.42659e-6 0 1 0.1085792 0.002961516 0.9940834 0.2770607 -0.01977509 0.9606489 -0.08574736 0.02733534 0.9959419 0.006103336 0.005126178 0.9999683 0.01197153 -0.004944801 0.9999162 -0.5912626 -0.1724128 0.787834 -0.1186307 0.1316545 0.9841718 -0.02492409 -0.0179252 0.9995287 0.009473502 0.1764517 0.9842637 1.65777e-6 0 1 -3.01194e-7 0 1 -0.03346097 -0.04935735 0.9982206 -0.004982829 -0.4159951 -0.9093533 0.01600658 0.00114119 0.9998713 -0.004771053 -0.004904508 0.9999767 -0.9951338 -0.05588328 -0.08115303 -0.02426487 0.05240148 0.9983313 0.3901752 -0.02555757 -0.920386 0.007653355 -0.007444441 0.9999431 0.05353659 0.04094785 0.997726 -0.03533351 -0.01066195 0.9993188 0.008294522 -0.04737395 0.9988428 -1.68419e-6 0 1 -0.1906995 0.00659734 0.9816263 -0.02346974 0.01099306 0.9996641 -0.107156 -0.01695597 0.9940977 -1.93696e-4 0.03344136 0.9994407 0.189138 -0.05574846 0.9803668 -0.0408228 0.002188742 0.9991641 0.01264381 -0.006822943 0.9998968 -0.002010047 -0.03743648 0.9992971 0.07600373 0.05187451 0.9957573 0.01954746 0.003352344 0.9998033 -0.0204702 0.9997532 -0.008628368 -0.9858002 -0.05650138 -0.1581318 -0.9933739 -0.1148681 -0.003686785 -0.7885266 0.3442282 0.5096399 -0.9996612 0.006061851 -0.02531534 -0.9971884 -0.07040715 0.02565705 -0.9576676 -0.2418061 -0.1562134 -0.9850977 -0.1715561 0.01229351 0.7619279 0.1326909 0.6339237 7.49504e-4 -0.9999548 0.009477853 -0.01465874 -0.9994793 0.02874624 0.8405066 0.001856386 -0.5417984 -0.01316446 0.6964552 -0.7174795 0.1291359 0.061459 -0.9897206 -0.00994867 0.1853023 -0.9826312 0 0 -1 -9.37457e-7 0 -1 0.001743555 -0.7455072 -0.6664953 1.37365e-6 0 -1 -9.67288e-7 0 -1 5.93593e-7 0 -1 5.04422e-7 0 -1 -0.9681001 0.006013035 -0.2504917 -0.05197417 0.03975307 -0.997857 -0.00424236 -0.004125714 -0.9999825 5.30519e-7 0 -1 -1.71011e-6 0 -1 -1.03491e-6 0 -1 0.4009157 0.005973577 -0.9160956 0.009542465 -0.1453487 -0.9893345 0.02334487 -0.1109794 -0.9935485 0.2062135 -0.02928459 -0.9780687 0.1001657 -0.4998067 -0.8603256 -0.29842 0.08193713 -0.9509111 -0.08239352 -0.01733154 -0.9964492 0 0 -1 -0.003207266 -0.00417906 -0.9999862 0 0 -1 0 0 -1 -0.0248273 -0.02665251 -0.9993364 0 0 -1 0.1189384 0.8507919 0.511866 0.3712385 0.7977977 0.4750797 0.1186169 0.8596284 0.49696 0.9063777 0.4077723 -0.1104597 0.897294 0.4139376 -0.1533598 0.7705607 0.6301527 -0.09562331 -0.9734507 0.03458166 0.2262699 -0.9325299 0.2916394 0.2129189 -0.9764603 0.03436607 0.212942 -0.8283815 0.5562933 0.06574141 -0.8305584 0.5558734 0.03431826 -0.9450661 0.3237342 0.04523628 -0.2343233 -0.971203 -0.0430966 -0.2231599 -0.9747118 0.01168817 0.02518719 -0.9988722 -0.04025006 0.531729 -0.7349547 -0.4208395 0.3114964 -0.8687536 -0.3850159 0.5382711 -0.7406828 -0.4020612 0.5380799 0.8246266 -0.1745314 0.7366753 0.6603655 -0.1456948 0.538349 0.83003 -0.1457075 -0.7318452 0.672851 0.108048 -0.7322023 0.6661995 0.1416265 -0.882427 0.4598542 0.09927999 -0.9581661 -0.1225406 -0.2586532 -0.9644695 0.1344671 -0.227414 -0.9655377 -0.1265276 -0.2274373 -0.5153994 -0.8490963 0.1157538 -0.5160353 -0.8510369 0.09717959 -0.277603 -0.9554913 0.0998649 0.7859038 -0.6183239 -0.005554199 0.5993059 -0.8003937 -0.01423114 0.786024 -0.618032 -0.01423823 0.9351618 -0.2458537 0.2550067 0.9290673 -0.2445122 0.2775749 0.9623911 0.01320415 0.2713469 0.8991189 0.3666601 -0.2390517 0.9689944 0.1170897 -0.2175773 0.903315 0.3696874 -0.2176082 0.4834114 0.8692591 0.1034512 0.4837914 0.8711831 0.08358263 0.241636 0.9663593 0.08810079 -0.8141242 0.5806336 -0.008159518 -0.6362967 0.7712551 -0.01709133 -0.8142207 0.5803037 -0.0170992 -0.9531601 0.1883754 0.2366445 -0.9469022 0.1870729 0.2614958 -0.9649091 -0.07187086 0.2525572 -0.3567084 -0.9014197 -0.2453604 -0.5852792 -0.7794677 -0.2233352 -0.3574638 -0.9068236 -0.2233625 0.7174322 -0.6744093 0.1745377 0.7158425 -0.6703383 0.1954894 0.8704288 -0.4630917 0.1670328 0.7024472 0.7114889 -0.0187503 0.8613808 0.5064628 -0.03896713 0.7008451 0.7122483 -0.03896886 0.8658053 -0.1789422 -0.4672911 0.8587711 -0.1782974 -0.4803356 0.8753727 0.08171695 -0.4764925 -0.2698776 0.9570221 0.1061831 -0.2696178 0.9567912 0.1088891 -0.5083683 0.8523234 0.1229088 -0.993759 0.08350878 -0.0739547 -0.9387035 0.3382359 -0.06657493 -0.9927746 0.08364403 -0.08603698 -0.593226 -0.6985191 0.4001923 -0.5865737 -0.6925693 0.4198561 -0.3741124 -0.8401271 0.392717 0.1756232 -0.9836761 0.03921496 -0.0760883 -0.9942635 0.07517147 0.1835757 -0.9782946 0.09612339 -0.9993211 -0.002111077 0.03678399 -7.51641e-5 0.333043 -0.9429118 -0.1829089 -0.9820609 -0.04583507 -0.8589912 0.3708719 -0.3529707 -0.2107544 -0.9129753 0.3493691 0.02914655 -0.935459 0.3522314 -0.2106428 -0.9111825 0.3540849 -0.2237651 -0.9730479 -0.05574017 -0.2548338 -0.9666556 0.02523392 -0.4504195 -0.8910755 -0.0557394 0.8264949 -0.3784399 -0.4167606 0.4736199 0.2032327 -0.8569602 -0.09571516 -0.5921925 -0.8000918 -0.06954544 -0.9975539 0.007063031 -0.006945073 -0.9897412 0.1427033 0.01843339 -0.999631 -0.01995366 0.3638377 -0.8791316 -0.3078149 0.9215356 -0.1529387 -0.3569062 0.9480136 0.07592517 -0.3090404 0.9383726 -0.1662577 -0.3030102 0.7943212 -0.1290428 -0.5936343 0.8122918 -0.1400319 -0.5661919 0.7198295 -0.3597653 -0.593645 -0.1340873 0.9876181 0.08143246 -0.3533849 -0.9077985 0.2258781 0.9357849 0.2755542 0.2199469 0.8394482 0.4978869 0.2177968 0.9374023 0.2761779 0.2121388 0.8695712 0.02018702 -0.493395 0.8896148 0.0101282 -0.4565995 0.8413565 -0.2206154 -0.4934048 0.3704133 0.8737837 -0.3151128 -0.2952677 0.5117999 -0.80677 0.7733529 -0.5331841 -0.342987 0.9908179 -0.08658438 -0.1038413 0.9955636 0.002004265 0.09407049 0.8380505 -0.1873089 0.5124321 0.8990272 -0.4356722 0.04404497 0.4351823 0.4077972 -0.8026942 0.9965316 0.002872765 0.08316546 0.4398853 -0.006656885 -0.8980293 -0.06373119 0.9978408 -0.01588273 0.1346236 0.916898 -0.375732 -0.135782 0.9888859 0.06056517 0.05119574 0.924059 -0.3788061 -0.8976748 0.03408867 -0.4393383 -0.7696368 0.5460646 -0.3308665 -0.9911066 0.07970243 -0.1065617 -0.9980985 -0.002105414 0.06160342 -0.9896014 0.004485189 0.1437671 -0.9985971 0.03773498 0.03714877 -0.3324441 -0.8800977 -0.3389822 0.2998881 -0.5161971 -0.8022518 -0.8693569 -0.4941811 0.001944243 -0.7250251 -0.6887206 -0.001621067 -0.8694061 -0.4940401 -0.007583856 -0.8074237 -0.02747106 -0.5893322 -0.8023126 -0.02776211 -0.5962582 -0.7792111 0.2133316 -0.5893385 -0.4427756 0.8895744 0.112282 -0.6441941 0.7601848 0.08445852 -0.4414714 0.8931645 0.08579146 0.2774635 0.7072139 -0.6502788 -0.1339327 0.9872683 0.08581018 0.1164567 0.9925982 0.03444761 -0.1444666 0.9889099 0.03444916 0.4587009 0.8106851 -0.363845 0.4510024 0.8014011 -0.3928782 0.2158198 0.9060965 -0.3638833 0.8867199 -0.4238967 0.1844978 0.8824509 -0.4187934 0.2142252 0.9670138 -0.1756076 0.1845169 0.4704966 0.7416588 -0.4780955 0.670777 0.5750246 -0.4684068 0.4735639 0.7459094 -0.4683551 -0.006225049 0.9990316 0.04355686 -0.005680739 0.9983746 0.05671095 -0.2636518 0.9623887 0.06554311 -0.9470524 -0.1261192 -0.2952724 -0.9379877 0.1321245 -0.3205032 -0.9384558 -0.128872 -0.3204572 -0.7853997 -0.4698681 0.4029533 -0.7957203 -0.4814857 0.3674248 -0.628225 -0.6772684 0.3829374 0.7625015 -0.6355202 -0.1212667 0.5719545 -0.8129847 -0.109197 0.7638244 -0.6361216 -0.1091862 0.8658936 0.2290878 0.4446879 0.8307142 0.2343488 0.5049698 0.7630879 0.4689329 0.4447459 0.6929386 0.01097995 0.720913 0.6267862 -0.2386165 0.7417556 0.6705097 0.01864373 0.7416665 -0.5695685 0.6508124 -0.502031 -0.369368 0.8065087 -0.4616398 -0.5880724 0.6641605 -0.4615861 -0.8561449 0.5122505 -0.06793695 -0.8555652 0.5112008 -0.08174425 -0.9596905 0.2727241 -0.06794065 -0.03064316 -0.992295 -0.1200484 -0.2771783 -0.945667 -0.169959 -0.0192511 -0.9852673 -0.1699347 -0.4320964 -0.8099161 -0.3966467 -0.4093855 -0.7920227 -0.4528837 -0.1866897 -0.8987694 -0.396687 0.9678215 -0.2452531 0.05632531 0.966368 -0.2398737 0.09270179 0.9983156 0.01390844 0.05632621 0.7636599 0.5459614 -0.3446008 0.8912736 0.3211513 -0.320146 0.7698557 0.5521326 -0.3201122 -0.3256402 0.8264442 0.4592912 -0.3229063 0.800304 0.505218 -0.5517246 0.6961351 0.459343 -0.9150245 0.3713532 -0.1575657 -0.8061516 0.5853219 -0.08670681 -0.9305101 0.3558564 -0.08670145 0.09323495 -0.9950727 0.03373211 -0.1587414 -0.9872267 -0.01358765 0.1021015 -0.9946814 -0.01358038 -0.4565361 -0.8118642 -0.3639387 -0.4487832 -0.8025027 -0.3931704 -0.2133564 -0.906643 -0.3639747 -0.9678215 0.2452532 0.05632489 -0.966368 0.2398738 0.09270137 -0.9983156 -0.01390832 0.05632579 -0.8128168 -0.4928736 -0.3104908 -0.9234793 -0.2602 -0.2819256 -0.8192179 -0.4994157 -0.2818974 0.3391601 -0.8444299 0.4146187 0.3385869 -0.8169417 0.4668675 0.5648502 -0.7134389 0.4146678 0.8969833 -0.3857056 -0.2159911 0.7873674 -0.5991415 -0.1451974 0.9166422 -0.3724094 -0.145184 -0.9134021 0.3527889 -0.2030681 -0.8735114 0.4424542 -0.2030078 -0.8768401 0.4418178 -0.1896011 -0.3672686 0.8612837 -0.3511469 -0.3715999 0.848108 -0.3776592 -0.2797299 0.882619 -0.3778026 -0.2916489 0.8238381 -0.4860369 -0.1951677 0.8479326 -0.492869 -0.1001208 0.8640942 -0.4932718 0.3538202 0.9153826 -0.1920577 0.4434288 0.8754823 -0.1920986 0.4428732 0.8784559 -0.1793837 0.8671125 0.369844 -0.3336636 0.8548996 0.3739144 -0.3596316 0.8894459 0.2821087 -0.3595841 0.8495562 0.1604586 -0.5025013 0.8656584 0.06590849 -0.4962777 0.8254455 0.2574876 -0.5023344 0.913337 -0.3530436 -0.2029184 0.8733837 -0.4426809 -0.2030636 0.8767262 -0.4420571 -0.1895701 0.3671147 -0.8612828 -0.3513101 0.3714401 -0.8480845 -0.377869 0.2795777 -0.8826162 -0.3779222 0.2734553 -0.8184583 -0.5053198 0.1766192 -0.8425195 -0.5088877 0.08179056 -0.8587002 -0.5059094 -0.352924 -0.9133816 -0.2029254 -0.4425327 -0.8734815 -0.2029656 -0.4419015 -0.8768147 -0.1895236 -0.8612895 -0.3670747 -0.3513355 -0.8481034 -0.3713961 -0.3778697 -0.8826161 -0.2795777 -0.3779221 -0.8425196 -0.1766186 -0.5088877 -0.8587003 -0.0817905 -0.5059093 -0.8184584 -0.2734553 -0.5053198 0.4135965 0.107747 0.9040623 2.09427e-7 0 1 0.005708575 -0.6158225 0.7878643 -2.3189e-7 0 1 3.56894e-4 -0.02611219 0.999659 0.03413736 0.007674276 0.9993877 0.8415096 9.57926e-4 0.5402414 0.09123104 -0.05207467 0.9944673 -0.3092688 -0.007113933 0.9509481 6.4584e-6 0 1 -1.16788e-6 0 1 0.001503884 0.009766459 0.9999512 -0.01070195 0.01645714 0.9998073 -0.06331908 0.03435468 0.997402 -0.1553447 5.77738e-4 0.9878602 0.07063341 0.7571159 0.649451 0 0 1 0.07955521 -0.008591175 0.9967935 0.02878695 0.02912443 0.9991613 -0.003133773 0.01023548 0.9999427 0.01312166 -0.2492283 0.968356 0.1180503 0.05970817 0.991211 0.0266546 -0.1257661 0.9917019 -0.06599473 -0.01398676 0.997722 -0.08904385 0 0.9960278 7.44675e-4 -0.7974067 0.6034418 0.002687871 -0.3999121 0.9165496 -0.02422428 -0.01060545 -0.9996504 -0.03802883 0.01869338 -0.9991018 -0.01328688 -0.02854675 -0.9995042 -0.04044735 -0.03952246 -0.9983998 -0.005766451 -0.01137775 -0.9999186 -0.001555085 0.002765893 -0.999995 0.04892355 -0.02121162 -0.9985774 0.01797896 -0.04945409 -0.9986146 0.01819044 -0.0476582 -0.9986981 0.02229344 0.008840262 -0.9997125 0.0711981 -0.01948308 -0.9972719 0.002308666 -0.0625441 -0.9980396 0.002119362 -0.06255871 -0.9980391 0.01954752 0.04262912 -0.9988998 -0.002738654 -0.004090964 -0.999988 -1.92921e-4 0.001858472 -0.9999983 0.02423775 -0.02612149 -0.999365 0.3939428 4.30709e-4 -0.9191349 0.02399098 0.001479268 -0.9997112 0.03646278 -0.004088282 -0.9993267 0.03529721 0.002927422 -0.9993727 -0.002266764 0.06975084 -0.9975619 -0.004942357 -0.04914909 -0.9987793 -0.03895592 -0.05934292 -0.9974772 0.01703172 -0.01557272 -0.9997337 0.07240939 0.009153842 -0.9973331 0.001049757 0.01400607 -0.9999014 -0.04531055 0.004460752 -0.9989631 0.008219301 0.004720687 -0.9999551 -1.92898e-4 0.01210767 -0.9999267 -0.07899266 0.01820629 -0.996709 -0.02464348 -0.01152044 -0.9996299 -0.01066678 -0.02901291 -0.9995222 0.003560483 0.01047104 -0.9999389 0.01154708 0.005398094 -0.9999188 0.06842738 0.05574983 -0.9960972 -0.00905013 0.04147315 -0.9990987 0.02317863 -0.05550575 -0.9981893 0.0215525 -0.03628695 -0.999109 -0.004384994 0.04555302 -0.9989523 0.4869418 -0.8465368 0.2150888 0.4870663 -0.8478776 0.2094517 0.2839694 -0.9371758 0.2026398 -0.3414713 -0.9374726 -0.0673992 -0.5388881 -0.8370489 -0.09459882 -0.539258 -0.837699 -0.08637952 0.42041 0.2095198 -0.882812 -0.5806439 0.07066547 -0.8110851 -0.5901074 0.2339125 -0.7726955 0.3540468 0.4150192 -0.8380991 -0.09699791 0.3998838 -0.9114189 -0.1272407 0.4619579 -0.8777271 -0.07794708 0.4821954 -0.8725892 0.4151776 -0.3365345 -0.8452054 0.4366871 -0.251855 -0.8636397 0.4832457 -0.3116356 -0.8181424 -0.3868191 -0.8662066 -0.3163183 -0.3729585 -0.9186689 -0.1301901 -0.4876713 -0.8649895 -0.1181951 -0.4723324 -0.7232756 -0.5037603 -0.5967937 -0.7340536 -0.3240414 -0.5534838 -0.6644361 -0.5021756 0.5662603 -0.7014168 -0.4328554 0.4772593 -0.8343615 -0.2757978 0.4595194 -0.7609025 -0.458115 -0.9551475 -0.2259544 -0.1914103 -0.9729656 -0.09136903 -0.2121077 -0.9003001 -0.2045937 -0.384189 0.6894252 -0.192045 0.6984351 0.5572845 -0.3382785 0.7582887 0.7021204 -0.2508162 0.666422 0.410773 0.7132766 -0.5678927 0.586295 0.677299 -0.4444372 0.4841174 0.6305537 -0.6066569 0.8230792 0.4125834 -0.3902763 0.859967 0.2943575 -0.4169057 0.7315272 0.3718637 -0.5714764 -0.4869399 0.2450163 0.8383655 -0.3299111 0.3744837 0.8665568 -0.4979116 0.3079524 0.8107092 0.01966679 -0.01100933 0.999746 -0.4338858 -0.8849284 0.1692484 -0.3336515 -0.9417535 0.04215753 -0.5490107 -0.8342135 0.05172359 -0.7324879 0.6722499 0.1074326 -0.8182386 0.5748463 -0.00612384 -0.657092 0.7535783 -0.01870632 -0.948853 0.3135722 0.03675216 -0.9037867 0.4174384 -0.0944187 -0.8469747 0.5311866 0.02178889 0.8898212 0.4360094 0.1345887 0.8312326 0.5555649 0.02000373 0.9399928 0.3411493 0.005536675 0.3878603 0.916723 0.09582942 0.4912357 0.8707112 -0.02344197 0.5965264 0.7964729 0.09893035 0.5756536 -0.8160129 -0.05240195 0.4675338 -0.8664448 -0.1751732 0.3638533 -0.9301856 -0.04863893 -0.8131294 0.5789284 0.06051969 -0.6647751 0.7402547 0.1004844 -0.6640251 0.7417545 0.09418559 -0.4862922 0.853994 0.1849712 -0.4862277 0.8541958 0.184207 -0.2816469 0.9395499 0.1947333 0.8257257 0.5443347 -0.147908 0.9266141 0.3460673 -0.1470499 0.9268434 0.3465762 -0.1443831 0.9561342 -0.2863449 0.0617578 0.9561273 -0.286292 0.06210851 0.8992898 -0.4317881 0.06954878 0.4902302 -0.8715801 0.004735052 0.3481407 -0.9374233 0.005976378 0.3481874 -0.9374012 0.006677687 -0.6036825 -0.7895606 0.1102799 -0.6040492 -0.7900074 0.1049436 -0.7205291 -0.6873386 0.09167116 -0.6032281 -0.7883389 0.1209865 -0.7202125 -0.6872483 0.09478306 -0.7202177 -0.686433 0.1004807 -0.9889954 0.1470261 -0.0164777 -0.9538099 0.2997016 -0.02063632 -0.9538556 0.2996631 -0.01900941 -0.4899947 0.8712285 0.02942883 -0.3491926 0.9356863 0.05055427 -0.3486511 0.9360547 0.0473715 -0.07190197 0.9883525 0.1341257 -0.07178175 0.9884695 0.1333252 0.08396893 0.9867907 0.1385408 0.607208 0.7942893 0.02007353 0.723676 0.6900787 0.009190976 0.7236361 0.6900762 0.01207226 0.9883019 -0.1466456 0.04188472 0.9527748 -0.2983903 0.05642372 0.9527933 -0.2987088 0.0543887 0.8752686 0.4771744 0.07879978 0.9664648 0.2354484 0.1025184 0.8715385 0.4785311 0.1069043 0.8750163 -0.4723414 -0.1060194 0.8810821 -0.4685186 -0.0646907 0.9683872 -0.228702 -0.0996077 -0.1771211 0.8989108 -0.4007339 0.06991285 0.888889 -0.4527566 -0.1902694 0.8687692 -0.4572066 -0.5198493 0.7863848 0.3337001 -0.5372533 0.7930069 0.2872268 -0.7166374 0.6150046 0.328938 -0.3293697 -0.944157 -0.009127199 -0.5624126 -0.8268439 -0.004603505 -0.3292984 -0.944218 -0.003874659 -0.1962214 -0.9204755 0.3379675 -0.1860759 -0.9394629 0.2877247 0.06411886 -0.9389774 0.3379501 -0.8813101 -0.3975535 -0.2554289 -0.9628558 -0.1555498 -0.2207101 -0.8882371 -0.4056023 -0.2156893 -0.5238655 -0.8213459 0.2257341 -0.5234951 -0.8291804 0.1959921 -0.2870034 -0.9309625 0.2256946 0.9796825 -0.2004445 0.006650805 0.9805236 -0.1823973 0.07283437 0.9981824 0.05989587 0.006667554 0.9894347 0.1031261 -0.101903 0.9886252 -0.1430851 -0.04633545 0.9923447 0.1177291 -0.03730762 0.6409088 0.7670801 -0.02870529 0.8158314 0.5769609 -0.03918337 0.6385653 0.7668894 -0.06414955 -0.5160458 0.7174039 0.4680048 -0.5080067 0.7024126 0.4985437 -0.7031028 0.5353899 0.467979 -0.444682 0.7095885 -0.5465732 -0.2327591 0.8365585 -0.4959769 -0.4721835 0.732836 -0.4898921 -0.9650115 0.08341294 -0.2485862 -0.9674829 0.08268916 -0.2390387 -0.9507451 -0.1771293 -0.2543801 -0.07196319 -0.9339101 -0.3501902 -0.3158019 -0.8647902 -0.3903936 -0.06019341 -0.9174758 -0.3932111 -0.04384899 -0.9949474 -0.09031707 -0.04314386 -0.9935887 -0.104499 0.2161571 -0.9722393 -0.08959281 0.9659844 0.1985985 -0.1656289 0.9790341 -0.05780768 -0.1953218 0.9584795 0.2023175 -0.2009598 0.5485395 0.7359766 0.3967908 0.5281834 0.7221637 0.4466565 0.3187049 0.8596251 0.3993394 -0.3108528 0.9324424 0.1841787 -0.05513417 0.9778532 0.2018992 -0.3114141 0.9284597 0.2024454 -0.5634852 0.7661786 0.3089578 -0.5594615 0.7569121 0.3377677 -0.7505393 0.5841617 0.3089433 -0.9797317 -0.1424688 -0.1408132 -0.9867487 0.1154151 -0.1140463 -0.9829834 -0.1455472 -0.1120706 -0.5033179 -0.7769331 0.3782145 -0.5043451 -0.7796922 0.3711011 -0.2664572 -0.8865525 0.3781865 0.9364135 -0.3409667 -0.08289504 0.8165746 -0.5725212 -0.07365763 0.9370302 -0.3409905 -0.07549732 0.9381346 -0.1974805 0.2844381 0.9546364 -0.1865941 0.2320606 0.9566355 0.06285989 0.2844244 -0.7995239 -0.08772605 -0.5941933 0.6480662 -0.5556899 -0.520787 0.8898213 -0.1226507 0.4395168 0.8769918 -0.119506 0.4654072 0.8883723 0.1315913 0.4398617 -0.1619135 0.6215773 -0.766437 -0.2018672 0.6598013 -0.7238177 -0.3904082 0.5100811 -0.7664194 0.253881 0.6548388 0.7118502 0.4369472 0.4960574 0.7503361 0.2152936 0.6205452 0.7540373 -0.8417665 -0.3257126 -0.430512 -0.9088052 -0.08301568 -0.4088785 -0.8524988 -0.3309128 -0.4046514 -0.8902272 -0.07927882 0.448565 -0.8765228 -0.06596404 0.476819 -0.8625233 -0.1696729 0.4767231 -0.8308263 -0.07227861 0.5518186 -0.8093008 -0.1781945 0.5597134 -0.7842305 -0.2759516 0.5557277 0.1857421 -0.9821963 -0.02811372 0.1848627 -0.9820433 -0.03764152 0.08203792 -0.9962315 -0.02815389 0.661293 -0.7499365 -0.01693809 0.6419296 -0.766719 -0.008280098 0.6992156 -0.7148632 0.008259654 0.6693581 -0.7428424 0.01203924 0.7042607 -0.7082862 0.04845231 0.7377664 -0.6704068 0.0790916 0.8295066 0.106975 0.5481561 0.8590255 0.02682507 0.5112295 0.8264256 0.1267977 0.5485829 0.9404367 -0.2712351 0.2049644 0.9433172 -0.2553797 0.2119765 0.9517345 -0.2104004 0.2234577 0.7522158 0.6497219 0.1096947 0.7137284 0.693349 0.09929329 0.6749053 0.733949 0.07630026 0.6582722 0.7514418 0.04486882 0.703373 0.7079692 0.06360977 0.6274225 0.7762548 0.06139618 0.2597466 0.9086831 0.3268437 0.2436643 0.9109671 0.3328163 0.1986743 0.9242688 0.3259693 -0.27256 0.9621289 0.004374384 -0.1590483 0.9872683 0.002260982 -0.2635046 0.9646412 0.005732119 -0.6200913 0.7420171 0.2547498 -0.6605942 0.7008191 0.2691988 -0.703677 0.659953 0.2632504 -0.909767 0.3861885 0.1522583 -0.8730573 0.4666142 0.1415709 -0.9145051 0.3715704 0.1600497 -0.9212017 0.2621596 0.2875063 -0.9234554 0.2463533 0.2941772 -0.9334526 0.2004376 0.2974749 -0.8613036 -0.5080879 0.001666188 -0.8815435 -0.4719297 0.01277905 -0.8274219 -0.5611217 0.02271091 -0.7479763 -0.6413594 0.1708498 -0.7080315 -0.6782998 0.1964709 -0.6649421 -0.718106 0.2053678 -0.2870433 -0.9301602 0.2289286 -0.3704754 -0.9066354 0.2018918 -0.2700324 -0.934075 0.2336374 -0.2653291 -0.9257398 0.2694556 -0.2495334 -0.9281228 0.2762628 -0.2037118 -0.9374918 0.2821537 0.02255737 -0.1658281 0.9858967 -0.02255737 0.1658281 0.9858967 0.1674911 0.02209639 0.985626 -0.1674911 -0.02209639 0.985626 0.5722734 -0.5767135 0.5830135 0.6426672 -0.4968805 0.5831713 0.704509 -0.4150984 0.5756392 0.9937527 0.08374619 0.07377153 0.9927406 0.08139389 0.08855003 0.9787259 0.1851008 0.08850628 0.4875519 0.6359033 0.5982643 0.4003537 0.6893165 0.6037879 0.3055488 0.7385007 0.6010465 -0.1857854 0.9825901 7.70427e-4 -0.1797472 0.9834185 -0.02406162 -0.08208119 0.9966254 7.37731e-4 0.1813282 -0.9471965 0.2644599 -0.8361803 -0.09176409 -0.5407236 -0.2271886 0.4651328 -0.8555915 -0.2462928 0.8704752 -0.4261605 -0.2309111 0.889688 -0.3938723 -0.05583691 0.8801542 -0.4713926 0.9793648 0.1013627 -0.1748436 0.9432184 0.2924296 -0.157557 0.9823324 0.10038 -0.1579457 0.820147 0.1043451 -0.5625575 0.8534974 0.08497017 -0.514123 0.8216781 -0.09164142 -0.5625361 0.2751221 -0.9186418 -0.2835578 0.2463694 -0.905011 -0.3467811 0.08260887 -0.9554077 -0.2834997 -0.2073417 -0.8545841 0.4761254 -0.0241062 -0.898568 0.4381721 -0.2179102 -0.8697313 0.4428122 -0.5436837 -0.06048613 -0.8371079 -0.5297818 -0.05333316 -0.8464556 -0.5893766 0.1260429 -0.7979652 -0.1480621 0.01061326 -0.9889212 0.01054191 0.02092176 -0.9997256 0.009157836 0.01996642 -0.9997588 0.01958668 -0.02013826 -0.9996054 0.00270152 0.01961487 -0.999804 -0.02536511 -0.01073324 -0.9996207 -0.05364203 0.008979141 -0.9985198 0.01447814 -0.01550638 -0.9997749 0.06130832 0.002738475 -0.9981151 0.02309733 0.009042143 -0.9996924 0.00301361 0.04226726 -0.9991018 0.01989305 -0.001899898 -0.9998004 0.05715197 -0.0380243 -0.9976412 0.02280968 0.006505846 -0.9997187 0.001311182 0.01643383 -0.9998641 -0.0593571 0.002554953 -0.9982336 -0.05433273 0.003873884 -0.9985154 -0.009537458 -0.02630043 -0.9996086 0.004942834 -0.00508207 -0.9999749 -0.9158007 0.3564075 -0.1851561 0.01864421 0.04026299 -0.9990152 0.138837 0.1348651 -0.9810891 -0.009815335 -0.00821954 -0.9999181 -0.01303601 -0.003375887 -0.9999094 -0.1031208 0.9802684 0.1686419 -0.203332 0.9727087 0.1117765 -0.2092359 0.9706441 0.1186195 -0.4280668 0.8481684 -0.3120405 -0.4311212 0.8480466 -0.3081424 -0.5203584 0.7909029 -0.3220248 -0.7815456 0.5483437 0.2974992 -0.8408421 0.4513457 0.2987836 -0.8412068 0.4541179 0.2935099 -0.9892848 0.1434022 -0.02741247 -0.9897164 0.1412461 -0.02261048 -0.9990487 0.03068745 -0.03098732 -0.9867784 -0.04321414 0.1562079 -0.9752314 -0.1575432 0.155255 -0.9764052 -0.1555904 0.1497488 -0.6753577 -0.6713573 -0.3052398 -0.6754437 -0.6756073 -0.2955175 -0.5959092 -0.7500346 -0.2869501 -0.5919499 -0.8057972 0.0169264 -0.4996351 -0.8636806 0.06648993 -0.4975443 -0.8658064 0.05318754 0.1547935 -0.9784737 0.1364856 0.2192827 -0.968361 0.1191305 0.2201977 -0.9678542 0.1215374 -0.04639035 -0.9659584 0.2545043 -0.04661178 -0.9661076 0.2538965 0.0199843 -0.9695425 0.2441065 0.1636518 -0.9381942 0.3049752 0.266933 -0.9285225 0.2580559 0.2704913 -0.9262869 0.2623495 0.5938747 -0.623714 -0.508226 0.5984432 -0.6232036 -0.5034709 0.6655253 -0.542056 -0.5130803 0.9006694 -0.4341244 0.01818346 0.9436452 -0.328305 0.0418269 0.9435662 -0.3296489 0.03185141 0.9955796 -0.002609372 -0.09388673 0.9956479 -0.002463996 -0.09316265 0.9883122 0.1161191 -0.09876924 0.9674167 0.2503333 0.03792595 0.9357517 0.3526071 0.006080567 0.9354998 0.3532584 0.006980359 0.8341211 0.4759085 -0.2788426 0.8340222 0.4765682 -0.2780104 0.7698831 0.5637166 -0.2991716 0.3557584 0.8941789 0.2718092 0.2551977 0.9336947 0.2511739 0.255777 0.9337291 0.2504559 0.2506786 0.9503164 0.1845508 0.256631 0.9499717 0.1780292 0.1539914 0.9794711 0.1300888 0.03542447 0.03071266 0.9989004 -0.03686749 0.0963369 0.9946659 -0.02899712 0.01965415 0.9993863 0.07503002 -0.03557819 0.9965464 0.03704822 0.02483445 0.9990049 0.0321393 0.00808227 0.9994508 0.003103077 -0.03806227 0.9992706 -0.05178856 -0.1315227 0.9899595 0.01809942 0.01721197 0.999688 0.02698731 -0.0374664 0.9989335 0.01942062 -0.02345341 0.9995363 0.01963901 -0.002264916 0.9998046 -0.01004028 -0.0219447 0.9997088 -0.06049925 -0.01976895 0.9979725 -0.0386452 -0.02002072 0.9990524 -0.01674556 -0.003398954 0.999854 -0.008937478 -0.01159423 0.9998929 -0.02082419 0.02380388 0.9994997 0.9776113 0.2004581 0.06397414 0.899753 0.4297598 0.07583606 0.9766574 0.2143087 0.0145654 0.954971 0.2642933 0.1348314 0.8694938 0.4610562 0.1772226 0.8526303 0.5043776 0.1364732 -0.06000745 0.9979022 0.02429717 -0.2944542 0.955444 -0.02057909 -0.06301695 0.9974831 -0.0325005 -0.8515323 -0.2202098 0.4758157 -0.7811104 -0.4286329 0.4540271 -0.7487661 -0.460116 0.4771191 -0.5885778 -0.8066642 -0.05356419 -0.5890929 -0.8040769 -0.08018785 -0.4467381 -0.8922716 -0.06539553 -0.1965442 -0.1556037 0.9680692 0.413687 -0.3940926 0.8207035 0.2070021 0.01930046 0.9781501 0.2762651 0.2791239 0.9196562 -0.2375332 0.3619387 0.9014313 -0.2381983 -0.04141944 0.970333 -0.2360275 -0.04024922 0.9709125 -0.1196532 -0.2509913 0.9605658 0.9134219 -0.0359795 -0.4054205 0.9202033 -0.03858047 -0.3895351 0.9180756 0.0735163 -0.3895287 0.5814554 0.4345915 0.687779 0.5036116 0.5145037 0.6940183 0.421455 0.5899866 0.6886883 0.03445219 0.9096801 -0.4138783 0.03861689 0.9182714 -0.394064 -0.07347983 0.9161433 -0.3940587 -0.3511263 0.6553302 0.6687696 -0.4418793 0.5837682 0.6811442 -0.5221525 0.5123491 0.681803 -0.9358668 0.2474085 0.2508832 -0.9589114 0.1541028 0.2382047 -0.9784536 0.03250616 0.2038919 -0.9524745 0.03704822 -0.302357 -0.9554588 0.03791612 -0.2926788 -0.9533311 -0.07418066 -0.2926723 -0.5737061 -0.5356041 0.619669 -0.4890872 -0.6017852 0.6313861 -0.3939091 -0.6671135 0.6322937 -0.03445219 -0.9096801 -0.4138783 -0.03861689 -0.9182714 -0.394064 0.07347983 -0.9161433 -0.3940587 0.3725487 -0.5094577 0.7756677 0.451552 -0.4305887 0.7814693 0.5271354 -0.3487021 0.7749421 0.00125128 -0.002450406 0.9999963 -0.03090572 0.03890073 0.9987651 0.02725756 0.01028108 0.9995757 0.02587229 0.007043302 0.9996405 0.06252312 -0.002560734 0.9980403 0.002583861 -0.008085906 0.9999641 0.02147829 -0.01943433 0.9995804 -0.04102683 0.02623468 0.9988136 0.004648447 0.0013327 0.9999884 0.0248627 0.0303657 0.9992297 0.02086502 0.02974468 0.9993398 -0.5804896 0.8107957 -0.07511478 -0.7704153 0.6321198 -0.08297526 -0.5798681 0.8104767 -0.08295023 0.9872288 0.08664041 -0.1336892 0.9301823 0.3413182 -0.1351399 0.9870322 0.0865879 -0.1351667 -0.6218298 -0.7704917 -0.1402509 -0.3990356 -0.9021898 -0.1637814 -0.6216603 -0.7659634 -0.163825 -0.8858463 0.4508371 -0.1096463 -0.972074 0.2046107 -0.1149204 -0.8852261 0.4507343 -0.1149495 0.6471001 0.7475351 -0.1498427 0.4289179 0.8907678 -0.1502073 0.6470665 0.7474828 -0.1502478 -0.01398432 -0.997285 -0.07229936 0.2430157 -0.9653561 -0.09503227 -0.01625329 -0.9953392 -0.09505718 -0.5584524 0.8286695 0.03791797 -0.7536406 0.6569256 0.02178639 -0.5579305 0.8296017 0.02179098 0.9530494 -0.2661945 -0.1443517 0.9895388 -0.007809281 -0.1440556 0.9530878 -0.2662004 -0.1440874 -0.4336022 -0.8692352 -0.2375278 -0.1861134 -0.9508881 -0.2473332 -0.4331592 -0.8666992 -0.2473974 -0.9454528 0.2963414 -0.1352807 -0.9894042 0.03920125 -0.1397956 -0.9447999 0.2963103 -0.139834 0.6176977 0.782841 -0.07489651 0.3932969 0.9158191 -0.08119875 0.617565 0.7823153 -0.08121794 0.06017929 -0.9956376 -0.0713045 0.315855 -0.9452923 -0.08159756 0.05961185 -0.9948793 -0.08161878 -0.6709791 0.7262535 -0.1494756 -0.8389188 0.5306355 -0.1210016 -0.6716115 0.7309544 -0.1210113 -0.9726477 -0.1302405 0.1923384 -0.97134 -0.1297797 0.1991381 -0.974574 0.1305024 0.1821393 0.9139539 0.3676406 -0.1718393 0.7936283 0.5931863 -0.1352197 0.9209681 0.3654162 -0.1352365 0.4589461 0.877636 0.1382884 0.4588416 0.8717598 0.1717536 0.6713985 0.7263671 0.14702 0.4440949 -0.8853861 -0.1373726 0.439669 -0.8826572 -0.1661548 0.1974645 -0.9706389 -0.1373602 -0.4396701 -0.8826568 0.1661549 -0.1974656 -0.9706388 0.1373604 -0.444096 -0.8853856 0.1373728 -0.3083038 0.9492338 0.06248241 -0.2969777 0.9548598 0.006859481 -0.05173307 0.9968078 0.06081259 -0.008188486 0.9890242 0.1475267 -0.2572142 0.9615199 0.09654182 0.001583933 0.9953263 0.0965563 0.7902482 -0.6101422 -0.05687099 0.9210571 -0.3885464 -0.02618843 0.7890884 -0.6137211 -0.02618777 0.9122464 -0.4076741 -0.04010546 0.9122716 -0.4091902 -0.01799649 0.7758699 -0.6300345 -0.0329023 -0.6760116 -0.7368373 0.00890249 -0.4630569 -0.8859855 0.0246607 -0.6765709 -0.7359642 0.02466928 -0.7837704 -0.5989246 -0.1642968 -0.7864006 -0.5991046 -0.1504923 -0.9122869 -0.3719297 -0.171467 -0.8945252 0.4446501 0.04594713 -0.9772478 0.1997528 0.07131248 -0.8919734 0.446426 0.07132536 -0.916355 0.3983421 -0.0402143 -0.9163851 0.3998937 -0.01799201 -0.7822145 0.6221215 -0.03324669 0.7534405 0.6574412 0.009923219 0.5585135 0.8290092 0.02839815 0.7540788 0.6561694 0.02840471 0.6761543 0.7347534 -0.05434077 0.6822149 0.7310347 -0.01307946 0.8434618 0.5344346 -0.05433088 -0.02169889 -0.9891774 -0.1451116 0.2376779 -0.9608935 -0.1421027 -0.02168631 -0.9896125 -0.142116 0.5060775 -0.8624404 -0.009073972 0.5057299 -0.8626905 -0.001595616 0.2657184 -0.963916 -0.01611512 -0.860621 0.3638747 0.3562678 -0.9424998 0.1256902 0.3096709 -0.8728088 0.3772108 0.3097046 0.406754 0.9004597 -0.1540248 0.4060215 0.8990889 -0.163664 0.6276679 0.761651 -0.1609996 0.4373884 0.8785609 -0.1918914 0.1900866 0.9611902 -0.1999509 0.4370977 0.8768996 -0.1999818 0.8458626 0.4956101 -0.1971983 0.8396275 0.4823632 -0.2497028 0.9451501 0.2543596 -0.2049211 0.01590573 -0.07278484 -0.9972208 0.01590573 0.07278484 -0.9972208 -0.07696318 0.9966177 -0.02880674 -0.2056757 0.9730065 0.1046706 0.9963915 -0.04996585 0.0686109 0.9945085 -0.002611339 -0.1046246 0.9536076 -0.002164721 0.3010445 0.9768146 -0.04974532 0.2082276 0.35667 0.9157567 0.1848682 0.02542895 0.9970531 -0.07237797 0.1051619 0.9566843 -0.2714704 -0.006667256 -0.1983942 -0.9800996 -1.0314e-4 -0.4359648 -0.8999637 0.9280306 0.04386925 0.3699119 0.9139851 0.03312593 0.4043935 -0.4878045 -0.8337777 0.2585765 -0.2376331 -0.9556533 -0.173946 -0.9714239 0.009928584 -0.2371438 -0.9654661 0.003091514 -0.2605105 -0.9808851 0.002691149 0.1945692 -0.9541994 -0.04510617 0.2957519 -0.3028954 0.9381328 -0.1678128 -0.4910189 0.8616344 0.1284002 -0.9138833 -0.03898215 0.4041013 -0.980578 -0.1782341 0.08184975 -0.9947211 0.09347856 0.04232943 -0.9265694 0.2260324 0.3006304 -2.28617e-4 0.03609424 0.9993485 0.001232087 -0.9997026 0.02435553 -0.01945191 -0.9943464 0.1043885 0.9971033 -0.01181781 -0.0751357 0.9900701 -0.09730046 0.1014596 0.9984534 0.01676714 0.05300581 0.8241667 -0.1829841 0.5359722 0.3528978 -0.91773 0.1823042 0.2418109 -0.9693121 -0.04428803 0.1022768 0.978908 -0.1768577 -0.9881489 -0.1523208 -0.01897984 0.7287033 -0.4470518 -0.5187835 -0.5256252 0.02676808 -0.8502951 -0.08461016 0.9929459 0.0830633 0.198521 0.8272505 0.525591 -9.99378e-4 0.9983449 -0.05750221 -0.07475036 0.9947228 0.07027781 0.6744713 -0.07113885 -0.7348658 0.250842 0.9660257 0.06223195 -0.2469843 -0.9246041 -0.2900102 -0.03298389 -0.9814946 0.1886279 -0.02991175 -0.04878443 -0.9983614 0.003740489 8.31282e-4 -0.9999927 -0.7306452 -0.0409162 0.6815303 0.302313 0.1082648 -0.9470404 0.04247856 -0.3853876 -0.9217766 0.05845606 -0.04144072 -0.9974296 -0.1387862 0.1160276 -0.9835019 -0.519939 0.00704497 -0.8541744 -0.5974251 0.01344352 -0.801812 5.65662e-6 0 -1 -2.57603e-6 0 -1 0.01662802 0.0278719 -0.9994732 0.1648712 0.0666722 -0.9840592 -0.09070861 0.01581966 -0.9957519 -0.3655112 -0.006137907 -0.9307867 0.1522362 -0.02161997 -0.9881076 0.5832721 0.02423089 -0.8119155 -0.01934599 0.02196532 -0.9995716 -0.008797466 0.02035653 -0.9997541 8.1537e-4 -0.007097482 -0.9999746 -7.27644e-4 -0.007965981 -0.999968 0.03216069 0.04884117 -0.9982888 -0.003882706 0.5372847 -0.843392 -0.004973411 0.5004591 -0.8657459 -2.42022e-7 0 -1 -0.2731084 -0.01694965 -0.9618339 0.03811746 -0.007790148 -0.999243 -0.4727093 0.130884 -0.8714444 0.01987689 -0.0687406 -0.9974366 -0.006572902 -0.04986828 -0.9987342 -0.03956085 0.1289729 -0.9908587 0.2259489 0.01265311 -0.974057 0.03515726 0.0923646 -0.9951044 -0.01109772 0.1437102 -0.9895576 0.4694999 -0.03389221 -0.8822818 -0.02343964 0.1799664 -0.9833934 0.01328808 -0.007795631 -0.9998814 -0.006494164 -0.009230852 -0.9999364 -0.0136435 -0.03943657 -0.9991289 0.004096686 0.001937985 -0.9999898 0.004897177 0.002735197 -0.9999843 -0.006725728 -0.04994285 -0.9987295 0.6637064 -0.6259011 0.4095628 0.8217902 -0.4220439 0.3828055 0.6709382 -0.63503 0.3828561 -0.6373273 -0.6822558 -0.3582469 -0.6313007 -0.6694483 -0.3915336 -0.8035072 -0.4812137 -0.3504419 0.02128553 4.0122e-4 0.9997734 0.03181719 -0.08642601 0.9957501 -0.02128553 -4.0122e-4 0.9997734 -0.08465808 -0.03045821 0.9959445 -3.80044e-4 0.02013868 0.9997972 3.80044e-4 -0.02013868 0.9997972 -0.03181719 0.08642601 0.9957501 0.08465808 0.03045821 0.9959445 -0.01366841 0.001744151 0.9999051 0.003179967 0.01989734 0.999797 -0.04285156 -0.02605152 0.9987418 -0.05729794 0.003265738 0.9983518 -0.04124873 0.02827972 0.9987487 -0.7145195 0.09253084 0.6934697 -0.04601389 -0.03846895 0.9981998 0.003674089 0.004367709 0.9999837 0.001801431 0.005098879 0.9999854 -0.2350071 0.03606933 0.9713243 8.86564e-4 0.05903482 0.9982556 0.003650248 0.004402697 0.9999837 -0.001338362 0.003866672 0.9999917 0.07155549 -0.01157283 0.9973696 -0.04930049 0.003735601 0.9987771 0.09879302 0.008723616 0.9950698 0.02365523 0.004209756 0.9997114 0.09402173 0.03941339 0.9947897 -0.0853247 0.2052833 0.9749761 0.0318247 2.84681e-4 0.9994935 -0.02031111 -0.9139991 0.4052078 0.03421342 -0.9399704 0.3395366 0.02089613 0.9403157 -0.3396613 -0.03368377 0.9136689 -0.4050614 -0.8761043 -0.2428642 0.4164833 -0.7730382 0.5109981 0.3758895 -0.251442 -0.9378203 0.2393119 0.3224461 0.4676164 0.8230209 0.4052265 -0.2179597 0.8878542 0.53766 -0.01371729 0.8430502 0.3793992 -0.1087616 0.9188184 0.4262175 -0.1406099 0.8936262 0.4328876 -0.09885239 0.8960116 0.2938346 0.1672963 0.9411021 0.3452004 0.1816858 0.9207752 0.2846312 0.2036719 0.9367513 -0.2982308 0.5204721 0.8001046 -0.2399062 0.5271582 0.815199 -0.281188 0.55873 0.780227 -0.005701601 0.03254234 0.9994542 -0.047984 -0.01149141 0.998782 -0.0295484 -0.02241945 0.9993119 -0.291393 -0.130197 0.9477019 -0.331823 -0.1638851 0.9289969 -0.2695558 -0.16989 0.9478803 0.2877752 -0.2923309 0.9119913 0.2444174 -0.2477257 0.9374926 0.2289875 -0.2836691 0.9311803 0.2948529 -0.5353202 0.7915138 0.2376546 -0.5259388 0.8166448 0.2676917 -0.5658637 0.779833 -0.1178686 -0.07314664 0.9903315 -0.08015441 -0.0278182 0.9963943 -0.1355245 -0.03377342 0.9901983 0.9536232 -0.144489 -0.2640565 0.8940041 -0.05139321 -0.4451016 0.9639598 -0.04534667 -0.2621553 -0.8725476 -0.3798159 -0.3072468 -0.7900927 -0.373355 -0.4861684 -0.7525447 -0.4613626 -0.4699161 -0.2183564 -0.718361 0.6605134 -0.3302444 -0.7956198 0.507866 -0.2343302 -0.8374828 0.4936718 -0.3567134 -0.5587099 0.7487316 -0.5391007 -0.4887648 0.685915 -0.5234661 -0.5448277 0.6550924 -0.9218091 0.2135591 -0.3235127 -0.8701531 0.08675497 -0.4850848 -0.9449382 0.1132946 -0.307012 0.8707566 0.3833161 -0.3079804 0.7927729 0.3655371 -0.4877436 0.7517127 0.4579892 -0.4745249 0.2183564 0.718361 0.6605134 0.3302444 0.7956198 0.507866 0.2343302 0.8374828 0.4936718 -0.3542798 0.6072082 0.711185 -0.5207629 0.6218358 0.5849157 -0.4262317 0.5288673 0.7339115 -0.769805 0.3117181 0.5569848 -0.8408446 0.3814755 0.3840013 -0.8807802 0.271007 0.3883059 0.3567134 0.5587099 0.7487316 0.5391007 0.4887648 0.685915 0.5234661 0.5448277 0.6550924 0.08174604 0.2186014 -0.9723842 -0.1267504 0.1577455 -0.9793114 0.3123123 -0.3124289 -0.897134 0.00114715 -0.2092673 -0.9778579 0.03838849 -0.1652343 -0.985507 0.03653562 0.3343454 -0.9417422 -0.1078309 0.3034788 -0.946717 -0.6330205 0.7734422 -0.03274685 -0.7713316 0.6358836 -0.0264523 -0.7710101 0.6360743 -0.03086978 -0.2110861 -0.9702479 -0.1185822 -0.212569 -0.9711772 -0.1078398 -0.0219857 -0.9969178 -0.07531076 0.1047537 -0.9942495 0.02223962 0.2929993 -0.9548639 0.04885071 0.292696 -0.9553697 0.03997415 0.4903396 0.8628693 -0.1225706 0.3121641 0.940094 -0.1370286 0.312001 0.9403455 -0.1356683 0.2100052 0.961185 -0.1789447 0.2099484 0.9612824 -0.1784877 0.01633793 0.9823213 -0.1864888 0.9539599 0.297588 -0.03744369 0.953973 0.2976531 -0.03658163 0.8987284 0.436897 -0.03752762 0.1239314 0.9896101 0.07289034 -0.02515745 0.9974941 0.06612628 -0.02517795 0.9974842 0.06626921 -0.642167 0.7611411 -0.0910266 -0.6422045 0.7611368 -0.0907973 -0.7484615 0.6561958 -0.09598278 -0.7484615 -0.6561957 0.09598273 -0.642167 -0.7611411 0.0910266 -0.6422046 -0.7611368 0.0907973 -0.02515745 -0.9974941 -0.06612628 -0.02517789 -0.9974842 -0.06626921 0.1239315 -0.9896101 -0.07289034 0.8987284 -0.436897 0.03752762 0.9539599 -0.297588 0.03744369 0.953973 -0.2976531 0.03658163 0.8140019 -0.58022 -0.02731156 0.6646545 -0.7459825 -0.04176783 0.6648145 -0.7460823 -0.03718882 -0.8342871 -0.549283 0.04747122 -0.9307187 -0.3544769 0.09005004 -0.9318169 -0.3529791 0.08439821 -0.8710966 -0.4889602 0.04592287 -0.8700447 -0.4903104 0.05116778 -0.9540144 -0.2875032 0.08484447 0.5206496 0.2325976 -0.8214758 -0.5210376 0.02448499 -0.8531824 -0.4814748 -0.2039826 -0.8523926 0.5828885 -0.09274917 -0.8072415 -0.2497234 0.510657 -0.8227198 -0.2520697 0.4287872 -0.8675267 -0.3113431 0.4731866 -0.8241116 0.1057805 -0.4295495 -0.8968265 0.1386266 -0.4896922 -0.8608044 0.08852732 -0.5108965 -0.8550717 -0.4574481 -0.7129808 -0.531413 -0.6268213 -0.6668313 -0.4030273 -0.5289436 -0.6282905 -0.5704995 -0.8243163 -0.4411408 -0.3548204 -0.8637648 -0.3252339 -0.384881 -0.7375606 -0.4057064 -0.5398211 0.4532232 -0.1915529 0.8705723 0.2951996 -0.3193188 0.9004958 0.4649958 -0.2565996 0.8473107 0.3492536 0.708813 -0.6128671 0.5259391 0.6973684 -0.4868937 0.4335722 0.6284044 -0.6458508 0.9233757 0.2448551 -0.2956748 0.9459649 0.1065746 -0.3062551 0.8543049 0.2002742 -0.4796391 -0.5879808 0.2568114 0.7670244 -0.4499697 0.4064435 0.7951924 -0.6038179 0.310674 0.7340883 -0.1756292 -0.01199877 0.9843834 -0.8770344 -0.4414311 0.189603 -0.8293882 -0.5546103 0.0672518 -0.9381262 -0.3397039 0.06723529 -0.9646061 0.2632617 0.01511317 -0.9215544 0.3707911 -0.1151154 -0.8739892 0.4859402 0.002215087 0.4452549 0.8778383 0.1764883 0.3329915 0.9410966 0.05877137 0.5488302 0.834419 0.05030184 0.9621303 0.2684059 -0.0475794 0.9729708 0.1531774 -0.1728135 0.9983916 0.03059577 -0.04773044 0.7402033 -0.6555757 0.1493974 0.8179321 -0.5748223 0.02380323 0.6565698 -0.7534509 0.03503918 -0.4372188 -0.8987991 0.03162145 -0.5427412 -0.8360003 -0.08084243 -0.6386165 -0.7678977 0.05002194 0.3393422 0.9383665 -0.0656917 0.5373116 0.8426063 -0.03620815 0.5379469 0.8420602 -0.03934252 0.8564442 0.4896287 0.1636063 0.8564019 0.489649 0.1637678 0.9411281 0.2852389 0.1814301 0.4899928 -0.8712297 0.02943027 0.3491465 -0.9357029 0.05056613 0.3486046 -0.9360716 0.04738134 0.07190275 -0.9883525 0.1341251 0.07178252 -0.9884695 0.1333246 -0.08396816 -0.9867908 0.1385403 -0.607247 -0.7942597 0.02006751 -0.723677 -0.6900776 0.009190559 -0.723637 -0.6900752 0.01207184 -0.9883019 0.1466462 0.04188483 -0.9527746 0.2983909 0.05642378 -0.9527931 0.2987093 0.05438876 -0.9561346 0.2863437 0.06175804 -0.9561277 0.2862908 0.06210869 -0.8992903 0.431787 0.06954896 -0.4902307 0.87158 0.004734933 -0.3481413 0.9374231 0.005976259 -0.3481879 0.937401 0.006677567 0.6036822 0.7895607 0.11028 0.6040489 0.7900076 0.1049438 0.7205618 0.6873055 0.09166169 0.6032283 0.7883387 0.1209866 0.7202127 0.687248 0.09478318 0.7202185 0.6864351 0.100461 0.9889954 -0.147026 -0.0164777 0.9538098 -0.2997015 -0.02063632 0.9538558 -0.2996631 -0.01900935 0.8139271 -0.580183 -0.03017449 0.6645506 -0.7458914 -0.04492914 0.6647204 -0.7460055 -0.04028099 -0.834295 -0.5492745 0.04743051 -0.9306129 -0.3545956 0.09067398 -0.9317449 -0.3530473 0.08490544 -0.8703395 -0.4903719 0.04521667 -0.8694012 -0.4915889 0.04981911 -0.9534355 -0.289186 0.08562815 0.4683489 0.2338978 -0.8520218 -0.5240648 0.05360549 -0.8499897 -0.4814552 -0.2039948 -0.8524007 0.5240055 -0.1054587 -0.8451609 -0.04150688 0.3949844 -0.9177498 -0.07355916 0.4582833 -0.885757 -0.02542662 0.4776043 -0.8782071 0.1057811 -0.429551 -0.8968257 0.1386272 -0.4896935 -0.8608035 0.08852791 -0.5108979 -0.8550709 -0.4609403 -0.7198899 -0.518934 -0.6270582 -0.6768764 -0.385534 -0.5370961 -0.63482 -0.5554561 -0.946573 -0.2060266 -0.2480978 -0.9610812 -0.06980133 -0.2673031 -0.8809867 -0.1825239 -0.4365177 0.4532238 -0.1915529 0.8705721 0.2952001 -0.3193187 0.9004957 0.4649987 -0.2565862 0.8473132 0.3459317 0.7117424 -0.6113543 0.5238918 0.6983559 -0.4876848 0.4297335 0.6305202 -0.646354 0.923375 0.2448549 -0.2956765 0.9459503 0.1066072 -0.3062888 0.854304 0.200274 -0.4796407 -0.5073744 0.2364924 0.828639 -0.3516539 0.3661899 0.8615362 -0.5170369 0.3019666 0.8009302 -0.1620682 -0.01830577 0.9866098 -0.8770342 -0.4414314 0.1896032 -0.8293879 -0.5546107 0.06725198 -0.938126 -0.3397042 0.06723546 -0.9606295 0.2775195 0.01318675 -0.9157914 0.3843942 -0.1164789 -0.8666744 0.4988722 0.001454889 0.4449692 0.8778042 0.1773759 0.3329712 0.9410575 0.05950576 0.5488152 0.834366 0.05133605 0.9650586 0.2579121 -0.04629576 0.9747554 0.142504 -0.1718851 0.9986934 0.01971602 -0.04714667 0.7402028 -0.6555764 0.1493973 0.8179316 -0.574823 0.02380323 0.6565692 -0.7534516 0.03503918 -0.4372191 -0.8987991 0.03162157 -0.5427415 -0.8360002 -0.08084237 -0.6386166 -0.7678976 0.05002212 0.339411 0.9385025 -0.06334996 0.5374236 0.8426115 -0.03437751 0.5380355 0.8420911 -0.03742319 0.8582634 0.4861792 0.1643592 0.8580613 0.4862719 0.1651378 0.9424158 0.2815228 0.1805474 0.489994 -0.8712289 0.02942866 0.3491919 -0.9356866 0.05055409 0.3486503 -0.936055 0.04737138 0.07190197 -0.9883524 0.1341258 0.07178175 -0.9884694 0.1333253 -0.08396893 -0.9867905 0.1385409 -0.6072081 -0.7942892 0.02007383 -0.7236762 -0.6900786 0.009191274 -0.7236362 -0.6900761 0.01207256 -0.9883022 0.1466445 0.04188495 -0.9527751 0.2983893 0.05642396 -0.9527937 0.2987077 0.05438888 -0.9561342 0.2863449 0.06175792 -0.9561274 0.286292 0.06210863 -0.8992898 0.4317881 0.0695489 -0.4902302 0.8715801 0.004735171 -0.3481407 0.9374233 0.005976498 -0.3481874 0.9374012 0.006677806 0.6036832 0.7895601 0.1102798 0.6040499 0.7900068 0.1049435 0.7205296 0.687338 0.0916711 0.6032274 0.7883395 0.1209863 0.7202119 0.687249 0.09478288 0.7202176 0.6864359 0.1004607 0.9889954 -0.1470261 -0.0164777 0.9538099 -0.2997016 -0.02063632 0.9538556 -0.2996631 -0.01900941 -0.7295106 -0.4797764 -0.4874721 -0.7325553 -0.5220512 -0.4368357 -0.6464461 -0.5880473 -0.4861153 -0.620359 -0.1343264 0.7727298 -0.5984293 -0.0128169 0.8010731 -0.5800437 -0.148043 0.8010197 0.1612241 -0.8522757 -0.4976273 0.02898252 -0.8757188 -0.4819511 0.1645643 -0.8605967 -0.4819667 0.5056523 -0.3928805 0.7680891 0.5019719 -0.390226 0.7718471 0.5784771 -0.2774699 0.7670559 0.7295106 0.4797764 -0.4874721 0.7325553 0.5220512 -0.4368357 0.6464461 0.5880473 -0.4861153 0.620359 0.1343264 0.7727298 0.5984293 0.0128169 0.8010731 0.5800437 0.148043 0.8010197 -0.1612241 0.8522757 -0.4976273 -0.02898252 0.8757188 -0.4819511 -0.1645643 0.8605967 -0.4819667 -0.5056523 0.3928805 0.7680891 -0.5019719 0.390226 0.7718471 -0.5784771 0.2774699 0.7670559 0.04337686 0.02102726 0.9988375 -0.6119889 0.379355 0.6939449 0.6119889 -0.379355 0.6939449 -0.04337686 -0.02102726 0.9988375 -0.7361413 0.6442772 -0.2073717 -0.7372528 0.6448586 -0.2015333 -0.8377497 0.5029189 -0.2127159 -0.8364118 -0.5260721 0.15383 -0.7645015 -0.6259012 0.1542245 -0.7240861 -0.6723753 0.1536587 -0.2374897 -0.8813174 -0.4085074 -0.2375479 -0.8814899 -0.4081011 -0.1476866 -0.9024752 -0.4046323 0.4815281 -0.8747977 -0.05347824 0.5003361 -0.8648058 -0.04212868 0.6342735 -0.7713427 -0.05222576 0.7361413 -0.6442772 -0.2073717 0.7372528 -0.6448586 -0.2015333 0.8377497 -0.5029189 -0.2127159 0.8364118 0.5260721 0.15383 0.7645015 0.6259012 0.1542245 0.7240861 0.6723753 0.1536587 0.2374897 0.8813174 -0.4085074 0.2375479 0.8814899 -0.4081011 0.1476866 0.9024752 -0.4046323 -0.4815281 0.8747977 -0.05347824 -0.5003361 0.8648058 -0.04212868 -0.6342735 0.7713427 -0.05222576 0.6952829 0.616829 -0.3689222 0.7605212 0.5182737 -0.3911523 0.7730379 0.507703 -0.3803291 0.4085324 0.9088056 0.0846979 0.4096065 0.9087422 0.08006465 0.4610611 0.8844314 0.07213795 -0.5854395 0.748014 -0.3126272 -0.4828765 0.80817 -0.3371816 -0.4705669 0.8195341 -0.3270028 -0.8981528 0.4037486 0.1740939 -0.8983139 0.4050735 0.1701399 -0.8742155 0.4567375 0.1647373 -0.6952829 -0.616829 -0.3689222 -0.7605212 -0.5182737 -0.3911523 -0.7730379 -0.507703 -0.3803291 -0.4085324 -0.9088056 0.0846979 -0.4096065 -0.9087422 0.08006465 -0.4610611 -0.8844314 0.07213795 0.5854395 -0.748014 -0.3126272 0.4828765 -0.80817 -0.3371816 0.4705669 -0.8195341 -0.3270028 0.8981528 -0.4037486 0.1740939 0.8983139 -0.4050735 0.1701399 0.8742155 -0.4567375 0.1647373 -0.9851163 0.02840185 -0.169527 -0.97014 0.1380982 -0.1993917 -0.9727464 0.1364108 -0.1875008 -0.1633957 0.9234924 0.3470788 -0.1630702 0.9280478 0.3348663 -0.05516713 0.9482703 0.3126342 0.03047561 0.9994823 -0.01031464 0.1395356 0.9889761 -0.04955846 0.1390272 0.9896352 -0.03596669 0.9556066 0.1892246 0.225854 0.9584233 0.1903199 0.2126104 0.9796308 0.08163982 0.1834622 -0.3069385 0.02470904 -0.9514086 0.3069385 -0.02470904 -0.9514086 -0.01819229 -0.0375114 -0.9991306 0.03751289 -0.01819247 -0.9991306 -0.0247088 -0.3069392 -0.9514083 0.01819229 0.0375114 -0.9991306 -0.03751289 0.01819247 -0.9991306 0.0247088 0.3069392 -0.9514083 0.9851163 -0.02840185 -0.169527 0.97014 -0.1380982 -0.1993917 0.9727464 -0.1364108 -0.1875008 0.1633957 -0.9234924 0.3470788 0.1630702 -0.9280478 0.3348663 0.05516713 -0.9482703 0.3126342 -0.03047561 -0.9994823 -0.01031464 -0.1395356 -0.9889761 -0.04955846 -0.1390272 -0.9896352 -0.03596669 -0.9556066 -0.1892246 0.225854 -0.9584233 -0.1903199 0.2126104 -0.9796308 -0.08163982 0.1834622 0.9995915 0.01832991 -0.02192801 -0.9861693 -0.1364605 -0.09406834 -0.9911317 0.08522522 -0.101954 0.3711962 0.5628097 -0.7385519 0.7704192 -0.03753954 -0.6364315 -0.9961041 -0.02326869 -0.08506113 0.4849866 -0.4433344 -0.7538188 0.7923389 -0.02153903 -0.609701 -0.9853235 0.04258137 -0.1653009 0.8651531 -0.06673306 0.497048 -0.9998901 0.003965914 -0.01428902 -0.9978536 -0.02299129 -0.06131744 -0.9765765 -0.2150937 -0.00576049 0.004711925 -0.9657456 0.2594482 0.8336521 0.5338531 0.1415108 -0.9968153 0 0.07974517 0.9632033 -0.2684102 -0.01397973 0.2860202 0.9002578 0.32822 -0.9966608 0.04243779 0.0697599 -0.2938784 -0.9249921 0.2408839 0.9803861 0.1958025 0.02246397 0.9648589 -0.2523109 0.07339394 -0.6352927 0.7669617 0.09040409 3.3556e-4 -2.42682e-6 1 2.75495e-5 3.34436e-4 1 3.35362e-4 -1.17636e-5 1 0.4518035 0.09023422 0.8875424 0.2248067 -0.06264549 0.9723875 0.536576 0.0297926 0.843326 7.16416e-5 0 1 0.9978954 -0.06192177 0.01924669 0.9943076 -0.00394386 -0.106475 0.9997388 -0.01801759 0.01406192 0.4411171 0.8914427 -0.1036613 -0.8037221 0.5380955 0.2539372 -0.06871652 -0.9837359 0.1659569 0.5719903 -0.815824 -0.08519655 -0.9688251 -0.01234388 0.2474386 0.2172853 0.9518685 0.2161796 0.8761041 -0.2428637 -0.4164843 0.7730363 0.5109994 -0.3758917 0.251443 -0.9378203 -0.2393107 -0.3224462 0.4676151 -0.8230216 -0.4052251 -0.2179594 -0.887855 -0.5376586 -0.01371699 -0.843051 -0.3793981 -0.1087612 -0.918819 -0.4262202 -0.1406061 -0.8936254 -0.4328885 -0.09885609 -0.8960106 -0.2938291 0.1673025 -0.9411028 -0.3451573 0.1816972 -0.9207891 -0.2846323 0.2036714 -0.9367511 0.2982313 0.5204723 -0.8001043 0.2399044 0.5271626 -0.8151966 0.2811839 0.5587325 -0.7802267 0.005698621 0.03253918 -0.9994543 0.04797518 -0.0115031 -0.9987823 0.02954125 -0.02242052 -0.9993122 0.2913841 -0.1302006 -0.9477042 0.3317788 -0.1638801 -0.9290136 0.2695563 -0.1698901 -0.9478802 -0.2877748 -0.2923304 -0.9119916 -0.2444169 -0.2477251 -0.9374927 -0.228987 -0.2836685 -0.9311805 -0.2948532 -0.5353205 -0.7915136 -0.2376516 -0.5259432 -0.8166428 -0.2676875 -0.5658652 -0.7798333 0.1178608 -0.07315045 -0.9903323 0.08015263 -0.0278241 -0.9963942 0.1355268 -0.03377294 -0.990198 -0.937473 -0.138347 0.3193814 -0.8682346 -0.03958362 0.4945723 -0.9478838 -0.04349029 0.3156341 0.8707587 -0.3833036 0.3079896 0.7927808 -0.3655252 0.4877396 0.7517148 -0.457974 0.4745365 0.2183563 -0.7183617 -0.6605127 0.3302441 -0.7956203 -0.5078652 0.2343139 -0.8374848 -0.4936764 0.3567151 -0.5587098 -0.7487308 0.5391022 -0.4887645 -0.685914 0.5234677 -0.5448274 -0.6550915 0.937388 0.2327935 0.2590583 0.8972831 0.1114141 0.4271652 0.9612872 0.1280604 0.2439827 -0.8725492 0.379804 0.3072571 -0.7901 0.3733432 0.4861655 -0.7525463 0.4613478 0.469928 -0.2183563 0.7183617 -0.6605127 -0.3302441 0.7956203 -0.5078652 -0.2343139 0.8374848 -0.4936764 0.3542764 0.6072094 -0.7111856 0.5207678 0.6218265 -0.5849213 0.4262288 0.5288688 -0.7339121 0.7698082 0.3117162 -0.5569815 0.8408378 0.3814856 -0.3840059 0.8807827 0.2710048 -0.3883021 -0.3567151 0.5587098 -0.7487308 -0.5391022 0.4887645 -0.685914 -0.5234677 0.5448274 -0.6550915 0.03653335 -0.3343454 0.9417423 0.08174622 -0.2186012 0.9723843 -0.2791247 -0.2573356 0.9251313 -0.276486 -0.3058526 0.9110487 5.32475e-4 0.1437193 0.9896184 0.001148819 0.2092674 0.9778578 0.03838694 0.1652344 0.985507 0.4903429 -0.8628739 0.1225259 0.3121702 -0.9400925 0.137026 0.3120057 -0.9403454 0.1356581 0.2104119 -0.9611071 0.1788858 0.2103476 -0.961217 0.1783704 0.01675021 -0.9823004 0.186562 -0.6330125 -0.7734419 0.03290724 -0.7713252 -0.6358834 0.02663981 -0.7710034 -0.6360736 0.03105092 -0.210866 0.9702996 0.1185507 -0.2123466 0.9712227 0.107868 -0.02179098 0.9969334 0.07516032 0.1047594 0.9942473 -0.02231246 0.2929978 0.9548584 -0.04896849 0.2926959 0.9553651 -0.04008156 -0.9544389 0.297813 0.01881146 -0.9545454 0.2976904 0.01494759 -0.8996405 0.4366173 0.0035609 -0.7495943 0.6581072 -0.07073462 -0.6424134 0.7622112 -0.07961767 -0.6426506 0.7623093 -0.07671272 0.6424134 0.7622113 0.07961767 0.6426505 0.7623094 0.07671272 0.7495942 0.6581073 0.07073462 0.8996404 0.4366171 -0.0035609 0.9544389 0.2978129 -0.01881146 0.9545455 0.2976903 -0.01494759 0.1240807 -0.9921401 -0.01619297 -0.02378863 -0.999714 0.002496004 -0.02432388 -0.9997042 7.96271e-5 0.02378863 -0.999714 -0.002496004 0.02432388 -0.9997042 -7.96271e-5 -0.1240807 -0.9921401 0.01619297 0.8131393 -0.5789409 0.06026756 0.6648052 -0.7402408 0.1003874 0.6640523 -0.7417397 0.09411078 0.4871357 -0.8535405 0.1848449 0.4870585 -0.8537791 0.1839441 0.2825008 -0.9392442 0.194971 -0.8258249 -0.5443862 -0.1471632 -0.9267146 -0.3461166 -0.1462993 -0.9269418 -0.3466235 -0.1436359 0.5359145 0.2054993 -0.8188807 -0.575907 0.01665109 -0.8173457 -0.5763237 0.02033638 -0.8169685 0.5731681 0.00601089 -0.8194158 -0.2605355 0.5116523 -0.8187388 -0.2640097 0.4300461 -0.863342 -0.3230527 0.4739586 -0.8191461 0.290185 -0.4759931 -0.8301947 0.3057305 -0.3935069 -0.8669955 0.3585823 -0.4438506 -0.8212279 -0.1414328 -0.79104 0.5951912 -0.317353 -0.6953509 0.6448056 -0.1885584 -0.8132857 0.5504655 0.6169914 -0.7487393 -0.2423039 0.5759514 -0.8166216 -0.03753966 0.4998553 -0.8392769 -0.2139136 0.7483298 -0.09991085 0.6557593 0.6302641 -0.2489909 0.7353711 0.7628057 -0.1655173 0.6250852 -0.7288702 -0.5370492 -0.4246485 -0.7084243 -0.483443 -0.5142158 -0.5743051 -0.6520571 -0.4949699 -0.8127254 -0.4486771 -0.3717076 -0.8532774 -0.3330059 -0.4012791 -0.7239757 -0.4091667 -0.5553755 -0.5697814 0.2662233 0.7774794 -0.4291232 0.413913 0.8028259 -0.5855362 0.3199715 0.7448259 0.5546479 0.6443227 -0.5265111 0.5340529 0.5874997 -0.6079734 0.3765199 0.7323172 -0.5674014 0.8066309 0.4136031 -0.4222313 0.8481828 0.291743 -0.4421222 0.716898 0.3564289 -0.5991792 -0.1380459 0.09479981 0.9858785 -0.8770346 -0.4414307 0.1896033 -0.8293884 -0.5546098 0.06725215 -0.9381427 -0.3396584 0.06723368 -0.9602249 0.2788839 0.01385289 -0.9152418 0.385663 -0.1166049 -0.8660039 0.5000367 6.95005e-4 0.4448046 0.8775734 0.1789245 0.332928 0.9409737 0.0610525 0.5487786 0.8342905 0.0529288 0.9103412 0.412689 -0.03109335 0.9409894 0.3023495 -0.1520653 0.9827594 0.1833251 -0.02400112 0.7366104 -0.6581012 0.1559109 0.8178241 -0.574523 0.03296929 0.6564399 -0.7533982 0.03844416 -0.1588132 -0.9871755 0.01621454 -0.276722 -0.9551963 -0.1049998 -0.3902438 -0.9205154 0.01900845 -0.4860447 0.8470464 0.2151116 -0.4861733 0.8483515 0.2096076 -0.2830005 0.937547 0.2022783 0.3414618 0.9374312 -0.06801962 0.5388539 0.8369883 -0.09532672 0.5392302 0.8376441 -0.08708304 0.7875925 -0.602094 0.1310757 0.7877078 -0.6025068 0.1284607 0.6838427 -0.7186126 0.1263138 0.4889684 -0.8708773 0.04982537 0.3479887 -0.9369761 0.03130102 0.3476848 -0.9369252 0.03586983 -0.6067493 -0.7946559 -0.01942396 -0.7231626 -0.6905965 -0.01059615 -0.7232303 -0.6905137 -0.01135295 -0.9770514 0.1443762 0.1566078 -0.938217 0.2934464 0.1834071 -0.9387002 0.2946268 0.1789888 -0.9946979 -0.07044523 0.0749244 -0.9945397 -0.07084459 0.07662737 -0.9921721 0.08422881 0.0921964 -0.4902296 0.8715805 0.004735946 -0.3481401 0.9374235 0.005977272 -0.3481868 0.9374014 0.006678581 0.2851502 0.9549117 0.08266341 0.2853163 0.9550783 0.08012557 0.4312518 0.8990478 0.07573014 0.6072086 0.7942889 0.02007275 0.7236766 0.6900781 0.009190201 0.7236366 0.6900756 0.01207149 0.9882946 -0.1466947 0.04188668 0.9527741 -0.298392 0.05642426 0.9527927 -0.2987105 0.05438917 0.6757998 0.1652959 -0.7183119 0.6898683 0.05485486 -0.7218537 0.6885201 0.2165845 -0.6921209 0.7618521 0.5372002 0.3619358 0.6973436 0.6135109 0.3705621 0.7030187 0.6124287 0.3615188 -0.2903324 0.7573292 -0.5849443 -0.1565862 0.77561 -0.6114817 -0.1285575 0.7938129 -0.5944191 -0.5248079 0.8373091 0.1532645 -0.5839686 0.7955553 0.1614694 -0.5818946 0.7986431 0.1535187 -0.7700969 -0.1822358 -0.6113436 -0.7773451 -0.07188719 -0.6249536 -0.7799155 -0.2326481 -0.5810394 -0.5855216 -0.09108817 -0.8055231 -0.5626844 -0.04991406 -0.8251636 -0.5319846 0.07088726 -0.8437817 -0.3435898 -0.8873073 0.3076228 -0.3691239 -0.8698364 0.3273105 -0.4692092 -0.8105651 0.3504666 0.2863925 -0.7287178 -0.6220529 0.1580368 -0.7584936 -0.6322278 0.1340463 -0.7787486 -0.6128478 0.6387636 -0.744513 0.1941175 0.6909698 -0.6963522 0.1940477 0.6890974 -0.699857 0.1880031 0.9382104 0.09263426 0.333437 0.8849994 0.2686682 0.3802544 0.8946766 0.297037 0.3336509 0.0365231 0.9198285 -0.3906169 0.04681658 0.9311158 -0.3617066 -0.05782973 0.9303671 -0.3620397 -0.1571903 0.9657794 0.2063047 -0.224812 0.9537059 0.1997621 -0.3584516 0.9100512 0.2081328 -0.9890381 -0.0952512 -0.1128318 -0.9919092 -0.09159702 -0.0878992 -0.9896575 0.08771073 -0.1135117 -0.9382104 -0.09263426 0.333437 -0.8849994 -0.2686682 0.3802544 -0.8946766 -0.297037 0.3336509 -0.0365231 -0.9198285 -0.3906169 -0.04681658 -0.9311158 -0.3617066 0.05782973 -0.9303671 -0.3620397 0.1571903 -0.9657794 0.2063047 0.224812 -0.9537059 0.1997621 0.3584516 -0.9100512 0.2081328 0.9890381 0.0952512 -0.1128318 0.9919092 0.09159702 -0.0878992 0.9896575 -0.08771073 -0.1135117 -0.8077648 0.08598077 0.5832009 -0.8099179 -5.92413e-4 0.5865431 -0.8066938 -0.08819144 0.5843521 -0.6366717 -0.770295 0.03598463 -0.5671302 -0.8228577 0.03562015 -0.5683952 -0.8223677 0.02526497 -0.08068335 -0.7884231 0.6098191 0.004551231 -0.7902472 0.6127713 0.09348309 -0.7874532 0.6092442 0.5669893 -0.8229213 0.03638148 0.6365056 -0.770298 0.03875112 0.6334629 -0.7735567 0.01830101 0.8734858 -0.08530539 0.4793181 0.875657 -0.001507222 0.4829314 0.8730964 0.08887028 0.4793797 0.609112 -0.2759726 0.7435199 0.6183506 -0.2832407 0.7330875 0.6519818 -0.2028034 0.7306097 0.6526263 0.7546824 0.06733036 0.5843489 0.8088496 0.06556546 0.5868148 0.8080407 0.05214065 0.08067971 0.7953545 0.6007512 -0.004324853 0.7971923 0.6037099 -0.09348821 0.7944582 0.6000803 -0.5052756 0.8607484 0.06171691 -0.5036817 0.860885 0.0719859 -0.5768994 0.813509 0.0734182 -0.7545887 -0.03644573 0.6551853 -0.7460249 -0.123193 0.6544238 -0.7331753 -0.1168881 0.6699188 0.6409264 -0.728798 0.2409707 0.6429658 -0.7310103 0.228515 0.560803 -0.8020143 0.2056042 0.5558063 -0.8295837 -0.05357486 0.4618658 -0.883458 -0.0786274 0.464007 -0.8832853 -0.06711769 0.02245128 -0.9896137 0.1419881 0.02277481 -0.9894278 0.1432273 -0.09166747 -0.9838528 0.1537235 -0.4314577 -0.9017136 -0.02751082 -0.4256913 -0.9039383 -0.04101818 -0.517287 -0.8513233 -0.087538 -0.4306944 -0.9020595 -0.02812486 -0.5241916 -0.8489944 -0.06657183 -0.5250207 -0.8493777 -0.05395227 -0.9917837 -0.1102925 0.06481325 -0.9924917 -0.1109805 0.05141675 -0.9996889 -0.003867387 0.02464085 -0.9705088 -0.1373281 0.1981255 -0.9909771 -0.05269247 0.1232394 -0.9899283 -0.04138213 0.1353873 -0.1853969 0.982582 -0.01267302 0.07516896 0.9970729 -0.01397234 -0.1853814 0.9826249 -0.009060144 0.388855 0.9109638 -0.1376108 0.3881979 0.9140123 -0.1178298 0.1374512 0.9810651 -0.1364499 -0.4873877 -0.8708069 0.06441169 -0.6821876 -0.7311607 -0.004909873 -0.4697574 -0.8827567 -0.008285403 -0.5537281 -0.8121107 0.1840152 -0.5540311 -0.8147264 0.1710864 -0.3201233 -0.9284179 0.1885772 0.9129053 0.32268 -0.2499632 0.9608092 0.06757467 -0.2688485 0.9073867 0.3230457 -0.2688698 0.6991932 0.7031886 0.1290531 0.7000556 0.7044957 0.1166532 0.4924674 0.8621824 0.1188163 0.9389269 0.2754991 -0.2061955 0.9812479 0.01862967 -0.1918478 0.9411022 0.2765059 -0.1946058 0.509842 0.7910228 0.3381482 0.5112085 0.7999922 0.3141313 0.272981 0.9006416 0.3381217 -0.9362713 0.3469361 0.05505836 -0.8142573 0.5759985 0.07218652 -0.9355055 0.3449161 0.07656687 -0.9564207 0.2516826 0.1480388 -0.9504437 0.2446971 0.1917814 -0.9876195 -0.007298171 0.1566991 -0.5440936 -0.7403724 -0.3947289 -0.7365218 -0.5697495 -0.3645836 -0.549467 -0.7517659 -0.3646011 0.7078662 -0.6917749 0.1427339 0.7070096 -0.6892716 0.1582471 0.8650113 -0.4835796 0.1338146 -0.07746863 -0.9948395 -0.06552225 -0.3317871 -0.9421861 -0.04693311 -0.07638651 -0.9959397 -0.04763579 0.748578 -0.4901877 0.4464831 0.7443274 -0.4877191 0.4561872 0.8581963 -0.2533264 0.4464582 0.9400817 0.2183911 0.261824 0.9571667 -0.03922951 0.2868677 0.9315195 0.2204935 0.2892299 0.1972624 0.9350709 0.2944996 0.1784915 0.91702 0.3566722 -0.06307792 0.9535728 0.2944828 -0.5990425 0.7447227 -0.2941704 -0.3950137 0.8869624 -0.2392945 -0.6168604 0.7494767 -0.2403499 -0.7871707 -0.5839028 0.198545 -0.7825956 -0.5821658 0.2205154 -0.6051534 -0.7709566 0.1985328 -0.8678547 -0.4626052 -0.181176 -0.9629461 -0.2241781 -0.14993 -0.8712293 -0.4685052 -0.1465008 -0.5145169 -0.8011181 0.3057488 -0.5148239 -0.8125359 0.2733895 -0.2776553 -0.9107356 0.3057258 0.9810486 -0.1736513 0.08595913 0.9023041 -0.422466 0.08584886 0.9807828 -0.1735686 0.08910185 0.9373188 -0.1974225 0.2871549 0.953837 -0.1867281 0.2352182 0.9558199 0.06291788 0.287141 -0.1130959 0.9604599 0.2544136 0.147455 0.9523301 0.2670665 -0.1132352 0.9597938 0.2568534 -0.5105251 0.7117271 0.4825025 -0.5044009 0.7027466 0.5017241 -0.6975825 0.5297134 0.4824754 0.01951986 -0.0116505 0.9997417 -0.01003944 0.004759073 0.9999384 -0.02751684 -0.005761623 0.9996047 -0.0964843 -0.003692746 0.9953277 0.02902352 0.01848477 0.9994078 -0.02897292 -0.003892302 0.9995727 0.008401274 0.01723593 0.9998162 0.005720078 0.005666553 0.9999676 0.01693946 0.0807448 0.9965909 0.02871048 0.02001786 0.9993873 -0.0106734 -0.03097414 0.9994633 0.005711674 0.005872666 0.9999665 0.01402246 0.01157927 0.9998347 -0.02276641 0.0381568 0.9990125 -0.01083511 0.008948147 0.9999013 0.2306661 0.03751063 0.9723098 0.004058063 0.006337344 0.9999717 0.006581068 -0.01819872 0.9998127 0.02048987 0.01127558 0.9997265 -0.8959856 0.2841305 -0.3412916 -0.8605964 0.3862063 -0.3319918 -0.8627794 0.3846445 -0.3281164 -0.5676132 0.7732363 0.2827029 -0.5662662 0.7758893 0.2780979 -0.4772573 0.8306785 0.2867033 -0.2313397 0.9491304 -0.2136203 -0.1228905 0.9679634 -0.2189632 -0.1250994 0.9689538 -0.2132576 0.1948995 0.9793791 0.05320364 0.1979467 0.9791936 0.04468876 0.2999129 0.9530235 0.0424084 0.3355935 0.9211765 -0.1970047 0.4344662 0.8717747 -0.2263802 0.435315 0.8740677 -0.2156544 0.9739245 0.2261477 -0.01811796 0.9875712 0.147117 0.05531603 0.9896869 0.1352381 0.04723089 0.9782498 0.2000205 -0.05494648 0.9761322 0.2120893 -0.0467348 0.9924137 0.1214717 0.01896888 -0.007345259 -0.009822547 -0.9999248 -1.74366e-6 0 -1 0.02983546 -0.02549058 -0.9992298 0.0289722 -0.02978831 -0.9991363 -0.02478712 -0.0438565 -0.9987304 -0.01251345 -0.01083636 -0.999863 1.4715e-6 0 -1 0.008275151 -0.02263927 -0.9997095 -0.04026454 -0.04340487 -0.9982459 0.02651065 -0.03185331 -0.999141 0.06238049 -0.02888321 -0.9976344 0.009464085 -0.02271026 -0.9996973 0.06456917 -0.049129 -0.9967032 -8.19324e-4 -0.01150959 -0.9999334 0.003149151 -0.008207678 -0.9999614 0.1216744 0.02475136 -0.9922614 0.01325064 0.01288813 -0.9998292 0.03851974 0.009412944 -0.9992135 0.02538877 4.13502e-4 -0.9996776 0.02056598 0.01792299 -0.9996279 0.02547061 0.05501276 -0.9981608 0.004743516 0.01059365 -0.9999327 -0.02293306 0.02576625 -0.9994049 -0.01147896 0.03132766 -0.9994433 -0.3565659 0.01177662 -0.934196 -0.02231949 -0.02589887 -0.9994154 -0.6070492 0.547917 -0.5755679 -0.6422476 0.4934896 -0.5865033 0.9980183 8.95151e-4 -0.0629183 -0.9726751 -0.1871823 -0.1373535 0.8674563 -0.1194656 0.4829572 0.9950471 0.0112468 0.09876668 -0.7908364 -0.02467143 -0.6115302 0.9724801 -0.003857314 -0.2329538 0.9912877 -0.09064692 -0.0955612 0.9866072 0.159682 0.03328609 -0.8526249 0.4699943 0.228334 -0.441653 -0.8713564 0.2137306 0.428206 0.8448262 0.3207932 -0.9564132 -0.2335443 0.1753022 0.9786315 -0.2054414 0.00861144 0.9955686 -0.05656981 0.07512003 0.602567 0.7902516 0.1114259 -0.9743806 -0.2224697 0.03301149 -0.04781085 -0.9985653 0.0241118 -0.681049 -0.1554968 0.7155369 -0.6691532 -0.1633991 0.7249378 -3.55913e-4 0 1 3.21452e-6 0 1 -0.5284484 0.07258182 0.8458571 -0.9978954 0.06192177 0.01924675 -0.9943076 0.00394386 -0.106475 -0.2226837 0.967792 0.1174334 0.2460244 -0.9597144 -0.1357215 -0.1835192 0.9734597 0.1367363 -0.9585562 0.2533197 -0.1303805 -0.9787036 -0.002966165 -0.2052575 -0.8544744 0.4719923 -0.2170177 0.8972501 -0.3790302 0.2264475 0.3693463 0.9290999 0.01889199 0.4780774 0.8718166 -0.1066675 -0.06783872 0.9291128 -0.3635209 -0.2767601 0.9414858 -0.1923756 0.1461958 0.987464 0.0595113 0.07792276 0.9955635 -0.05273973 0.00127542 0.9995298 -0.0306372 0.1561826 0.9370966 -0.3121809 -0.1503206 0.9849714 0.0850591 -0.4007647 0.9149292 0.04787915 -0.6030831 0.7693406 -0.210727 -0.06241136 0.9916192 0.1131213 0.006297707 0.9987609 -0.04936629 0.2484372 0.9508345 -0.1849129 -0.04823243 0.998835 0.001539647 -1.66569e-4 0.9971539 -0.07539319 0.003119468 0.9962275 -0.08672422 -0.1561826 -0.9370966 -0.3121809 0.06783872 -0.9291125 -0.3635215 0.04239535 -0.9961416 0.07684171 -0.09137195 -0.995122 0.03719437 0.1024328 -0.9930499 0.05796182 -0.2713411 -0.9505367 -0.1511752 0 -1 1.00967e-6 0.3170115 -0.9355641 -0.1556394 -0.04797548 -0.9972149 0.05710417 0.005741655 -0.9909676 0.133979 9.47127e-4 -0.9879167 0.1549833 0.06683778 -0.9957341 0.06361222 0.684609 0.7201608 -0.112601 0.1195489 0.7172947 -0.6864374 -0.86022 -0.4909504 -0.1378023 -0.004933774 0.5899229 -0.8074445 -7.66118e-5 0.567619 -0.8232914 0.8862426 -0.440063 -0.1446324 -0.1195491 -0.7172947 -0.6864374 -0.6713878 -0.7285936 -0.1356096 5.8591e-4 0.03458833 0.9994015 0.004705309 -0.0479049 0.9988409 -0.001051783 0.02485889 0.9996905 -0.005815565 0.04909777 0.9987772 -0.9378167 -0.3087226 0.1587145 -0.9223239 -0.3570622 0.1477341 -0.9457029 -0.3085752 -0.1021156 -0.7066026 0.3366313 -0.6224085 -0.8592816 0.2858422 -0.4241808 -0.7129595 0.2858313 -0.640304 0.3559436 -0.1871072 -0.9155846 0.3567963 -0.2205606 -0.9077717 0.584485 -0.1871096 -0.7895361 0.929531 0.2802478 -0.2396525 0.8376552 0.2574471 -0.4817208 0.9360234 0.2574377 -0.2399708 0.6805003 -0.4672439 0.5644489 0.6711957 -0.4886133 0.5574527 0.4860432 -0.4672564 0.7385346 -0.2996789 0.2092235 0.9308158 -0.05110293 0.1682189 0.9844242 -0.3076636 0.1682182 0.9365073 0.3076639 -0.1682184 0.9365071 0.2996791 -0.2092237 0.9308157 0.05110317 -0.1682191 0.9844242 -0.6711955 0.4886132 0.557453 -0.4860429 0.4672563 0.7385349 -0.6805 0.4672439 0.5644493 -0.9360237 -0.2574375 -0.2399699 -0.9295313 -0.2802476 -0.2396517 -0.8376556 -0.2574469 -0.48172 -0.3567951 0.2205601 -0.9077723 -0.5844841 0.1871092 -0.789537 -0.3559424 0.1871067 -0.9155852 0.7129601 -0.2858315 -0.6403033 0.7066031 -0.3366315 -0.6224077 0.859282 -0.2858424 -0.42418 0.9223239 0.3570622 0.147734 0.9457029 0.3085752 -0.1021157 0.9378167 0.3087226 0.1587144 -0.9037508 0.2815818 0.3224071 -0.7053306 -0.2849278 -0.6490955 -0.8604661 0.07032418 -0.5046312 -0.9938325 0.1107441 0.005740284 0.7100428 -0.6897969 0.1414903 0.6920599 0.07728928 -0.7176904 0.7258809 0.2375502 -0.6454974 1 9.93425e-6 -7.0233e-5 0.08743274 0.1637901 -0.982613 -0.1321611 0.199241 -0.9709978 -0.08802294 0.206364 -0.9745081 0.03543007 0.1437723 -0.9889764 -3.15421e-4 0.1058341 -0.9943838 9.9551e-5 0.1074891 -0.9942063 5.44896e-5 0.1074967 -0.9942055 1.13236e-4 0.1074855 -0.9942067 -3.23288e-4 -0.1349983 0.9908459 -0.009364783 -0.1396161 0.9901614 0.007690131 -0.1380198 0.9903996 0.01044034 -0.1368505 0.9905368 0 -0.1644665 0.9863827 3.12296e-5 -0.1648139 0.9863247 2.80047e-6 -0.1648152 0.9863245 1.87363e-5 -0.1648148 0.9863246 -0.7375354 0.5327799 0.4149543 -0.7409366 0.5368165 0.4035357 -0.5802433 0.7183555 0.383775 0.1020753 0.8885275 -0.4473249 0.3292458 0.8420237 -0.4273094 0.3273199 0.8450461 -0.4227988 0.8017877 0.5027751 0.3230382 0.789562 0.5110453 0.339742 0.8544667 0.2916485 0.4299162 -0.02151459 0.9988002 -0.04399144 -0.09488177 0.937958 0.3335152 -0.321421 0.9044073 0.2805996 -0.319768 0.9090985 0.2669991 -0.08961081 0.963038 0.2540233 0.3491098 0.8475671 -0.3996902 0.5467891 0.7083287 -0.4464215 0.5508403 0.7138546 -0.4324195 -3.21879e-4 -0.06896448 -0.9976191 -0.01575803 -0.02871841 -0.9994634 0.001921176 -0.01899248 -0.9998179 0.003279566 -0.007404386 -0.9999672 -2.26331e-6 0 -1 -0.05177628 -0.02906894 -0.9982357 -1.07927e-6 0 1 -7.31208e-7 0 1 -1.17139e-6 0 1 -1.5611e-7 0 1 -0.9664086 0.2569944 -0.002928435 -0.867576 0.497045 0.01606696 -0.9666533 0.2555847 0.01606404 -0.7012838 -0.6361159 0.3218037 -0.6937702 -0.6312973 0.3466219 -0.5009683 -0.8034275 0.3217687 0.1306266 -0.99081 -0.03510338 -0.1279342 -0.9917317 -0.01006066 0.133062 -0.9910567 -0.01006513 0.7479594 -0.4970382 0.4398975 0.7396033 -0.489496 0.4619315 0.8630429 -0.2629416 0.431299 0.506565 0.7709425 -0.3860566 0.7073835 0.6094018 -0.3581036 0.511056 0.7813756 -0.3581539 -0.2968782 0.9165939 0.2678044 -0.2959493 0.9147065 0.2751838 -0.5308543 0.801329 0.2757996 -0.330285 -0.8537141 -0.402597 -0.548654 -0.7169054 -0.430146 -0.3206253 -0.843879 -0.4301949 -0.1490797 -0.9840017 0.09754973 -0.1197965 -0.9926766 0.01555222 0.1118707 -0.9889239 0.09754258 0.7729012 0.4508325 0.4465131 0.8666951 0.2075098 0.4536293 0.7693855 0.4496879 0.4536814 0.9429448 -0.1969376 0.2684598 0.9485787 -0.1963625 0.2482744 0.9636089 0.0630474 0.2597754 -0.317597 0.9352305 -0.1564484 -0.06154948 0.9858163 -0.1561342 -0.3176061 0.935275 -0.1561642 -0.6072419 0.7809193 0.1463645 -0.6058132 0.777634 0.1681545 -0.7896116 0.5943151 0.1526532 -0.9997669 -0.01786977 -0.0121231 -0.9993867 -0.01973783 -0.02892774 0.9989961 -0.01141142 -0.04332184 0.9992635 -0.03640198 0.0121355 2.97804e-4 -0.9999992 0.001299083 -2.97938e-4 -0.9999992 -0.001300334 -0.02191329 -0.9771772 0.2112928 -0.001576066 -0.9758459 -0.2184545 -0.001400232 -0.9763059 -0.216391 0.3151618 -0.05264353 0.9475768 0.1602205 -0.251696 0.954452 0.04982423 -0.1185329 0.9916994 -4.36897e-4 -0.09403645 0.9955688 0.00773561 -0.0711435 0.9974362 -0.1066025 -0.1285156 0.9859613 0.1242913 -0.8982773 0.4214851 0.9266226 -0.3757542 -0.01340198 0.8042918 -0.5661266 0.1805978 0.9998514 0.001647233 0.01715999 0.9994676 -0.007220208 0.03181743 0.9965192 -0.06608128 0.050821 0.9855864 -0.1691697 0.00105983 0.9867573 -0.1467478 0.06910276 -0.9288977 -0.3698857 -0.01826864 -0.9368311 -0.3476626 -0.03844791 -0.9997945 0.002304911 0.02014458 -0.9979104 -0.03985697 0.05085706 -0.9995247 -0.003977 0.03057026 -0.9986233 -0.05056202 0.01396298 -0.9928762 0.118692 -0.0104503 -0.469941 0.1122053 -0.8755372 -0.9505637 -0.2521914 0.181185 -0.998597 -0.0458002 -0.02657872 -0.9880827 1.41381e-4 0.1539243 -0.9994733 -0.02571356 0.0197947 -0.9968674 -0.06267213 0.04824602 -0.997856 0.01070564 0.06456685 -0.9990496 8.50123e-5 0.04358863 -0.9965006 -0.06830096 0.04818522 -0.9967008 -0.0659157 0.0473566 -0.05544686 0.4289717 0.9016147 0.01697492 0.999811 0.009479105 0.01534628 0.9998372 0.009498178 0 1 -1.65904e-7 -0.02176839 0.9996962 0.01156502 -9.63432e-4 0.9999293 0.01185894 0 1 4.9508e-7 0.002599 0.9999417 0.01049005 -9.35747e-5 0.9999314 0.01171433 -0.01139259 0.9996406 0.02427136 0.002451956 0.999972 0.007083594 0 0 1 -2.43422e-7 0 1 0 0 1 1.09858e-5 0 1 -2.12219e-7 0 1 5.25644e-7 0 1 0 0 1 0 0 1 -1.71162e-7 0 1 -0.002816915 0.03481698 -0.9993898 -1.52214e-5 2.2017e-5 -1 0.1485199 0.0624665 -0.9869346 0.0232445 -0.03654408 -0.9990618 -2.50847e-4 -1.60479e-4 -1 -2.46427e-5 -7.15283e-4 -0.9999998 0 -1.16679e-4 -1 1.63369e-5 -1.40867e-5 -1 3.84583e-5 1.43781e-4 -1 -1.45853e-5 -2.55101e-6 -1 -0.03014695 -0.0466206 -0.9984577 -1.7867e-5 1.34786e-4 -1 0.08123713 -0.0096879 -0.9966478 -0.05693262 0.002438783 -0.9983751 -0.06776589 0.01467382 -0.9975934 -0.06515216 0.0162124 -0.9977437 2.48336e-6 5.71327e-6 -1 0.2090252 -0.3531008 -0.9119367 0.03514134 -0.007023096 -0.9993577 0.0313701 -0.02303373 -0.9992424 -0.03695034 -0.1334221 -0.9903703 -0.04989272 0.2787817 -0.9590576 -0.1581082 -0.9843488 0.07784044 0.05748158 -0.9663801 0.2506102 -0.6346299 -0.7271926 -0.2616025 0.1247801 -0.9209428 -0.3691807 -0.03998434 -0.9832599 -0.1777678 -0.04972332 -0.9729628 -0.225546 0.1037614 -0.9622924 0.2514497 0.007182121 -0.1154477 0.9932877 0.003946602 -0.107384 0.9942098 0.01410883 -0.9994503 0.03000307 2.66547e-4 -0.9994431 0.03336805 -0.02285641 -0.9993922 0.02632373 0.02888691 -0.9994437 0.01667362 0 -1 0 0 -1 3.49559e-6 0 -1 -4.82686e-6 0 -1 1.63547e-7 -0.03519052 -0.9991707 0.0204848 0.9913834 -0.0808553 0.1030599 0.9977999 4.48692e-4 0.06629568 0.9985171 0.008719027 0.0537365 0.9982694 -0.05492693 0.02101171 0.9989229 8.76366e-4 0.046395 0.9989547 0.03969252 0.02267223 0.9948889 0.08768075 0.0500831 0.9699971 -0.003674507 -0.2430889 0.9766842 0 -0.2146812 0.1312361 -0.07697117 -0.9883586 -0.3441917 0.7068969 -0.6179232 -0.1596137 0.792666 -0.5883911 -0.3574574 0.7252561 -0.5884113 -0.8052452 0.2673577 0.529245 -0.7866326 0.2561659 0.5617725 -0.8461795 0.06239283 0.529233 -0.9581463 -0.2220336 -0.1807119 -0.9911029 -0.02917343 -0.1298621 -0.9629663 -0.2362834 -0.1298705 -0.2637779 -0.8876303 0.3775366 -0.4382441 -0.8447375 0.3071822 -0.2432627 -0.9200268 0.3072034 -0.6774951 -0.2673028 -0.6852369 -0.6105381 -0.2727078 -0.7435548 -0.5737058 -0.4487249 -0.6852063 0.06339764 -0.9485441 0.3102335 0.06665283 -0.9377199 0.3409385 0.2691476 -0.9117589 0.3102505 0.4150113 -0.9096316 0.0183326 0.2261521 -0.9720477 0.06307643 0.4236487 -0.9036278 0.06307601 0.8681788 -0.4277628 0.2515646 0.8604317 -0.4079549 0.3053364 0.9397565 -0.2314393 0.2515823 0.7010795 0.2133008 -0.6804339 0.7535484 0.01476728 -0.6572266 0.7205022 0.2211508 -0.6572435 0.3896961 0.6348628 0.6671477 0.3776069 0.6181388 0.6894328 0.1979958 0.7181527 0.6671239 0.8947706 -0.4337257 -0.1061487 0.9787912 -0.1907302 -0.07476514 0.8957734 -0.4381719 -0.07480192 0.6346628 -0.5851477 -0.5047827 0.62767 -0.5785944 -0.5208254 0.4308501 -0.7481808 -0.504573 -0.4204028 -0.8738054 0.2443882 -0.1853832 -0.9629349 0.1959323 -0.4328231 -0.8799111 0.1960119 -0.9886568 0.0418846 -0.144234 -0.9806364 0.04903972 -0.1895981 -0.9433261 0.2989149 -0.1441732 -0.9021857 0.4308267 0.02119952 -0.9811406 0.1915223 -0.02612191 -0.8981243 0.4389646 -0.02613264 0.4261702 0.872698 -0.2382798 0.1846455 0.9607504 -0.2070384 0.4320846 0.8777244 -0.2071301 -8.80122e-4 0.9998597 -0.01673322 0.006364107 0.9996477 0.02577078 0.2579142 0.966023 -0.01673197 0.9223792 0.3826196 0.0530923 0.795282 0.6058843 0.02075433 0.9249981 0.3794044 0.02075648 0.6458949 -0.08161836 -0.7590509 0.6435353 -0.08086544 -0.7611328 0.5622574 -0.3288514 -0.7587644 -0.008125483 -0.9019618 0.4317394 0.2494598 -0.8779668 0.4085883 -0.009228825 -0.9126016 0.4087459 -0.1417426 -0.8241678 -0.5483216 -0.1849358 -0.8579671 -0.4792611 -0.3889533 -0.7404648 -0.5481125 -0.9624008 0.1883626 -0.1957145 -0.9348575 0.2156667 -0.28201 -0.8786445 0.4355554 -0.1956405 -0.5703524 0.5654045 0.5958322 -0.7419496 0.3821761 0.5508651 -0.5875822 0.5926284 0.5509437 0.1021174 0.7066776 -0.7001278 0.100149 0.6994948 -0.7075855 0.3493425 0.6230168 -0.6998642 0.8913414 -0.4348933 -0.1279786 0.9759536 -0.189774 -0.1072411 0.8929343 -0.4372153 -0.1072906 0.9654858 0.1627387 0.2033555 0.9584552 0.1576084 0.2377463 0.9741954 -0.09811288 0.2032665 -0.1892365 -0.9764409 -0.1036959 0.05741775 -0.9954866 -0.07556271 -0.1985347 -0.9797222 -0.02699142 -0.5226943 -0.6362814 -0.5673948 -0.5168523 -0.6299235 -0.579707 -0.695689 -0.4408532 -0.5671555 -0.9400628 0.3308145 0.08272713 -0.9949206 0.08800995 0.04886204 -0.9400696 0.3407155 0.01349627 0.08548665 0.9735831 -0.2117266 0.09554827 0.9587177 -0.2678268 0.3401015 0.9162189 -0.2118346 0.4269278 0.9015268 -0.07058387 0.189085 0.9739142 -0.1254518 0.436526 0.8908942 -0.1255094 0.8283045 -0.1431376 -0.5416856 0.7831597 -0.1519161 -0.602978 0.7445977 -0.3903473 -0.5414825 0.005784928 -0.5155307 0.8568516 0.2430102 -0.4189269 0.874898 0.022282 -0.5519379 0.8335875 -0.7128168 -0.0750851 -0.6973196 -0.7168902 -0.07349026 -0.6933021 -0.657301 0.1775115 -0.7324241 0.1439411 0.8582564 0.4926226 -0.1169471 0.8641496 0.4894579 0.1440159 0.8599451 0.4896468 0.1810016 0.9405764 -0.2873233 0.2511467 0.950858 -0.1810927 0.4281976 0.8568298 -0.2872098 0.0734421 0.9015233 -0.4264529 0.1698566 0.9230888 -0.3450449 0.3069711 0.8209274 -0.481505 0.6345712 -0.06649172 -0.7699989 0.5713329 -0.07276237 -0.8174867 0.5588124 -0.3080428 -0.7699601 0.6604615 -0.7089657 0.2473021 0.8219394 -0.5401842 0.1806011 0.6568281 -0.7320814 0.180648 -0.4509689 -0.6488205 -0.6129103 -0.4362689 -0.6121165 -0.6595323 -0.6331013 -0.4729965 -0.6127456 -0.7135899 0.06823682 0.6972327 -0.7017006 -0.1788101 0.689669 -0.7497223 0.0677073 0.6582797 -0.1117153 0.3179064 -0.9415175 0.8868304 -0.4043021 0.2237674 0.9698715 -0.1656185 0.1786615 0.8921901 -0.4147872 0.1787416 -0.7120563 -0.5597698 -0.4238321 -0.5366221 -0.7471539 -0.3921707 -0.7248153 -0.5663151 -0.3923394 -0.5548196 -0.7180424 -0.4202268 -0.5619051 -0.7227866 -0.4022963 -0.7363074 -0.5304749 -0.420057 -0.1884798 0.9252218 0.3293025 -0.4344375 0.8379215 0.3303815 -0.1883314 0.9248195 0.3305149 -0.1873376 0.9781193 0.09048438 -0.182548 0.9752807 0.1245144 0.07322287 0.9932064 0.09044116 0.998785 0.04789912 -0.01159077 0.9971318 0.03557258 -0.06680506 0.9771575 -0.2122002 -0.01159167 0.7855132 -0.1070316 -0.6095189 0.7395348 -0.1139835 -0.6633974 0.7117655 -0.3491545 -0.6094923 0.6914261 -0.6639848 0.2847 0.8458047 -0.4842963 0.2237671 0.6925376 -0.6857795 0.2238263 -0.5399048 -0.5705514 -0.6188488 -0.5182023 -0.5274795 -0.673225 -0.6934469 -0.3692777 -0.6186804 -0.8156978 -0.3898321 -0.427397 -0.6629448 -0.5746361 -0.4798933 -0.7994088 -0.3614133 -0.4799231 0.9015354 -0.4081344 0.1437367 0.9788515 -0.1599231 0.1275709 0.9032369 -0.4097267 0.1276211 0.4914747 -0.7532187 -0.4371662 0.4902917 -0.7509732 -0.4423273 0.2545503 -0.8627001 -0.4369814 -0.8354629 -0.4776889 0.2716892 -0.6809628 -0.6866039 0.2546858 -0.8397561 -0.4794709 0.2547889 -0.9493071 -0.07064366 -0.3063096 -0.9554489 -0.06866288 -0.2870588 -0.9328528 0.1898341 -0.3061844 -0.005244553 0.998942 0.04568916 -0.263812 0.9634429 0.04670256 -0.005233883 0.9988945 0.04671716 0.3215187 0.8403838 -0.4363268 0.3235185 0.843424 -0.4289193 0.5492246 0.7128323 -0.4361452 0.7129492 -0.6904223 0.1225589 0.794341 -0.5850256 0.1636074 0.7523851 -0.6383199 0.1626787 0.6763906 -0.2070856 -0.7068319 0.6761761 -0.2055653 -0.7074806 0.6106002 -0.2890022 -0.737323 0.8723781 0.4192423 0.2513815 0.8761096 0.4162283 0.2432823 0.9068869 0.3041347 0.2916473 0.5659673 0.8228844 -0.05042123 0.6079134 0.7904158 -0.07539534 0.6596798 0.7472677 -0.08008599 0.6014974 0.7894001 0.1226722 0.6070283 0.7913498 0.0726791 0.5999281 0.7974255 0.0647996 0.03447169 0.9980335 0.0523526 0.01516181 0.9980986 0.059744 0.09909832 0.9837481 0.1497312 -0.4889737 0.8567718 -0.1638496 -0.4760395 0.8619731 -0.1743243 -0.3859139 0.9065633 -0.1709201 -0.6878323 0.7177708 0.1081292 -0.6658341 0.7343232 0.1320391 -0.6602507 0.7346764 0.1559471 -0.8342981 0.4876637 -0.2571596 -0.8047063 0.523683 -0.2796499 -0.7640708 0.5838262 -0.2744866 -0.6356886 0.2458906 0.7317363 -0.6910189 0.1510882 0.7068701 -0.6916859 0.1531438 0.7057746 -0.7963471 -0.04886811 -0.6028625 -0.7970265 -0.05044692 -0.6018338 -0.7631655 -0.1509315 -0.6283296 -0.7055026 -0.7085016 -0.01707655 -0.7507492 -0.6605409 0.007838785 -0.7798898 -0.6249862 0.03412127 0.3167212 0.02110272 0.948284 0.6910172 0.08003574 0.7183938 0.6051037 0.06283611 0.7936631 0.5401143 0.05088222 0.8400521 0.5557273 0.04076111 0.8303648 0.5562118 0.03282248 0.8303921 0.4568902 0.03066575 0.8889945 0.9197623 0.02845454 0.391443 0.8354718 -0.00880891 0.5494628 0.834859 -0.05366688 0.5478416 0.07380825 0.004974603 0.9972601 -0.005566656 -0.03590047 0.9993399 -0.08541852 0.1189711 0.9892166 0.03113925 0.9094726 0.4145962 0.1026822 0.889429 0.4453904 0.1820751 0.9386117 0.2930135 0.010558 0.5667863 0.8237972 -0.03033268 0.4013332 0.9154298 0.04083293 0.5609604 0.8268351 -0.04348599 0.8409883 0.5393031 -0.003789365 0.8365604 0.5478616 0.04148894 0.922888 0.382827 0.003075361 0.9309676 0.3650888 0.04164844 0.8460994 0.5313956 -0.04149878 0.9267775 0.3733114 -0.450426 0.64811 0.6140602 -0.4196377 0.5022588 0.756069 -0.4153935 0.5945945 0.688408 -0.8416973 -0.05208021 0.5374323 -0.838202 -0.007736802 0.5453051 -0.9248114 0.02863043 0.3793472 -0.5072621 0.04227685 0.8607543 -0.5095709 0.01875174 0.8602244 -0.6655753 0.03654193 0.7454356 -0.6024908 0.03751146 0.7972438 -0.507775 0.02234029 0.8612 -0.6034272 0.02642667 0.7969802 0.3564366 -0.1095567 0.927874 0.2922961 -0.09829372 0.9512631 0.220927 -0.08315879 0.9717387 0.04199266 -0.007254719 0.9990916 -0.01937127 0.006766557 0.9997895 -0.06664121 -0.9977528 0.006959319 -0.04634773 -0.9989207 0.003057718 0.04426389 -0.9990161 0.002797842 0.01021248 0.9999463 0.001763045 0.1624548 0.9863705 -0.0261085 -0.7195172 -0.03338724 -0.6936716 -0.7919301 0.001752138 -0.6106092 0.0236448 0.9996997 0.006433784 -0.04688304 0.9988783 -0.006647348 0.03512352 -0.9993808 0.002154886 0.05082505 -0.9986942 0.005186736 -0.05503678 -0.9984739 0.004565536 -0.01715314 -0.002084791 0.9998508 6.39676e-4 0.001948356 0.9999979 0.7404891 3.40084e-4 -0.6720684 0.7195343 -0.007879376 -0.6944123 -0.007985055 -0.02600818 0.9996299 0.007985055 0.02600818 0.9996299 -0.999589 0.02586644 0.01236951 -0.9995881 -0.0258395 -0.0124883 0.007969975 -0.02595627 -0.9996314 -0.007969975 0.02595627 -0.9996314 0.9995881 0.02583962 -0.01248824 0.999589 -0.02586627 0.01236951 0.9991037 -0.01085114 0.04091584 -0.9981604 -0.00411117 0.06048989 -0.0954169 -0.8913885 0.4430828 -0.01335072 0.1542776 0.9879374 -3.66392e-4 0.1066858 0.9942928 -0.9535673 -0.1583771 -0.2561761 -0.983501 -0.005789518 -0.1808105 0.9671354 -0.0125674 -0.2539514 0.976871 -0.1135315 -0.1812013 -0.6889727 -0.03536969 -0.7239238 0.693971 0.05654168 -0.7177795 0.6128214 -0.00889188 -0.7901715 -0.9183825 -0.155225 -0.3639764 -0.7911474 -0.1542508 -0.5918552 -0.9185148 -0.1542757 -0.3640462 -0.7184171 0.2381542 0.6535744 -0.7152069 0.2536176 0.6512736 -0.5184397 0.2381247 0.8212898 0.4410607 -0.150178 0.8848232 0.1980544 -0.1238507 0.9723351 0.4447276 -0.1238605 0.8870603 0.6722082 0.1349318 -0.7279627 0.8399892 0.1090561 -0.5315309 0.672717 0.1090647 -0.7318174 0.7270269 0.1750982 -0.6639071 0.7274554 0.1709245 -0.664525 0.5270409 0.1750682 -0.8316124 -0.4410173 -0.1501694 -0.8848463 -0.1980054 -0.1238501 -0.9723451 -0.4446828 -0.1238616 -0.8870827 -0.6722078 0.1349319 0.727963 -0.8399888 0.1090562 0.5315313 -0.6727167 0.1090649 0.7318178 -0.7270604 0.1750968 0.6638707 -0.7274892 0.1709215 0.6644888 -0.5270828 0.1750691 0.8315857 0.9184006 -0.1552242 0.3639314 0.7911763 -0.1542515 0.5918163 0.9185329 -0.1542744 0.3640011 0.7183847 0.2381552 -0.6536097 0.7151756 0.2536129 -0.6513097 0.5183994 0.2381227 -0.8213158 -0.2079442 -0.1687535 0.9634736 -0.3323082 0 0.9431709 0.007214844 0 0.9999741 -0.007203757 -0.05546885 0.9984345 -0.1603322 -0.9870449 0.005990684 -0.4047062 -0.91319 -0.04792755 -0.1568613 -0.9874193 -0.01994633 0.1360846 -0.9906961 -0.001494586 -0.1244834 -0.9922217 -3.36135e-4 -0.1246257 -0.9921573 0.009613573 0.2224728 -0.9747859 -0.01727145 0.4671049 -0.8841471 -0.009844005 0.467107 -0.8840916 -0.01389592 -0.5298922 -0.8263834 -0.1905381 0.01693481 -0.9998539 -0.002348244 -0.7573707 -0.4669253 -0.4564764 0 -1 2.61195e-7 0 -1 0 0.01084369 -0.9995645 -0.02744853 0.004569351 -0.9999877 0.001964807 0 -1 1.52533e-7 0.5231929 0.8303247 -0.1919121 -0.01348298 0.9993265 -0.03413093 -0.005682528 0.9999809 0.002450168 -0.02006798 0.9997956 -0.002478539 0 1 0 0 1 2.61195e-7 0 1 1.57653e-7 -0.3139575 0.9415421 0.1221856 0 1 0 -0.225103 0.9650513 0.1341821 -0.1509939 0.9880466 0.03106272 -0.02616053 0.9996395 -0.006062269 -0.05396062 0.99834 0.02013945 0 1 -1.05195e-6 -0.0744636 -0.9952139 0.06328248 0 -1 0 -0.07585525 -0.9969559 -0.01802825 0.3129284 -0.9491214 -0.03527611 0.1258805 -0.9745668 -0.1854013 0 -1 1.44316e-7 -0.9965058 0.01797378 -0.08156687 -0.9987894 -0.005767643 0.04885303 -0.9903963 -0.1233475 0.06245666 -0.9932215 0.1037008 -0.0525093 -0.9814816 0.1833449 -0.05548483 -0.3783925 -0.02288079 0.9253624 -0.3749122 -0.04159098 0.926127 -0.5382359 -0.09270733 0.8376799 -0.3601327 0.02709984 0.9325074 -0.5250989 -0.03390628 0.8503656 -0.5266801 -0.01605176 0.8499121 0.8035767 -0.08735299 0.5887564 0.7084196 -0.02136421 0.7054681 0.7041531 -0.02826064 0.7094856 0.7100008 0.04205423 0.702944 0.71383 0.04884779 0.6986134 0.5929168 0.1074724 0.7980598 -0.2924111 -0.1332094 -0.9469694 -0.04056936 -0.09845513 -0.9943143 -0.2977021 -0.0984559 -0.9495683 -0.9495549 0.09845769 -0.2977444 -0.946955 0.1332241 -0.2924513 -0.9943121 0.09845799 -0.04061371 -0.9469552 -0.1332237 0.2924509 -0.9943122 -0.09845751 0.04061335 -0.949555 -0.09845721 0.297744 -0.2977478 0.09845542 0.949554 -0.2924548 0.1332218 0.9469542 -0.04061716 0.0984559 0.9943122 0.2924548 -0.1332218 0.9469542 0.0406171 -0.0984559 0.9943122 0.2977477 -0.09845542 0.949554 0.9495552 0.09845679 0.2977437 0.9469553 0.1332231 0.2924506 0.9943122 0.09845709 0.04061293 0.9469549 -0.1332234 -0.2924517 0.9943122 -0.09845751 -0.04061412 0.9495549 -0.09845721 -0.2977448 0.2977023 0.09845775 -0.949568 0.2924112 0.1332113 -0.9469692 0.04056954 0.09845691 -0.994314 5.10429e-5 -0.9999936 0.00357449 0 -1 0 0.01966571 -0.9993035 -0.03171569 -0.01941895 -0.9998079 -0.002649128 -0.005042076 -0.9999868 -9.99107e-4 -0.005005359 -0.9999871 -8.71764e-4 -0.005617618 -0.9999825 0.001856684 0 -1 -2.74516e-7 -0.6749076 0.4848082 -0.5562922 -0.6794663 0.4699401 -0.5634554 -0.5550349 0.4487692 -0.7003875 -0.4186185 -0.3550845 -0.8358669 -0.2429125 -0.3793113 -0.8928138 -0.2490597 -0.3647335 -0.8971838 0.8801587 0.01732915 -0.4743631 0.7989971 0.09830462 -0.5932453 0.8041332 0.1067932 -0.5847779 0.7418978 0.3443681 -0.5753245 0.626739 0.3604739 -0.6908379 0.6338304 0.3466841 -0.6914255 -0.928764 -0.007280349 -0.3706005 -0.8012745 -0.01420742 -0.5981282 -0.92875 -0.01421022 -0.3704342 -0.6768817 -0.04645484 -0.7346245 -0.6767942 -0.05775284 -0.7339035 -0.8440752 -0.04643529 -0.5342105 -0.4460137 0.05277532 0.8934689 -0.4453077 0.06446152 0.8930543 -0.1993118 0.0527594 0.9785149 0.4453077 -0.06446152 0.8930543 0.1993118 -0.0527594 0.9785149 0.4460137 -0.05277532 0.8934689 0.6767922 0.0577529 -0.7339053 0.8440738 0.04643535 -0.5342128 0.6768797 0.0464549 -0.7346264 0.9287493 0.01421022 -0.3704362 0.9287631 0.00728029 -0.3706024 0.8012732 0.01420742 -0.59813 0.4237412 0.8839588 0.1976368 0.2724178 0.9612312 -0.04269832 0.008680701 0.9988416 0.04733169 -0.0170105 0.9997447 0.01487267 0.001192331 0.9997987 -0.02003228 0 1 -1.95311e-7 0.003557324 0.9998043 -0.01946312 0.04187363 0.9989939 0.01605683 0.3139575 -0.9415421 0.1221856 0 -1 0 0.2308874 -0.961353 0.1499722 0.1447745 -0.9890164 0.02978354 0.01546114 -0.9998182 0.01116251 0.005788922 -0.999981 0.002160668 0 -1 -1.05195e-6 0.5450859 0.03306102 0.8377281 0.5465244 0.01596552 0.8372911 0.3812171 -0.02542936 0.9241358 0.5400665 0.06026935 0.8394617 0.3770516 -0.001701593 0.9261907 0.3749742 0.01588267 0.9268991 -0.450657 -0.04167783 0.8917238 -0.5836377 0.02131706 0.8117344 -0.5880111 0.01380133 0.8087352 -0.6391353 0.1680284 0.750515 -0.6388423 0.1685169 0.7506548 -0.7480069 0.2013765 0.6324027 -0.6099391 0.2299474 0.7583526 -0.7320597 0.2382466 0.6382219 -0.7312701 0.2405806 0.6382515 -0.04056936 -0.09845513 -0.9943143 -0.2977021 -0.0984559 -0.9495683 -0.9943121 0.09845799 -0.04061371 -0.9469552 -0.1332232 0.2924507 -0.9943123 -0.09845709 0.04061317 -0.9495551 -0.09845679 0.2977439 0.2924548 -0.1332217 0.9469542 0.0406171 -0.09845584 0.9943122 0.2977478 -0.09845542 0.9495541 0.2977023 0.09845775 -0.949568 0.2924112 0.1332112 -0.9469692 0.04056954 0.09845691 -0.994314 -0.7758167 -0.3960636 -0.4911639 -0.6773741 -0.4016273 -0.6163277 -0.6838001 -0.3919911 -0.6154351 -0.2485796 0.241223 -0.9380936 -0.2476953 0.2395074 -0.9387668 -0.08990544 0.2659704 -0.9597796 -0.9148288 0.06689369 -0.3982633 -0.9419253 0.1268245 -0.3109539 -0.9125036 0.07123732 -0.4028183 0.3128009 -0.2212057 -0.9237012 0.4721532 -0.175743 -0.8638204 0.4718112 -0.1752768 -0.864102 0.5770472 0.2400506 -0.7806358 0.5735991 0.2436662 -0.7820556 0.6914272 0.3016982 -0.6564348 -0.9287641 -0.007280349 -0.3706001 -0.8012748 -0.01420742 -0.598128 -0.9287502 -0.01421022 -0.3704338 -0.6768814 -0.04645496 -0.7346248 -0.6767939 -0.05775302 -0.7339038 -0.844075 -0.04643547 -0.5342109 -0.4460137 0.05277532 0.8934689 -0.4453077 0.06446152 0.8930542 0.4453078 -0.06446152 0.8930541 0.1993119 -0.0527594 0.9785148 0.4460138 -0.05277532 0.8934688 0.9287493 0.01421022 -0.3704358 0.9287633 0.00728029 -0.3706021 0.8012735 0.01420742 -0.5981296 -0.1033384 0.1174805 0.987684 0.6097012 0.1696198 0.7742697 -0.64339 -0.1922395 0.7410083 0.1028731 -0.1174843 0.9877321 -0.03286772 -4.54188e-4 0.9994597 0.5597114 -0.1541004 0.8142336 0.02987623 4.31504e-4 0.9995536 -0.515641 0.1300638 0.8468754 0.9847958 -0.1646206 -0.05547589 0.998533 -0.02476477 0.0481534 0.9979459 0.005997657 0.06378233 1.26486e-6 -1 -2.61399e-5 0.01350313 -0.999845 0.01129686 0.01067006 -0.9998607 0.0128473 -2.70439e-5 -1 4.5924e-6 -2.71509e-5 -1 3.46831e-6 0 -1 -1.23679e-7 0.02866911 -0.999589 2.27537e-4 0.387348 0.04513925 -0.920828 0.8932151 0.00871551 -0.4495452 0.9101296 -0.4047645 -0.08848726 0.04826545 -0.01867097 -0.99866 -0.01426428 0.04895663 -0.9986991 2.15452e-4 1 2.91471e-4 6.98014e-5 1 -1.23106e-5 3.63075e-4 1 1.79963e-4 6.94817e-5 1 -1.10268e-5 -0.04384493 0.9986872 0.02648556 0 1 -1.53501e-7 -0.05176866 0.99845 0.02043658 0.9050574 0.1046706 0.4122076 0.8991541 0.1526069 0.4101623 0.9631695 0.1041131 0.2479216 0.9808326 -0.08289617 0.1763398 0.9521041 9.13031e-5 0.3057742 0.9679939 -0.01416367 0.2505739 0.1371618 0.04806232 0.989382 0.1483042 0.0921638 0.9846379 0.3069944 0.04801285 0.9504995 0.4298424 -0.2557385 0.8659293 0.2798984 -0.2149118 0.9356655 0.4411807 -0.2205963 0.8698832 0.2602586 0.04906725 0.9642915 0.3783925 0.02288079 0.9253624 0.3749122 0.04159098 0.926127 0.5382359 0.09270733 0.8376799 0.3601327 -0.02709984 0.9325074 0.5250989 0.03390628 0.8503656 0.5266801 0.01605176 0.8499121 -0.8035766 0.08735305 0.5887565 -0.7084196 0.02136433 0.7054682 -0.704153 0.02826076 0.7094857 -0.7100009 -0.04205429 0.7029439 -0.7138301 -0.04884779 0.6986134 -0.5929169 -0.1074724 0.7980598 0.2924111 0.1332094 -0.9469694 0.04056936 0.09845513 -0.9943143 0.2977021 0.0984559 -0.9495683 0.9495549 -0.09845769 -0.2977444 0.946955 -0.1332241 -0.2924513 0.9943121 -0.09845799 -0.04061371 0.9469552 0.1332237 0.2924509 0.9943122 0.09845751 0.04061335 0.949555 0.09845721 0.297744 0.2977478 -0.09845542 0.949554 0.2924548 -0.1332218 0.9469542 0.04061716 -0.0984559 0.9943122 -0.2924548 0.1332218 0.9469542 -0.0406171 0.0984559 0.9943122 -0.2977477 0.09845542 0.949554 -0.9495552 -0.09845679 0.2977437 -0.9469553 -0.1332231 0.2924506 -0.9943122 -0.09845709 0.04061293 -0.9469549 0.1332234 -0.2924517 -0.9943122 0.09845751 -0.04061412 -0.9495549 0.09845721 -0.2977448 -0.2977023 -0.09845775 -0.949568 -0.2924112 -0.1332113 -0.9469692 -0.04056954 -0.09845691 -0.994314 -0.8782311 -0.02663624 -0.4774942 -0.7953596 -0.1042504 -0.5971055 -0.8009923 -0.1137607 -0.587767 -0.7419565 -0.3442057 -0.5753461 -0.6267866 -0.3606087 -0.6907242 -0.6338594 -0.3468362 -0.6913227 0.6749076 -0.4848082 -0.5562922 0.6794663 -0.4699401 -0.5634554 0.5550349 -0.4487692 -0.7003875 0.4186185 0.3550845 -0.8358669 0.2429125 0.3793113 -0.8928138 0.2490597 0.3647335 -0.8971838 -6.34929e-5 0.9999901 0.004446387 0 1 0 -0.02444809 0.9989233 -0.03943085 0.0184223 0.9998293 -0.001462817 -0.7634757 0.4533852 -0.4599424 0.006271719 0.9999796 -0.001242518 0.006226003 0.9999801 -0.001084685 0.00698769 0.999973 0.002309679 0 1 1.37429e-7 0.9814816 -0.1833451 -0.05548489 0.9932215 -0.1037015 -0.05250936 0.9903963 0.1233475 0.06245666 0.9987894 0.005767643 0.04885303 0 1 -1.26631e-7 0 1 0 3.1095e-6 1 -8.1179e-7 3.05419e-6 1 2.49182e-6 0 1 1.44316e-7 -0.3114416 0.9495627 -0.03653895 -0.1258805 0.9745668 -0.1854013 -0.06374055 0.04886204 -0.9967697 0.8935246 -0.007595717 -0.4489502 0.9052622 0.4173558 -0.07946407 0.04221677 -0.00589174 -0.9990912 -0.007908046 0.04896008 -0.9987695 2.10515e-4 -1 2.04538e-4 -0.1359921 -0.987901 0.07455056 -0.1418342 -0.9874439 0.06955337 0 -1 -1.49543e-7 -5.49638e-6 -1 -2.03909e-6 0 -1 0 -4.77394e-6 -1 -1.03656e-6 -5.13242e-6 -1 1.82444e-6 0.237109 0.00113064 0.9714824 0.2488672 0.04623693 0.9674333 0.4021666 0.001966595 0.9155644 0.3848459 -0.03380268 0.9223617 0.2315528 0.01201993 0.9727482 0.3969282 0.01204043 0.9177708 0.9666035 -0.0107932 0.2560494 0.9182758 6.35084e-4 0.3959411 0.9074818 -0.01028805 0.4199654 0.9469043 -0.01352971 0.3212311 0.9472199 -0.0100007 0.3204286 0.9283291 -0.003647506 0.3717418 -0.09099239 -0.004549145 0.9958412 0.9940994 -0.1065006 0.02059447 0.9940602 -0.1064186 0.0227921 0.9879375 0.1543114 0.01294565 0.8836506 0.4665209 -0.03898936 0.9232685 0.3828085 -0.03214085 0.8837706 0.4664654 -0.03687214 0.3967369 0.9177505 0.01827418 0.1592984 0.9869621 0.02301639 0.2804608 0.9592396 0.03465729 0.2180226 -0.9756224 -0.02504396 0.1330231 -0.990738 0.02725839 0.319892 -0.9459583 0.05321788 0.7752278 -0.62941 -0.05352628 0.6775064 -0.7341423 -0.04494798 0.7423912 -0.6680309 -0.05089277 -0.8359432 0.1930596 -0.5137381 -0.8357695 0.1900916 -0.5151258 -0.6940875 0.2168945 -0.6864397 -0.04967689 -0.2314355 -0.9715811 0.1664632 -0.1922973 -0.9671152 0.1660734 -0.1916123 -0.9673181 0.2705189 -0.009334325 -0.9626694 0.2673629 -0.004149138 -0.963587 0.4673982 0.05275905 -0.8824713 0.9457724 -0.1934531 0.260942 0.9423179 -0.2151776 0.2563896 0.8484275 -0.2701629 0.4551733 0.9919795 0.06555742 0.108069 0.9475315 -0.01440966 0.3193377 0.9466625 0.008193969 0.3221227 -0.06471621 -0.0563578 0.9963111 -0.2678879 0.02942037 0.9630008 -0.2751187 0.01905882 0.9612214 -0.3859823 0.2582437 0.8856229 -0.3860972 0.2580792 0.8856207 -0.5668694 0.2938927 0.7696014 -0.959493 -0.2229115 0.1722899 -0.9768291 -0.2080687 -0.05012387 -0.9775618 -0.2049022 -0.04886698 -0.01490974 0.02153211 -0.999657 -0.00338149 0.001157224 -0.9999937 -0.003007411 -0.01935249 -0.9998082 0.02133244 0.02324765 -0.9995021 0.008660197 0.01235306 -0.9998862 -0.01415139 -0.02965962 -0.9994599 0.04076969 -0.01581388 -0.9990435 -0.004191994 -0.003973841 -0.9999834 0.07958483 0.0488063 -0.9956327 0.01426428 0.04895663 -0.9986991 -0.04826545 -0.01867097 -0.99866 -1.68879e-4 1 1.64535e-4 0.1359922 0.987901 0.07455056 0.1418342 0.9874439 0.06955337 0 1 -1.49543e-7 6.13761e-6 1 -2.03909e-6 5.33092e-6 1 -7.69061e-7 0 1 0 5.73117e-6 1 1.82444e-6 0.09099239 0.004549145 0.9958412 -0.9576083 0.1380407 0.2528464 -0.9067252 0.1725932 0.3847872 -0.8984394 0.1383294 0.4167392 -0.9773302 -0.009353995 0.2115142 -0.9570337 0.004027426 0.2899488 -0.9746405 -0.03673708 0.2207401 -0.3940166 -0.1357493 0.9090231 -0.3805919 -0.0850358 0.9208251 -0.228641 -0.1357439 0.9640005 -0.3100069 -0.04893058 0.9494743 -0.4586775 -0.006177663 0.8885814 -0.2975975 0.001196622 0.9546907 -0.4237412 -0.8839588 0.1976368 -0.01515901 -0.9996904 -0.01973307 -0.2917785 -0.9561187 -0.02650499 0 -1 -1.34121e-7 0 -1 -1.95311e-7 -0.01736116 -0.999785 0.01133561 -0.008613109 -0.9999575 0.003302752 -0.5450859 -0.03306102 0.8377281 -0.5465244 -0.01596552 0.8372911 -0.3812171 0.02542936 0.9241358 -0.5400665 -0.06026935 0.8394617 -0.3770516 0.001701593 0.9261907 -0.3749742 -0.01588267 0.9268991 0.450657 0.04167783 0.8917238 0.5836377 -0.02131706 0.8117344 0.5880111 -0.01380133 0.8087352 0.6391336 -0.1680247 0.7505172 0.6388409 -0.1685131 0.750657 0.7480056 -0.2013739 0.6324051 0.6096115 -0.2300454 0.7585862 0.7317617 -0.2384514 0.6384871 0.7309542 -0.2408332 0.6385181 0.04056936 0.09845513 -0.9943143 0.2977021 0.0984559 -0.9495683 0.9943121 -0.09845799 -0.04061371 0.9469552 0.1332232 0.2924507 0.9943123 0.09845709 0.04061317 0.9495551 0.09845679 0.2977439 -0.2924548 0.1332217 0.9469542 -0.0406171 0.09845584 0.9943122 -0.2977478 0.09845542 0.9495541 -0.2977023 -0.09845775 -0.949568 -0.2924112 -0.1332112 -0.9469692 -0.04056954 -0.09845691 -0.994314 0.7722911 0.3899743 -0.5014842 0.6732922 0.3911526 -0.6274371 0.6797596 0.3815076 -0.6264015 0.2485796 -0.241223 -0.9380936 0.2476953 -0.2395074 -0.9387668 0.08990544 -0.2659704 -0.9597796 0.9161466 -0.0468313 -0.3980983 0.9449793 -0.1052767 -0.3097273 0.9140011 -0.05125463 -0.4024613 -0.3128009 0.2212057 -0.9237012 -0.4721532 0.175743 -0.8638204 -0.4718112 0.1752768 -0.864102 -0.5770472 -0.2400506 -0.7806358 -0.5735991 -0.2436662 -0.7820556 -0.6914272 -0.3016982 -0.6564348 -0.9847958 0.1646206 -0.05547589 -0.998533 0.02476477 0.0481534 -0.9979459 -0.005997657 0.06378233 0.002294421 0.9988697 0.04747706 -0.02866917 0.999589 2.27537e-4 -0.01350313 0.999845 0.01129668 -0.01067006 0.9998607 0.0128473 -0.04977256 0.9987414 -0.006195247 -0.04957878 0.9987341 -0.008501112 -0.387348 -0.04513925 -0.920828 -0.9958186 -0.01780235 -0.08960253 -0.04826545 0.01867097 -0.99866 0.01426428 -0.04895663 -0.9986991 -2.35292e-4 -1 2.76296e-4 -9.47473e-5 -1 -1.64142e-5 0 -1 0 -9.4313e-5 -1 -1.50774e-5 0.04384493 -0.9986872 0.02648556 -3.63075e-4 -1 1.79963e-4 0 -1 -1.53501e-7 0.05176866 -0.99845 0.02043658 -0.9102484 -0.005134761 0.4140308 -0.9058167 0.02048695 0.4231743 -0.9682944 -0.006254553 0.2497336 -0.9534624 -0.01527088 0.3011254 -0.9244755 0.01226133 0.3810445 -0.952996 7.15591e-4 0.3029822 -0.1371618 -0.04806232 0.989382 -0.1483042 -0.0921638 0.9846379 -0.3069944 -0.04801285 0.9504995 -0.3966735 0.1904349 0.8979893 -0.2448059 0.1477362 0.9582506 -0.4091361 0.14894 0.9002358 -0.2602586 -0.04906725 0.9642915 -0.6811751 -0.7313439 -0.03371495 -0.814747 -0.5781052 -0.04451698 -0.7773834 -0.6275269 -0.04341936 -0.2247184 -0.9741443 -0.02333426 -0.2772687 -0.9578455 0.07519543 -0.1795748 -0.98316 0.03390276 -0.9938157 0.1092346 0.01995539 -0.9938765 0.1092661 0.01645451 -0.9883371 -0.151637 0.01400583 -0.9411136 0.3356349 -0.04067397 -0.8858023 0.4620187 -0.04351007 -0.9401655 0.3389011 -0.03514516 -0.2506273 0.9680818 -0.001931965 -0.2753382 0.9380442 -0.2103852 -0.2934786 0.955178 0.03880077 0.9656088 0.165034 -0.2009071 0.9071723 0.1070221 -0.406921 0.9051477 0.1127169 -0.4098811 0.8573881 -0.07515841 -0.5091532 0.8586049 -0.07990151 -0.5063727 0.7239784 -0.1389135 -0.6756911 -0.08046525 0.1203085 -0.9894703 -0.29047 0.05774575 -0.9551401 -0.2937159 0.06319999 -0.9538012 -0.2705189 0.009334325 -0.9626694 -0.2673629 0.004149138 -0.963587 -0.4673982 -0.05275905 -0.8824713 -0.9457724 0.1934531 0.260942 -0.9423179 0.2151776 0.2563896 -0.8484275 0.2701629 0.4551733 -0.9919795 -0.06555742 0.108069 -0.9475315 0.01440966 0.3193377 -0.9466625 -0.008193969 0.3221227 0.2007635 0.05899554 0.9778618 0.3915892 -0.03513377 0.9194692 0.39948 -0.02513372 0.9163973 0.3874057 -0.1212117 0.9139063 0.3820368 -0.1279872 0.9152417 0.5615169 -0.1926276 0.8047319 -0.5320689 -0.828535 -0.1744492 0 -1 -2.97949e-7 0.01753437 -0.9998443 -0.001991391 -0.7599899 -0.4611769 -0.4579643 0 -1 -1.43429e-7 0 -1 3.71838e-7 0.008050918 -0.9999111 -0.01063454 0.00529623 -0.9999834 0.002277314 0 -1 -3.05404e-7 0 -1 1.52532e-7 0 -1 -1.84774e-7 0 -1 2.6656e-7 0.5259389 0.8321611 -0.1757734 -0.01095664 0.9996607 -0.02363324 -0.005418241 0.9999826 0.002336144 -0.01982611 0.9998 -0.002600014 0 1 1.57653e-7 0 1 -3.05404e-7 -0.3130745 0.9408902 0.1292679 0 1 0 -0.3255316 0.9035782 0.2785241 -0.1514096 0.9879806 0.03113776 -0.02748644 0.9995447 -0.01244735 -0.04642808 0.9989202 0.001690924 -0.05241388 -0.9972612 0.05218207 0.01352351 -0.9972321 -0.07311117 0 -1 -7.23644e-7 0 -1 1.7546e-7 -0.05905532 -0.9982199 0.008339345 0.3136763 -0.9484459 -0.04536128 0.1217619 -0.9689871 -0.2150305 -0.9965205 0.01797741 -0.08138716 -0.9931396 -0.1106437 0.03784096 -0.9975266 -0.06270921 0.03175336 -0.9983215 0.05166971 -0.02616333 -0.9710387 0.2364296 -0.03442478 -0.3532357 -0.01077979 0.9354724 -0.5083994 0.06635421 0.8585612 -0.5148512 0.05613273 0.8554399 -0.5003181 0.1108618 0.8587151 -0.4979372 0.1147033 0.8595939 -0.6427929 0.1608885 0.7489541 0.7161747 0.1300845 0.6856908 0.717526 0.1140826 0.6871256 0.5968609 0.08147066 0.7981978 0.6306873 -0.002445936 0.7760332 0.4953448 -0.05807054 0.8667534 0.4946833 -0.04114943 0.8680987 -0.2924408 -0.1332212 -0.9469586 -0.04060304 -0.09845465 -0.994313 -0.2977342 -0.09845447 -0.9495584 -0.9495563 0.09845447 -0.2977409 -0.9469565 0.1332212 -0.2924476 -0.9943126 0.09845477 -0.04061001 -0.9469563 -0.1332231 0.292447 -0.9943125 -0.09845668 0.04060935 -0.9495563 -0.09845638 0.2977402 -0.2977932 0.09845298 0.9495401 -0.2924981 0.1332324 0.9469394 -0.04066461 0.09845471 0.9943104 0.2924981 -0.1332365 0.9469388 0.04066449 -0.098459 0.99431 0.297793 -0.09845733 0.9495397 0.9495567 0.09845542 0.2977392 0.9469569 0.1332219 0.292446 0.9469562 -0.1332211 -0.2924488 0.9943125 -0.09845483 -0.0406112 0.949556 -0.09845453 -0.2977421 0.2977342 0.09845453 -0.9495584 0.2924408 0.1332212 -0.9469586 0.0406031 0.09845471 -0.994313 5.91772e-5 -0.9999915 0.004143238 0 -1 0 0.02199834 -0.999112 -0.03593587 0 -1 -1.52274e-7 -0.02010637 -0.9997953 -0.002302944 0 -1 -2.53908e-7 -0.005844175 -0.9999824 -0.00115776 -0.005801558 -0.9999827 -0.001010656 -0.00655049 -0.9999759 0.002327501 0 -1 5.70126e-7 -0.716983 0.380122 -0.5843311 -0.7232226 0.3610736 -0.5887061 -0.6035994 0.3213712 -0.7296494 -0.6421888 -0.04447185 -0.7652555 -0.4965723 -0.1383234 -0.856903 -0.4906287 -0.1161177 -0.8635973 0.9490172 0.0256806 -0.3141769 0.8875284 0.1021715 -0.4492819 0.8905556 0.1109783 -0.4411287 0.6785281 0.507251 -0.5313155 0.5772428 0.4918352 -0.6518351 0.5836269 0.4852611 -0.6510771 0.2353608 -0.2702373 -0.933583 0.2414365 -0.2776072 -0.9298617 0.08670872 -0.3366621 -0.9376248 -0.4453083 -0.06446146 -0.893054 -0.1993125 -0.05275934 -0.9785147 -0.4460143 -0.05277526 -0.8934686 -0.6767935 0.05775302 0.7339041 -0.8440747 0.04643547 0.5342111 -0.6768812 0.0464549 0.7346249 -0.9287154 0.01420992 0.3705211 -0.9287114 0.007287681 0.3707318 -0.8012186 0.0142067 0.5982033 0.9287107 -0.007287681 0.3707335 0.8012175 -0.0142067 0.5982047 0.9287147 -0.01420992 0.3705228 0.6768792 -0.04645508 0.7346267 0.6767916 -0.0577532 0.7339059 0.8440734 -0.04643565 0.5342133 0.4460142 0.05277532 -0.8934687 0.4453082 0.06446152 -0.893054 0.1993123 0.0527594 -0.9785148 0.4273576 0.8749901 0.2275037 0.2720184 0.9613505 -0.04256016 3.11133e-4 0.9987429 0.05012416 0.01158136 0.999758 -0.01870769 0 1 0 0.03085404 0.9994629 -0.01105254 0 -1 0 0.3392229 -0.8893674 0.3065183 0.1453208 -0.9889332 0.029886 0.007235646 -0.9999725 0.001701891 0.005121707 -0.9999869 1.86527e-4 0.3130744 -0.9408902 0.1292679 0.6427931 -0.1608884 0.7489539 0.5003184 -0.1108617 0.858715 0.4979375 -0.1147033 0.8595938 0.5074217 -0.06103235 0.8595338 0.5123752 -0.05294287 0.8571282 0.3496375 0.007299184 0.9368567 -0.4452782 -0.0573101 0.8935563 -0.5784193 0.007525742 0.8157049 -0.5830443 -2.54851e-4 0.8124403 -0.6393481 0.1672566 0.7505061 -0.6390125 0.1678037 0.7506697 -0.7476776 0.2015807 0.6327269 -0.6097123 0.2300181 0.7585134 -0.7318543 0.2383863 0.6384053 -0.7310531 0.2407515 0.6384357 -0.2924408 -0.1332212 -0.9469586 -0.04060304 -0.09845465 -0.994313 -0.2977342 -0.09845447 -0.9495584 -0.9495563 0.09845423 -0.2977408 -0.9469566 0.133221 -0.2924473 -0.9943127 0.09845459 -0.04060983 -0.9469565 -0.1332226 0.2924469 -0.9943125 -0.09845626 0.04060924 -0.9495564 -0.09845596 0.2977402 -0.2977932 0.09845298 0.94954 -0.2924982 0.1332323 0.9469393 -0.04066461 0.09845465 0.9943104 0.2924981 -0.1332365 0.9469388 0.04066449 -0.098459 0.99431 0.297793 -0.09845727 0.9495397 0.9495567 0.09845519 0.2977392 0.9469569 0.1332216 0.292446 0.946956 -0.1332211 -0.292449 0.9943125 -0.09845483 -0.04061144 0.9495558 -0.09845453 -0.2977423 0.2977342 0.09845447 -0.9495584 0.2924408 0.1332212 -0.9469586 0.0406031 0.09845465 -0.994313 -0.7744796 -0.3966243 -0.492819 -0.6765167 -0.4008556 -0.6177702 -0.6829285 -0.3914334 -0.6167566 -0.08141428 0.4100021 -0.9084438 -0.08139032 0.4099611 -0.9084644 0.07990473 0.4369063 -0.895951 -0.9146047 0.06833505 -0.3985333 -0.941754 0.1279122 -0.3110272 -0.9123111 0.07262223 -0.403007 0.2783749 0.192519 -0.9409803 0.4344616 0.235894 -0.8692509 0.4336714 0.2368122 -0.8693958 0.2036671 -0.1257225 -0.9709345 0.1862087 -0.1092777 -0.9764143 0.3456153 -0.005701005 -0.938359 0.9400135 0.2382101 -0.2441938 0.9437968 0.2224259 -0.2444884 0.9790207 0.1947161 -0.0600357 -0.4453083 -0.06446152 -0.893054 -0.1993125 -0.0527594 -0.9785147 -0.4460143 -0.05277532 -0.8934686 -0.6767939 0.05775314 0.7339037 -0.844075 0.04643559 0.5342107 -0.6768816 0.04645502 0.7346246 -0.9287155 0.01420992 0.3705208 -0.9287115 0.007287681 0.3707315 -0.8012187 0.0142067 0.598203 0.9287106 -0.007287681 0.3707338 0.8012173 -0.0142067 0.598205 0.9287146 -0.01420992 0.3705231 0.6768789 -0.04645514 0.734627 0.6767913 -0.05775326 0.7339062 0.8440732 -0.04643571 0.5342137 -0.2392354 0.04706758 0.9698202 0.6094526 0.1696404 0.774461 -0.643472 -0.1922333 0.7409387 0.5586581 0.1370679 0.8179936 -0.03287285 -4.54258e-4 0.9994595 0.5598201 -0.1540929 0.8141603 0.02987676 4.31587e-4 0.9995536 -0.5154027 0.1300758 0.8470186 0.9919921 0.09992986 -0.07723891 0.9996448 -0.0121901 0.02370309 0.991666 0.09681814 0.08499908 1.24775e-6 -1 -2.57407e-5 0.0141555 -0.9998301 0.0118097 -2.33964e-5 -1 6.86796e-6 -2.65443e-5 -1 -2.15055e-5 -2.79552e-5 -1 4.35123e-6 0 -1 0 0.02715313 -0.999624 0.003821909 -0.0426104 0.4569329 -0.8884801 0.3873441 0.04513937 -0.9208295 0.8932158 0.008715271 -0.4495438 0.9097594 -0.4058443 -0.08734089 0.04826092 -0.01867097 -0.9986603 -0.01426428 0.04895663 -0.9986991 2.35329e-4 1 2.76296e-4 9.47477e-5 1 -1.64143e-5 9.52226e-5 1 -1.79985e-5 3.63164e-4 1 1.79964e-4 0 1 0 -0.04709279 0.9986021 0.0240072 -0.05176824 0.9984501 0.020437 0 1 -1.52703e-7 0.9050557 0.1046775 0.4122101 0.8991522 0.1526129 0.4101642 0.9631683 0.1041164 0.2479243 0.9808322 -0.0828973 0.1763421 0.9521037 9.04808e-5 0.3057755 0.9679935 -0.01416361 0.2505751 0.1372157 0.04806298 0.9893745 0.1483933 0.09211647 0.9846289 0.3070459 0.04801303 0.9504828 0.4298048 -0.2557221 0.8659527 0.2798516 -0.214913 0.9356793 0.4411368 -0.2205994 0.8699047 0.2602542 0.04906779 0.9642926 0.3496375 0.007297217 0.9368568 0.5074217 -0.06103426 0.8595337 0.5123752 -0.05294477 0.8571282 0.5003181 -0.1108618 0.8587151 0.4979372 -0.1147033 0.8595939 0.6427929 -0.1608885 0.7489541 -0.7556288 0.03714209 0.6539463 -0.6506421 -0.03353089 0.7586439 -0.6456303 -0.02591955 0.7632102 -0.7038513 0.01055121 0.710269 -0.7089704 0.002554297 0.7052336 -0.59026 -0.061755 0.8048475 0.2924408 0.1332212 -0.9469586 0.04060304 0.09845465 -0.994313 0.2977342 0.09845447 -0.9495584 0.9495563 -0.09845447 -0.2977409 0.9469565 -0.1332212 -0.2924476 0.9943126 -0.09845477 -0.04061001 0.9469563 0.1332231 0.292447 0.9943125 0.09845668 0.04060935 0.9495563 0.09845638 0.2977402 0.2977932 -0.09845298 0.9495401 0.2924981 -0.1332324 0.9469394 0.04066461 -0.09845471 0.9943104 -0.2924981 0.1332365 0.9469388 -0.04066449 0.098459 0.99431 -0.297793 0.09845733 0.9495397 -0.9495567 -0.09845542 0.2977392 -0.9469569 -0.1332219 0.292446 -0.9469562 0.1332211 -0.2924488 -0.9943125 0.09845483 -0.0406112 -0.949556 0.09845453 -0.2977421 -0.2977342 -0.09845453 -0.9495584 -0.0406031 -0.09845471 -0.994313 -0.9471447 -0.03539091 -0.3188487 -0.8839263 -0.1083018 -0.4549121 -0.887296 -0.1183575 -0.4457548 -0.6786954 -0.5076781 -0.5306934 -0.5773853 -0.4925944 -0.6511353 -0.5837565 -0.4860298 -0.6503872 -0.2353608 0.2702373 -0.933583 -0.2414365 0.2776072 -0.9298617 -0.08670872 0.3366621 -0.9376248 0.716983 -0.380122 -0.5843311 0.7232226 -0.3610736 -0.5887061 0.6035994 -0.3213712 -0.7296494 0.6421888 0.04447185 -0.7652555 0.4965723 0.1383234 -0.856903 0.4906287 0.1161177 -0.8635973 -6.05243e-5 0.9999911 0.004239916 0 1 0 0 1 -1.52274e-7 -0.02250516 0.9990707 -0.03676372 0.01819735 0.9998332 -0.001596629 -0.7629745 0.4545172 -0.4596565 0 1 -2.53908e-7 0.005980014 0.9999814 -0.001184701 0.006702959 0.9999747 0.002380967 0.005936384 0.9999819 -0.001034259 0 1 5.70126e-7 0.9710386 -0.2364295 -0.03442478 0.9983215 -0.05167037 -0.02616328 0.9975266 0.06270843 0.03175336 0.9931396 0.1106438 0.03784096 -6.84964e-7 1 -3.65285e-6 2.97463e-6 1 3.62021e-7 2.64778e-6 1 2.57668e-6 -0.3117625 0.9489889 -0.04716295 -0.1217619 0.9689871 -0.2150305 0 1 1.7546e-7 -0.0637381 0.04886209 -0.9967699 0.8935244 -0.007595717 -0.4489504 0.9052612 0.4173578 -0.07946455 0.04222136 -0.005891799 -0.999091 -0.007912635 0.04896008 -0.9987695 2.10513e-4 -1 2.0423e-4 -0.115864 -0.9890244 0.09168648 -5.49639e-6 -1 -2.03909e-6 -0.1418341 -0.987444 0.06955331 -4.77396e-6 -1 -8.69371e-7 -5.15134e-6 -1 1.98075e-6 0.2371457 0.001131355 0.9714734 0.2488973 0.04621267 0.9674267 0.4021576 0.001967132 0.9155684 0.3848112 -0.03378033 0.922377 0.231509 0.01201713 0.9727586 0.396887 0.01203775 0.9177886 0.9666033 -0.01079183 0.2560501 0.9182755 6.36313e-4 0.3959417 0.9074815 -0.01028674 0.4199661 0.9469031 -0.01352632 0.3212345 0.947234 -0.0100044 0.3203871 0.9283455 -0.0036484 0.3717008 -0.09099233 -0.004549264 0.9958413 0.9941558 -0.1060281 0.02030831 0.9941115 -0.1059379 0.02278959 0.9878583 0.1547958 0.01319754 0.8836496 0.4665222 -0.03899627 0.9232677 0.3828104 -0.03214067 0.8837696 0.466467 -0.03687649 0.3961251 0.9180161 0.01820296 0.1586398 0.9870706 0.02291226 0.2798188 0.9594306 0.03456056 0.2349789 -0.9719919 -0.004074692 0.1630221 -0.986353 0.02305877 0.3568439 -0.9337026 0.02936035 0.7752959 -0.6293294 -0.05348676 0.6775873 -0.7340714 -0.04488325 0.7424649 -0.6679535 -0.0508331 -0.793697 0.1657449 -0.585298 -0.7935121 0.1615555 -0.5867185 -0.6375826 0.1753405 -0.7501629 -0.6241567 0.08608055 -0.7765427 -0.4309212 0.08634418 -0.8982492 -0.4318863 0.09294527 -0.8971262 0.2630615 0.3223813 -0.9093233 0.2656002 0.3053054 -0.9144644 0.4739999 0.2715446 -0.8376084 0.7084082 -0.2308096 -0.6669969 0.8338156 -0.2647969 -0.4843905 0.8356559 -0.2493951 -0.4893684 0.8333528 0.2810452 0.4759589 0.8355446 0.265465 0.4810339 0.7097669 0.2463065 0.6599728 0.493642 -0.2470373 0.8338407 0.287624 -0.2813706 0.9154797 0.2921572 -0.2658757 0.9186699 -0.6496576 0.2678818 0.7114664 -0.6543155 0.2546705 0.7120493 -0.8012608 0.2408787 0.5476849 -0.9358676 -0.2018423 0.2888106 -0.9710911 -0.2284767 0.06914132 -0.9738376 -0.2153872 0.07244831 -0.01342773 0.02025365 -0.9997047 0.004602193 0.004833042 -0.9999778 -0.05271059 0.02028906 -0.9984038 0.009142458 -0.01808106 -0.9997948 0.01985764 -0.02678871 -0.9994439 0.002789974 3.16326e-4 -0.9999961 0.03979235 -0.01530462 -0.9990909 -0.09236252 0.03067278 -0.995253 0.01426428 0.04895663 -0.9986991 -0.04826092 -0.01867097 -0.9986603 -1.68879e-4 1 1.64741e-4 0.115864 0.9890244 0.09168648 0.1418341 0.987444 0.06955331 6.13762e-6 1 -2.03909e-6 5.33094e-6 1 -1.13687e-6 5.75233e-6 1 2.20083e-6 0.09099233 0.004549264 0.9958413 -0.9576095 0.1380347 0.2528451 -0.9067269 0.1725873 0.384786 -0.898441 0.1383234 0.416738 -0.9773295 -0.00935465 0.2115174 -0.9570327 0.004026889 0.2899519 -0.9746398 -0.03673768 0.2207433 -0.3939722 -0.1357483 0.9090425 -0.3805548 -0.08506244 0.9208379 -0.228594 -0.1357417 0.964012 -0.3100461 -0.04890531 0.9494629 -0.4586778 -0.006178081 0.8885813 -0.2976437 0.001194059 0.9546764 -0.4273576 -0.8749901 0.2275037 -0.2434744 -0.9687969 -0.04639959 -2.61999e-4 -0.9991072 0.04224735 0.01620465 -0.9998137 -0.01048511 0 -1 0 -0.006613433 -0.9999753 -0.002368986 -0.6427931 0.1608884 0.7489539 -0.5003184 0.1108617 0.858715 -0.4979375 0.1147033 0.8595938 -0.5074217 0.06103235 0.8595338 -0.5123752 0.05294287 0.8571282 -0.3496375 -0.007299184 0.9368567 0.4452782 0.0573101 0.8935563 0.5784193 -0.007525742 0.8157049 0.5830443 2.54851e-4 0.8124403 0.6393483 -0.1672576 0.7505056 0.6390127 -0.1678047 0.7506693 0.7476778 -0.2015814 0.6327265 0.6096984 -0.2300195 0.7585242 0.7318402 -0.2384001 0.6384163 0.731037 -0.2407706 0.638447 0.04060304 0.09845465 -0.994313 0.2977342 0.09845447 -0.9495584 0.9495563 -0.09845423 -0.2977408 0.9469566 -0.133221 -0.2924473 0.9943127 -0.09845459 -0.04060983 0.9469565 0.1332226 0.2924469 0.9943125 0.09845626 0.04060924 0.9495564 0.09845596 0.2977402 0.2977932 -0.09845298 0.94954 0.2924982 -0.1332323 0.9469393 0.04066461 -0.09845465 0.9943104 -0.2924981 0.1332365 0.9469388 -0.04066449 0.098459 0.99431 -0.297793 0.09845727 0.9495397 -0.9495567 -0.09845519 0.2977392 -0.9469569 -0.1332216 0.292446 -0.946956 0.1332211 -0.292449 -0.9943125 0.09845483 -0.04061144 -0.9495558 0.09845453 -0.2977423 -0.2977342 -0.09845447 -0.9495584 -0.2924408 -0.1332212 -0.9469586 -0.0406031 -0.09845465 -0.994313 0.7712228 0.3906692 -0.5025864 0.6727935 0.3904406 -0.6284148 0.679267 0.3809859 -0.6272529 0.08141428 -0.4100021 -0.9084438 0.08139032 -0.4099611 -0.9084644 -0.07990473 -0.4369063 -0.895951 0.9161558 -0.0464676 -0.39812 0.9450367 -0.1048629 -0.3096925 0.9140149 -0.050897 -0.4024752 -0.2783749 -0.192519 -0.9409803 -0.4344616 -0.235894 -0.8692509 -0.4336714 -0.2368122 -0.8693958 -0.2036671 0.1257225 -0.9709345 -0.1862087 0.1092777 -0.9764143 -0.3456153 0.005701005 -0.938359 -0.9400135 -0.2382101 -0.2441938 -0.9437968 -0.2224259 -0.2444884 -0.9790207 -0.1947161 -0.0600357 -0.9919921 -0.09992986 -0.07723891 -0.9996448 0.0121901 0.02370309 -0.991666 -0.09681814 0.08499908 0.002421319 0.9987409 0.05010801 0 1 1.48061e-7 0 1 -2.27879e-7 -0.02715313 0.9996241 0.003821909 -0.0141555 0.9998301 0.01180964 -0.05453097 0.998475 -0.008606731 0 1 0 -0.04558873 0.9988712 -0.01334536 -0.05184984 0.9977124 0.04337793 0.0426104 -0.4569329 -0.8884801 -0.3873441 -0.04513937 -0.9208295 -0.9958151 -0.01780134 -0.08964025 -0.04826092 0.01867097 -0.9986603 0.01426428 -0.04895663 -0.9986991 0.04709279 -0.9986021 0.0240072 -8.84151e-5 -1 -1.53243e-5 -2.30292e-4 -1 2.80455e-4 -3.63164e-4 -1 1.79964e-4 0.05176824 -0.9984501 0.020437 0 -1 0 -8.88598e-5 -1 -1.6901e-5 0 -1 -1.52703e-7 -0.9102465 -0.005135178 0.414035 -0.9058148 0.02048623 0.4231784 -0.9682932 -0.006255805 0.2497382 -0.9534615 -0.01527196 0.3011281 -0.9244744 0.01226031 0.3810471 -0.9529951 7.14621e-4 0.302985 -0.1372157 -0.04806298 0.9893745 -0.1483933 -0.09211647 0.9846289 -0.3070459 -0.04801303 0.9504828 -0.3966351 0.1904125 0.898011 -0.2447578 0.1477354 0.958263 -0.4090909 0.1489402 0.9002563 -0.2602542 -0.04906779 0.9642926 -0.6811426 -0.731373 -0.03373873 -0.8147218 -0.5781399 -0.04452764 -0.7773556 -0.62756 -0.0434398 -0.2552568 -0.9664382 0.02900254 -0.362841 -0.9317274 0.01518493 -0.2457966 -0.9689834 0.0256012 -0.993856 0.1089012 0.01977181 -0.9939133 0.1089287 0.01645874 -0.9882824 -0.1519764 0.01418113 -0.9411076 0.3356494 -0.04069548 -0.8857948 0.4620328 -0.04351508 -0.9401597 0.3389157 -0.03515607 -0.2722322 0.9622002 0.007763564 -0.3029384 0.9291264 -0.2120204 -0.3262903 0.944857 0.02793014 0.8028092 -0.1759481 -0.5696839 0.8026494 -0.1722563 -0.5710356 0.6494704 -0.1891411 -0.7364876 0.6174608 -0.08871698 -0.7815827 0.423144 -0.08955782 -0.9016255 0.4240499 -0.09576499 -0.9005614 -0.2630615 -0.3223813 -0.9093233 -0.2656002 -0.3053054 -0.9144644 -0.4739999 -0.2715446 -0.8376084 -0.7084082 0.2308096 -0.6669969 -0.8338156 0.2647969 -0.4843905 -0.8356559 0.2493951 -0.4893684 -0.8333528 -0.2810452 0.4759589 -0.8355446 -0.265465 0.4810339 -0.7097669 -0.2463065 0.6599728 -0.493642 0.2470373 0.8338407 -0.287624 0.2813706 0.9154797 -0.2921572 0.2658757 0.9186699 0.6461811 -0.2655025 0.7155128 0.6507098 -0.2526247 0.716071 0.7985705 -0.2392518 0.5523078 0.936367 0.2087007 0.2822426 0.9707552 0.2317729 0.06257522 0.9734452 0.2191815 0.06606113 -0.5298934 -0.8263828 -0.1905375 0.01967 -0.9998063 -7.20111e-4 -0.7617287 -0.4573125 -0.4589495 0 -1 0 0 -1 -1.28822e-7 0.01875185 -0.9986969 -0.0474655 0.007657587 -0.9999653 0.00329256 0 -1 -2.3447e-7 0.523193 0.8303247 -0.1919116 -0.02075481 0.9984033 -0.05253738 -0.008475899 0.9999575 0.003654479 -0.0205788 0.9997882 -3.14638e-4 0.7607514 0.4592975 -0.4585881 0 1 0 0 1 1.86622e-7 0 1 -4.68941e-7 0 1 0 -0.3253703 0.9272091 0.1855195 -0.02377611 0.9997054 0.004889309 -0.02736777 0.9995469 -0.01253592 -0.313073 0.9408906 0.1292678 -0.04642826 0.9989203 0.001690924 0.01139682 -0.9980348 -0.06161737 -0.05440884 -0.997587 0.04312819 -0.0505439 -0.9986906 0.007914364 0.3136762 -0.9484459 -0.04536139 0.1217621 -0.968987 -0.2150309 -0.9965304 0.01797968 -0.08126491 -0.9987893 -0.00576812 0.04885327 -0.9903962 -0.1233478 0.0624569 -0.9983215 0.05167108 -0.02616322 -0.9710384 0.2364307 -0.03442454 -0.3784288 -0.02289313 0.9253473 -0.3749501 -0.04159426 0.9261115 -0.5382301 -0.09270656 0.8376836 -0.3601257 0.02709972 0.9325101 -0.5250926 -0.03390645 0.8503694 -0.5266737 -0.01605194 0.8499159 0.8035753 -0.08735394 0.5887581 0.7084183 -0.02136516 0.7054695 0.7041515 -0.02826154 0.7094871 0.7100229 0.04202544 0.7029234 0.7138541 0.04882276 0.6985906 0.5929512 0.1074732 0.7980341 -0.2924407 -0.1332226 -0.9469584 -0.04060316 -0.0984562 -0.9943128 -0.2977342 -0.09845608 -0.9495583 -0.9495566 0.09845566 -0.2977398 -0.9469568 0.1332222 -0.2924465 -0.9943125 0.09845596 -0.04060882 -0.9469565 -0.1332207 0.2924475 -0.9943127 -0.09845453 0.04060995 -0.9495564 -0.09845423 0.2977409 -0.2977345 0.0984562 0.9495581 -0.292441 0.1332227 0.9469584 -0.04060345 0.09845632 0.9943128 0.292441 -0.1332209 0.9469586 0.04060333 -0.09845447 0.9943129 0.2977344 -0.09845429 0.9495584 0.9495559 0.09845489 0.297742 0.9469561 0.1332216 0.2924486 0.9943125 0.09845525 0.04061114 0.9469568 -0.1332225 -0.2924458 0.9943125 -0.09845614 -0.04060816 0.9495567 -0.09845584 -0.2977392 0.2977341 0.09845602 -0.9495583 0.2924407 0.1332225 -0.9469585 0.04060304 0.09845614 -0.9943128 0 -1 0 -0.02182173 -0.9997609 -0.001439034 -0.02447491 -0.9996978 -0.002325236 0 -1 -3.6139e-7 0 -1 -2.44458e-7 0 -1 1.29034e-7 0 -1 -2.62698e-7 -0.7169823 0.3801224 -0.5843316 -0.7232219 0.3610741 -0.5887067 -0.6035986 0.3213717 -0.7296499 -0.6421859 -0.0444737 -0.7652578 -0.4965691 -0.1383256 -0.8569045 -0.4906254 -0.1161199 -0.8635989 0.9488885 0.02569979 -0.3145638 0.8872346 0.1016852 -0.4499724 0.8903321 0.1107308 -0.4416421 0.6783503 0.5064371 -0.5323179 0.5770011 0.4908373 -0.6528006 0.5833976 0.4842487 -0.6520356 0.2353497 -0.270241 -0.9335848 0.2414251 -0.277611 -0.9298635 0.08669698 -0.336665 -0.9376248 -0.9286771 -0.007292687 -0.3708178 -0.8011344 -0.01420623 -0.5983159 -0.928681 -0.01420986 -0.3706072 -0.8946638 0.01649111 -0.4464359 -0.8948328 0.009583055 -0.4462987 -0.979721 0.016487 -0.1996877 0.4464208 -0.009575068 0.8947721 0.1998218 -0.0164873 0.9796936 0.4465156 -0.01649093 0.894624 0.3704769 0.01420933 0.9287331 0.3706879 0.007284522 0.9287289 0.5982035 0.01420617 0.8012184 0.6777877 -0.005759716 -0.7352352 0.844883 -0.01043993 -0.5348493 0.6776958 -0.01043885 -0.7352684 0.7351999 0.01043909 -0.67777 0.7351663 0.005763471 -0.6778623 0.5347638 0.01043993 -0.8449371 0.350466 0.9178046 0.1865702 9.04688e-4 0.9998199 -0.01895612 0.2999588 0.9536768 -0.02292203 0.03232401 0.9994727 -0.003098607 0 1 0 0 1 0 0.03627288 0.9993419 -4.78295e-4 0 -1 0 0.3275055 -0.9023047 0.2803329 0.1523708 -0.9878266 0.03133368 0.01031959 -0.9999431 0.002736926 0.006855309 -0.9999765 2.4973e-4 0.313073 -0.9408906 0.1292678 0.5450831 0.03306078 0.8377299 0.5465216 0.01596534 0.8372929 0.381214 -0.02542948 0.9241371 0.5272995 0.04115664 0.8486822 0.3616081 -0.0157833 0.9321966 0.3604851 0.00136584 0.9327641 -0.6400177 0.03729236 0.7674548 -0.6390476 0.01963686 0.7689166 -0.7557671 -0.02195549 0.6544725 -0.6633043 0.02920383 0.7477798 -0.7756073 -0.02713167 0.6306325 -0.7765516 -0.00976485 0.629978 -0.2924408 -0.1332226 -0.9469584 -0.04060322 -0.0984562 -0.9943128 -0.2977343 -0.09845608 -0.9495581 -0.9495566 0.09845542 -0.2977398 -0.9469568 0.1332219 -0.2924465 -0.9943125 0.09845572 -0.04060882 -0.9469566 -0.1332209 0.2924474 -0.9943126 -0.09845471 0.04060983 -0.9495564 -0.09845447 0.2977408 -0.2977345 0.09845608 0.9495581 -0.292441 0.1332226 0.9469584 -0.04060345 0.0984562 0.9943128 0.2924411 -0.1332209 0.9469586 0.04060333 -0.09845453 0.9943129 0.2977344 -0.09845435 0.9495584 0.9495559 0.09845513 0.297742 0.946956 0.1332219 0.2924486 0.9943124 0.09845542 0.04061114 -0.7755461 -0.4000409 -0.4883601 -0.6780834 -0.4043477 -0.6137638 -0.6845135 -0.3949345 -0.6127545 -0.03281444 0.4463731 -0.8942451 -0.03386402 0.4480705 -0.8933566 0.1274595 0.4781182 -0.8689978 -0.9156817 0.05659651 -0.3978995 -0.9433513 0.1163601 -0.3107231 -0.9133604 0.0610373 -0.4025511 0.264988 0.3176062 -0.9104438 0.4166342 0.3674193 -0.8315161 0.417566 0.3664697 -0.8314678 0.1309728 -0.1477868 -0.9803088 0.112805 -0.1317077 -0.9848494 0.2738198 -0.02695107 -0.9614034 0.9400141 0.2382088 -0.2441931 0.9437972 0.2224248 -0.2444875 0.979021 0.1947149 -0.06003487 -0.9286771 -0.007292568 -0.3708178 -0.8011344 -0.01420611 -0.5983159 -0.928681 -0.01420974 -0.3706072 -0.8946638 0.01649111 -0.4464359 -0.8948328 0.009582996 -0.4462987 -0.979721 0.01648694 -0.1996877 0.4464206 -0.009575128 0.8947721 0.1998217 -0.01648736 0.9796936 0.4465154 -0.01649105 0.894624 0.3704769 0.01420933 0.9287331 0.3706879 0.007284522 0.9287289 0.5982035 0.01420623 0.8012184 0.6777873 -0.005759537 -0.7352356 0.8448827 -0.01043975 -0.5348497 0.6776954 -0.01043868 -0.7352687 0.7351999 0.01043903 -0.67777 0.7351663 0.005763351 -0.6778624 0.5347638 0.01043981 -0.8449371 -0.1076758 0.1174436 0.9872249 0.1594074 0.04193788 0.9863217 0.6319398 0.1676904 0.7566584 -0.6655667 -0.1895999 0.7218538 0.1073735 -0.1174462 0.9872575 -0.03522062 0 0.9993796 0.5312822 -0.1555446 0.8327936 -0.1593053 -0.04194235 0.986338 0.03239196 0 0.9994753 -0.4881982 0.1310403 0.8628389 0.9853767 0.1392111 -0.09824985 0.9593033 0.2818522 -0.01722425 0.998028 -0.04029452 0.04812943 0.9969791 0.006206512 0.07742267 2.04789e-6 -1 -4.22284e-5 -3.42551e-5 -1 1.43613e-5 -4.18875e-5 -1 -7.4891e-5 0 -1 0 -4.59603e-5 -1 7.13012e-6 -0.04790526 0 -0.998852 -0.0953738 0.04873842 -0.9942477 0.8932153 0.008716046 -0.4495449 0.9083667 -0.4098376 -0.08308416 0.04826092 -0.01866883 -0.9986603 -0.01425963 0.04895663 -0.9986992 2.16019e-4 1 2.92259e-4 7.00302e-5 1 -1.23105e-5 6.97093e-5 1 -1.10268e-5 3.63953e-4 1 1.80208e-4 -0.07369089 0.9962873 0.04451406 -0.08339911 0.9959722 0.03292351 0 1 1.30597e-7 0.9050976 0.1043109 0.4122108 0.8992118 0.1522283 0.4101765 0.9632081 0.103748 0.2479246 0.9808276 -0.08282703 0.1764003 0.9520695 6.27907e-5 0.3058822 0.9679699 -0.01413023 0.2506684 0.1371722 0.04806274 0.9893805 0.1483564 0.09214115 0.9846321 0.30705 0.04801297 0.9504815 0.4295726 -0.2552208 0.8662157 0.2796111 -0.2142965 0.9358924 0.4408975 -0.2201637 0.8701365 -0.07471805 0.03923922 0.9964324 0.3784288 0.02289313 0.9253473 0.3749501 0.04159426 0.9261115 0.5382301 0.09270656 0.8376836 0.3601257 -0.02709972 0.9325101 0.5250926 0.03390645 0.8503694 0.5266737 0.01605194 0.8499159 -0.8035756 0.087354 0.5887578 -0.7084185 0.02136516 0.7054692 -0.7041518 0.02826154 0.7094869 -0.7100228 -0.0420255 0.7029235 -0.7138539 -0.04882282 0.6985908 -0.592951 -0.1074733 0.7980344 0.2924407 0.1332226 -0.9469584 0.04060316 0.0984562 -0.9943128 0.2977342 0.09845608 -0.9495583 0.9495566 -0.09845566 -0.2977398 0.9469568 -0.1332222 -0.2924465 0.9943125 -0.09845596 -0.04060882 0.9469565 0.1332207 0.2924475 0.9943127 0.09845453 0.04060995 0.9495564 0.09845423 0.2977409 0.2977345 -0.0984562 0.9495581 0.292441 -0.1332227 0.9469584 0.04060345 -0.09845632 0.9943128 -0.292441 0.1332209 0.9469586 -0.04060333 0.09845447 0.9943129 -0.2977344 0.09845429 0.9495584 -0.9495559 -0.09845489 0.297742 -0.9469561 -0.1332216 0.2924486 -0.9943125 -0.09845525 0.04061114 -0.9469568 0.1332225 -0.2924458 -0.9943125 0.09845614 -0.04060816 -0.9495567 0.09845584 -0.2977392 -0.2977341 -0.09845602 -0.9495583 -0.2924407 -0.1332225 -0.9469585 -0.04060304 -0.09845614 -0.9943128 -0.9493201 -0.02440774 -0.3133619 -0.8879644 -0.1005705 -0.4487814 -0.8910437 -0.1095404 -0.4405022 -0.6784824 -0.5070469 -0.5315685 -0.5771836 -0.4915765 -0.6520826 -0.5835701 -0.4849997 -0.6513228 -0.2353497 0.270241 -0.9335848 -0.2414251 0.277611 -0.9298635 -0.08669698 0.336665 -0.9376248 0.7169823 -0.3801224 -0.5843316 0.7232219 -0.3610741 -0.5887067 0.6035986 -0.3213717 -0.7296499 0.6421859 0.0444737 -0.7652578 0.4965691 0.1383256 -0.8569045 0.4906254 0.1161199 -0.8635989 0 1 0 0.02256965 0.9997447 -0.001062273 0.02709525 0.9996296 -0.002574324 0 1 -3.6139e-7 0 1 -2.44458e-7 0 1 0 0 1 -2.62698e-7 0.9710384 -0.2364307 -0.03442454 0.9983215 -0.05167108 -0.02616322 0.9903963 0.1233471 0.0624569 0.9987893 0.00576812 0.04885327 -0.01202338 0.9978126 -0.06500351 0.05397641 0.9975275 0.04500371 0.05457711 0.9984627 0.009679317 -0.3114407 0.9495629 -0.0365386 -0.08333206 0.9725425 -0.2172946 -0.06374299 0.04886204 -0.9967695 0.9963964 -0.006116151 -0.08459782 0.04221677 -0.005889534 -0.9990912 -0.007908046 0.04896008 -0.9987695 1.49451e-4 -1 1.46643e-4 -0.1359938 -0.9879009 0.07455039 -6.68731e-6 -1 -2.3304e-6 -0.1418337 -0.9874439 0.06955343 -5.80834e-6 -1 -1.07e-6 -6.24436e-6 -1 1.9903e-6 0 -1 1.37258e-7 0.2399805 0.001034319 0.9707772 0.2517634 0.04633301 0.9666791 0.4048706 0.002151608 0.9143715 0.3847288 -0.02860951 0.9225862 0.2314895 0.01743274 0.9726813 0.3968673 0.01744502 0.9177103 0.9666036 -0.01078921 0.2560492 0.9182758 6.35877e-4 0.3959409 0.9074819 -0.0102899 0.4199653 0.9485505 -0.01932501 0.3160357 0.948921 -0.01555895 0.3151299 0.9303501 -0.009169757 0.3665578 -0.09099715 -0.004549205 0.9958408 0.9938862 -0.1086773 0.0194776 0.9938234 -0.1085544 0.02304559 0.9882512 0.1522004 0.01395869 0.8819016 0.4696567 -0.04089283 0.9218322 0.3860991 -0.03395444 0.8820253 0.4696109 -0.03869384 0.24501 0.9691779 -0.02577728 0.3081086 0.9490641 0.06592839 0.2069627 0.9780225 0.02526956 0.2741466 -0.9616321 0.01037347 0.2936375 -0.9325758 -0.2099515 0.3284726 -0.9440454 0.02973496 0.7808203 -0.622638 -0.05139815 0.6840119 -0.7282136 -0.0428102 0.7483151 -0.6615435 -0.04883468 -0.8855641 -0.2034637 -0.417587 -0.7855734 -0.1432332 -0.6019625 -0.7829481 -0.1478996 -0.6042501 -0.7924934 -0.0783056 -0.6048327 -0.801515 -0.06213217 -0.594738 -0.663003 0.03799611 -0.7476519 0.2711153 0.2602471 -0.9266974 0.2724782 0.2411774 -0.9314447 0.4799133 0.1995272 -0.8543257 0.66109 -0.2520403 -0.7067077 0.7963825 -0.28859 -0.5314987 0.7984035 -0.2727154 -0.5368223 0.8333515 0.2810454 0.4759609 0.8355434 0.2654651 0.481036 0.7097653 0.2463064 0.6599746 0.6421296 -0.05382162 0.7647045 0.4563295 -0.1232708 0.8812308 0.4560914 -0.102878 0.8839666 -0.5065127 -0.04949223 0.8608109 -0.6688087 0.04945832 0.7417876 -0.6760678 0.03720384 0.7358996 -0.6795973 0.1449536 0.7191217 -0.6770434 0.1491679 0.7206672 -0.8090274 0.2028731 0.5516495 -0.01216024 0.0177412 -0.9997687 -0.004239439 -0.01750075 -0.9998379 0.01735156 0.02030956 -0.9996432 0.005554795 0.01008486 -0.9999337 -0.01178359 -0.02141946 -0.9997012 0.07683122 -0.02459633 -0.9967407 -0.00152719 4.96911e-4 -0.9999988 -0.004933238 -0.004322886 -0.9999786 0.07958966 0.0488063 -0.9956322 -0.04826545 -0.01867103 -0.9986601 -1.68994e-4 1 1.64947e-4 0 1 1.72934e-7 0.1359938 0.9879009 0.07455039 0.1418337 0.9874439 0.06955343 6.13768e-6 1 -2.3304e-6 5.33095e-6 1 -8.02498e-7 5.73113e-6 1 1.76916e-6 0.09099715 0.004549205 0.9958408 -0.9576102 0.1380346 0.2528424 -0.9067279 0.1725875 0.3847833 -0.898442 0.1383234 0.4167355 -0.9773294 -0.009354352 0.2115181 -0.9570326 0.004026949 0.2899525 -0.9746397 -0.0367375 0.220744 -0.3939677 -0.1357415 0.9090455 -0.3805502 -0.08505547 0.9208406 -0.2285894 -0.1357347 0.964014 -0.3100488 -0.04890495 0.9494621 -0.4587228 -0.00617963 0.888558 -0.2976464 0.001194536 0.9546754 -0.350466 -0.9178046 0.1865702 -9.04688e-4 -0.9998199 -0.01895612 -0.2999622 -0.9536758 -0.02292197 -0.0227254 -0.9996951 0.009662628 0 -1 0 0 -1 0 -0.007415592 -0.9999726 -9.78261e-5 -0.5450831 -0.03306078 0.8377299 -0.5465216 -0.01596534 0.8372929 -0.381214 0.02542948 0.9241371 -0.5272995 -0.04115664 0.8486822 -0.3616081 0.0157833 0.9321966 -0.3604851 -0.00136584 0.9327641 0.6400163 -0.03729218 0.7674559 0.6390463 -0.01963657 0.7689177 0.7557661 0.02195471 0.6544736 0.6633065 -0.02920365 0.7477778 0.7756091 0.02713131 0.6306301 0.7765535 0.009764611 0.6299756 0.2924408 0.1332226 -0.9469584 0.04060322 0.0984562 -0.9943128 0.2977343 0.09845608 -0.9495581 0.9495566 -0.09845542 -0.2977398 0.9469568 -0.1332219 -0.2924465 0.9943125 -0.09845572 -0.04060882 0.9469566 0.1332209 0.2924474 0.9943126 0.09845471 0.04060983 0.9495564 0.09845447 0.2977408 0.2977345 -0.09845608 0.9495581 0.292441 -0.1332226 0.9469584 0.04060345 -0.0984562 0.9943128 -0.2924411 0.1332209 0.9469586 -0.04060333 0.09845453 0.9943129 -0.2977344 0.09845435 0.9495584 -0.9495559 -0.09845513 0.297742 -0.946956 -0.1332219 0.2924486 -0.9943124 -0.09845542 0.04061114 0.7752802 0.3992632 -0.4894176 0.6777158 0.4034665 -0.6147488 0.6841248 0.3940774 -0.6137397 0.03281444 -0.4463731 -0.8942451 0.03386402 -0.4480705 -0.8933566 -0.1274595 -0.4781182 -0.8689978 0.9155063 -0.05785423 -0.3981224 0.9432135 -0.1173195 -0.3107804 0.9132132 -0.06224256 -0.4027006 -0.264988 -0.3176062 -0.9104438 -0.4166342 -0.3674193 -0.8315161 -0.417566 -0.3664697 -0.8314678 -0.1309728 0.1477868 -0.9803088 -0.112805 0.1317077 -0.9848494 -0.2738198 0.02695107 -0.9614034 -0.9400141 -0.2382088 -0.2441931 -0.9437972 -0.2224248 -0.2444875 -0.979021 -0.1947149 -0.06003487 -0.9853767 -0.1392111 -0.09824985 -0.9593033 -0.2818522 -0.01722425 -0.998028 0.04029452 0.04812943 -0.9969791 -0.006206512 0.07742267 -2.04181e-6 1 -4.227e-5 0 1 -2.62932e-7 4.42048e-5 1 7.05473e-6 4.43189e-5 1 5.45479e-6 0 1 1.23681e-7 0.04790526 0 -0.998852 -0.8932153 -0.008716046 -0.4495449 -0.9081043 0.4105783 -0.08229333 -0.04826092 0.01866883 -0.9986603 0.01425963 -0.04895663 -0.9986992 0.07369089 -0.9962873 0.04451406 -2.30823e-4 -1 2.81018e-4 -8.86438e-5 -1 -1.53882e-5 0.08339911 -0.9959722 0.03292351 -3.63953e-4 -1 1.80208e-4 -8.82375e-5 -1 -1.41773e-5 -0.9102528 -0.005133986 0.4140213 -0.9058182 0.02046382 0.4231722 -0.9682968 -0.006265699 0.2497239 -0.9534592 -0.01523387 0.301137 -0.92447 0.01229363 0.3810566 -0.9529921 7.51097e-4 0.3029945 -0.1371722 -0.04806274 0.9893805 -0.1483564 -0.09214115 0.9846321 -0.30705 -0.04801297 0.9504815 -0.3966381 0.1904013 0.8980121 -0.2447621 0.1477221 0.9582639 -0.4090949 0.1489272 0.9002566 0.07471805 -0.03923922 0.9964324 -0.6811466 -0.7313694 -0.03373789 -0.8147251 -0.5781355 -0.04452657 -0.7773588 -0.6275558 -0.04343914 -0.243245 -0.9696914 -0.02303475 -0.3071209 -0.9492391 0.06798464 -0.2054828 -0.9781708 0.03096485 -0.9940351 0.1073117 0.01945114 -0.9940882 0.1073353 0.01636928 -0.9880357 -0.1535646 0.01425683 -0.9411599 0.3355053 -0.0406742 -0.8858708 0.461901 -0.04336601 -0.9402151 0.3387723 -0.03505492 -0.2792612 0.9601781 0.008449614 -0.3097187 0.9270284 -0.2114064 -0.3332235 0.9424169 0.02850651 0.8856085 0.2031977 -0.4176225 0.7856041 0.1429458 -0.6019906 0.7829771 0.1476176 -0.6042815 0.7926446 0.07836276 -0.604627 0.8016689 0.06217718 -0.594526 0.663187 -0.03791588 -0.7474927 -0.2711153 -0.2602471 -0.9266974 -0.2724782 -0.2411774 -0.9314447 -0.4799133 -0.1995272 -0.8543257 -0.66109 0.2520403 -0.7067077 -0.7963825 0.28859 -0.5314987 -0.7984035 0.2727154 -0.5368223 -0.8333515 -0.2810454 0.4759609 -0.8355434 -0.2654651 0.481036 -0.7097653 -0.2463064 0.6599746 -0.6421296 0.05382162 0.7647045 -0.4563295 0.1232708 0.8812308 -0.4560914 0.102878 0.8839666 0.5065127 0.04949223 0.8608109 0.6688087 -0.04945832 0.7417876 0.6760678 -0.03720384 0.7358996 0.6795289 -0.1448056 0.7192161 0.6769748 -0.1490203 0.7207622 0.8089751 -0.2027741 0.5517627 0.01693487 -0.9998539 -0.002348244 -0.7573723 -0.4669239 -0.4564749 0 -1 2.97947e-7 0 -1 -1.40491e-7 0 -1 0 0.01084369 -0.9995645 -0.02744954 0.004569351 -0.9999877 0.001964807 0 -1 -1.52704e-7 0 -1 2.27348e-7 0 -1 -1.84774e-7 0.5259391 0.832161 -0.1757733 -0.01348525 0.9993263 -0.03413397 -0.005682408 0.9999809 0.002449989 -0.0200681 0.9997956 -0.00247848 0 1 -1.40491e-7 0 1 1.57653e-7 0 1 -1.52704e-7 0 1 0 -0.3243544 0.9043313 0.2774513 -0.1509815 0.988049 0.0310477 -0.02748626 0.9995447 -0.01244729 -0.313074 0.9408904 0.1292677 -0.04642814 0.9989202 0.001690924 0.01661962 -0.9958164 -0.08985257 -0.07931107 -0.9948656 0.06286758 -0.07376831 -0.9972085 0.01155114 0.313677 -0.9484457 -0.04536139 0.1217622 -0.9689871 -0.2150308 -0.9965059 0.01797366 -0.08156675 -0.9931394 -0.1106445 0.03784102 -0.9975265 -0.0627107 0.03175342 -0.9983214 0.05167233 -0.02616381 -0.9710391 0.236428 -0.03442513 -0.3223735 -0.03243917 0.9460566 -0.4845414 0.02898317 0.8742881 -0.4883459 0.02257519 0.8723582 -0.500317 0.1108617 0.8587158 -0.4979358 0.1147031 0.8595948 -0.6427918 0.1608884 0.7489551 0.8028042 -0.08746773 0.5897923 0.7078463 -0.02097195 0.7060551 0.7035079 -0.02787846 0.7101404 0.7043185 0.05392515 0.707833 0.7082859 0.06087195 0.7032964 0.5864249 0.1204046 0.8010047 -0.2924478 -0.1332221 -0.9469563 -0.04061013 -0.09845596 -0.9943124 -0.297741 -0.09845572 -0.9495562 -0.9495562 0.09845679 -0.2977406 -0.9469563 0.1332234 -0.2924474 -0.9943124 0.09845709 -0.04060971 -0.9469563 -0.133221 0.2924481 -0.9943125 -0.09845453 0.04061061 -0.9495561 -0.09845423 0.2977415 -0.2977344 0.09845447 0.9495584 -0.292441 0.133221 0.9469586 -0.04060328 0.09845465 0.9943129 0.2924478 -0.1332225 0.9469562 0.04061019 -0.09845626 0.9943124 0.2977411 -0.09845596 0.9495561 0.9495558 0.09845495 0.2977424 0.946956 0.1332215 0.2924492 0.9943125 0.0984553 0.04061156 0.9469562 -0.1332225 -0.2924478 0.9943125 -0.09845638 -0.04061019 0.9495561 -0.09845608 -0.2977411 0.2977411 0.09845572 -0.9495561 0.2924479 0.1332221 -0.9469562 0.04061019 0.09845602 -0.9943124 5.10428e-5 -0.9999937 0.003574848 0 -1 0 0 -1 1.52274e-7 0.01898378 -0.9993388 -0.03101015 -0.01941901 -0.999808 -0.002649188 -0.005042076 -0.9999868 -9.99108e-4 -0.005005359 -0.9999871 -8.71893e-4 -0.005651533 -0.9999821 0.002007365 0 -1 -2.73784e-7 -0.7169551 0.3801149 -0.5843699 -0.7231916 0.3610758 -0.5887429 -0.6035725 0.3213472 -0.7296822 -0.6421892 -0.04447054 -0.7652552 -0.4965729 -0.1383222 -0.8569028 -0.4906292 -0.1161165 -0.8635972 0.9492182 0.02402645 -0.3136997 0.8880175 0.1012852 -0.4485155 0.8909584 0.1097832 -0.4406141 0.6785217 0.5071926 -0.5313794 0.5772287 0.4917811 -0.6518884 0.5836078 0.4852116 -0.6511312 0.235361 -0.2702367 -0.9335831 0.2414368 -0.2776065 -0.9298619 0.08670902 -0.3366614 -0.937625 -0.9287664 -0.007279276 -0.3705942 -0.8012786 -0.01420646 -0.5981227 -0.9287527 -0.01420927 -0.3704278 -0.894648 0.01649087 -0.4464672 -0.8948175 0.009580254 -0.4463294 -0.9797139 0.01648694 -0.1997219 0.4462212 -0.009588479 0.8948714 0.1996023 -0.01648694 0.9797384 0.4463578 -0.01649147 0.8947027 0.3705103 0.01420938 0.9287198 0.3707205 0.007287144 0.928716 0.5982323 0.01420611 0.8011968 0.6777747 -0.00575757 -0.7352471 0.8448728 -0.01043951 -0.5348654 0.6776816 -0.01043838 -0.7352814 0.7353303 0.01043868 -0.6776286 0.7353292 0.005754292 -0.6776857 0.534967 0.01044005 -0.8448085 0.3504662 0.9178044 0.1865704 0.2436885 0.9687392 -0.0464791 2.61761e-4 0.9991072 0.04224717 0.01836842 0.999691 -0.01674997 0.03182953 0.9994284 -0.01140213 0 -1 0 0.3275153 -0.9022966 0.2803474 0.1523703 -0.9878267 0.0313335 0.01031941 -0.9999431 0.002737045 0.006854891 -0.9999766 2.4973e-4 0.3130738 -0.9408904 0.1292676 0.6427918 -0.1608881 0.7489552 0.5003169 -0.1108614 0.8587158 0.4979358 -0.1147028 0.8595948 0.4845412 -0.02898347 0.8742882 0.4883456 -0.02257549 0.8723583 0.3223734 0.03243887 0.9460566 -0.4429603 -0.1040187 0.8904867 -0.5797975 -0.0464645 0.8134347 -0.583174 -0.05287164 0.810625 -0.6921315 0.1853623 0.6975634 -0.6923395 0.1850003 0.6974532 -0.7923206 0.2145835 0.5711237 -0.6002423 0.2814642 0.7486569 -0.7230495 0.2862446 0.6286998 -0.7219902 0.2891874 0.6285704 -0.2924478 -0.1332221 -0.9469563 -0.04061013 -0.09845596 -0.9943124 -0.297741 -0.09845572 -0.9495562 -0.9495561 0.09845697 -0.2977406 -0.9469563 0.1332236 -0.2924474 -0.9943124 0.09845733 -0.04060977 -0.9469563 -0.1332215 0.2924482 -0.9943125 -0.09845501 0.04061061 -0.9495561 -0.09845471 0.2977415 -0.2977344 0.09845453 0.9495584 -0.292441 0.1332211 0.9469586 -0.04060328 0.09845465 0.9943129 0.2924478 -0.1332225 0.9469562 0.04061013 -0.09845626 0.9943124 0.297741 -0.09845596 0.9495561 0.9495557 0.09845542 0.2977424 0.9469559 0.1332219 0.2924492 0.9943124 0.09845572 0.04061162 0.9469562 -0.1332228 -0.292448 0.9943124 -0.09845662 -0.04061037 0.949556 -0.09845632 -0.2977412 0.2977411 0.09845572 -0.9495561 0.2924479 0.1332221 -0.9469563 0.04061019 0.09845596 -0.9943124 -0.7755461 -0.4000431 -0.4883583 -0.6780837 -0.4043495 -0.6137623 -0.6845138 -0.3949364 -0.6127529 -0.08140254 0.4100062 -0.908443 -0.08137834 0.4099653 -0.9084635 0.07991677 0.4369096 -0.8959482 -0.9156821 0.05660873 -0.3978968 -0.9433557 0.1163536 -0.3107118 -0.9133645 0.06104302 -0.4025411 0.2783746 0.1925256 -0.9409791 0.4344612 0.2359003 -0.8692494 0.433671 0.2368186 -0.8693943 0.2036889 -0.1256884 -0.9709343 0.186239 -0.1092516 -0.9764115 0.3456506 -0.005686104 -0.9383462 0.9400126 0.2382123 -0.2441954 0.9437958 0.2224282 -0.2444899 0.9790201 0.1947187 -0.06003731 -0.9287664 -0.007279396 -0.3705942 -0.8012786 -0.01420658 -0.5981227 -0.9287527 -0.01420938 -0.3704278 -0.8946481 0.01649099 -0.4464672 -0.8948175 0.009580314 -0.4463294 -0.9797139 0.016487 -0.1997219 0.446221 -0.00958842 0.8948715 0.1996021 -0.01648688 0.9797384 0.4463577 -0.01649141 0.8947027 0.3705101 0.01420944 0.9287198 0.3707203 0.007287144 0.928716 0.5982322 0.01420617 0.8011969 0.6777743 -0.005757689 -0.7352475 0.8448725 -0.01043969 -0.5348658 0.6776813 -0.01043856 -0.7352817 0.7353301 0.01043874 -0.6776288 0.7353289 0.005754411 -0.677686 0.5349667 0.01044017 -0.8448088 -0.1033651 0.1420251 0.9844514 -0.6802877 -0.2016965 0.7046469 0.6096974 0.1696171 0.7742733 0.1028838 -0.11748 0.9877315 -0.03289926 -4.64448e-4 0.9994586 0.3649991 -0.1040869 0.9251712 0.02568608 3.62575e-4 0.9996701 -0.2749213 0.07214874 0.958756 0.9853768 0.13921 -0.09825015 0.959302 0.2818562 -0.01722449 0.9995223 -0.01984214 0.02370029 0.9904591 0.09143143 0.1031073 2.04801e-6 -1 -4.25354e-5 -3.42552e-5 -1 1.43613e-5 -4.18875e-5 -1 -7.48911e-5 0 -1 0 -4.59604e-5 -1 7.32096e-6 -0.04791015 0 -0.9988517 -0.09536898 0.04873627 -0.9942482 0.8932162 0.008716166 -0.4495429 0.9083675 -0.4098362 -0.08308333 0.04825633 -0.01866888 -0.9986605 -0.01426428 0.04895442 -0.9986992 1.97706e-4 1 3.05481e-4 6.60517e-5 1 -1.1354e-5 6.3699e-5 1 -5.12951e-6 3.6386e-4 1 1.80207e-4 0 1 0 -0.07777124 0.9961826 0.0396465 -0.08339905 0.9959722 0.03292369 0 1 0 0.9030076 0.1022009 0.4172917 0.8970166 0.1478496 0.4165354 0.9620211 0.1016871 0.2533281 0.9814175 -0.08078801 0.1740492 0.9518406 -0.002372741 0.3065845 0.9677773 -0.01594489 0.2513021 0.1371668 0.04806703 0.9893811 0.1483509 0.09214538 0.9846326 0.3070449 0.04801726 0.950483 0.4296073 -0.2552387 0.8661934 0.2796549 -0.214297 0.9358793 0.4409384 -0.2201622 0.8701161 -0.07471317 0.03924357 0.9964326 0.3223735 0.03243917 0.9460566 0.4845414 -0.02898317 0.8742881 0.4883459 -0.02257519 0.8723582 0.500317 -0.1108617 0.8587158 0.4979358 -0.1147031 0.8595948 0.6427918 -0.1608884 0.7489551 -0.8020054 0.09948402 0.5889741 -0.7070739 0.03500497 0.7062728 -0.7029619 0.04153585 0.7100136 -0.6971765 -0.05340319 0.7149077 -0.7011363 -0.06032627 0.7104707 -0.5781458 -0.1194938 0.8071362 0.2924478 0.1332221 -0.9469563 0.04061013 0.09845596 -0.9943124 0.297741 0.09845572 -0.9495562 0.9495562 -0.09845679 -0.2977406 0.9469563 -0.1332234 -0.2924474 0.9943124 -0.09845709 -0.04060971 0.9469563 0.133221 0.2924481 0.9943125 0.09845453 0.04061061 0.9495561 0.09845423 0.2977415 0.2977344 -0.09845447 0.9495584 0.292441 -0.133221 0.9469586 0.04060328 -0.09845465 0.9943129 -0.2924478 0.1332225 0.9469562 -0.04061019 0.09845626 0.9943124 -0.2977411 0.09845596 0.9495561 -0.9495558 -0.09845495 0.2977424 -0.946956 -0.1332215 0.2924492 -0.9943125 -0.0984553 0.04061156 -0.9469562 0.1332225 -0.2924478 -0.9943125 0.09845638 -0.04061019 -0.9495561 0.09845608 -0.2977411 -0.2977411 -0.09845572 -0.9495561 -0.2924479 -0.1332221 -0.9469562 -0.04061019 -0.09845602 -0.9943124 -0.9479777 -0.03281873 -0.3166407 -0.8852132 -0.1058495 -0.4529829 -0.888598 -0.1159945 -0.443778 -0.6784823 -0.5070488 -0.531567 -0.5771837 -0.4915781 -0.6520813 -0.5835703 -0.4850013 -0.6513214 -0.235361 0.2702367 -0.9335831 -0.2414368 0.2776065 -0.9298619 -0.08670902 0.3366614 -0.937625 0.7169551 -0.3801149 -0.5843699 0.7231916 -0.3610758 -0.5887429 0.6035725 -0.3213472 -0.7296822 0.6421892 0.04447054 -0.7652552 0.4965729 0.1383222 -0.8569028 0.4906292 0.1161165 -0.8635972 -6.34916e-5 0.9999901 0.004446625 0 1 0 0 1 1.52274e-7 0.01842242 0.9998292 -0.001462757 -0.7632975 0.4537866 -0.4598422 0.006271779 0.9999796 -0.001242697 0.007029831 0.9999722 0.002497494 -0.02360522 0.9989775 -0.03855997 0.006226003 0.99998 -0.001084446 0 1 -2.73784e-7 0.971039 -0.2364279 -0.03442513 0.9983213 -0.05167233 -0.02616381 0.9975266 0.06270992 0.03175342 0.9931394 0.1106445 0.03784102 1.77138e-6 1 9.58555e-6 -7.92081e-6 1 -6.57472e-6 0 1 -1.21212e-7 -8.00956e-6 1 -1.27499e-6 -0.3114416 0.9495626 -0.0365386 -0.08333218 0.9725424 -0.2172948 -0.06373935 0.04885989 -0.9967699 0.8935246 -0.007595777 -0.4489501 0.9044571 0.4195307 -0.07714611 0.04221677 -0.00589174 -0.9990912 -0.007912635 0.04895788 -0.9987695 2.13109e-4 -1 2.11805e-4 -0.1158642 -0.9890244 0.09168678 -2.31534e-5 -1 -8.60935e-6 -0.1418343 -0.9874439 0.06955319 -1.99414e-5 -1 -3.5143e-6 -2.11791e-5 -1 7.44308e-6 0 -1 1.42532e-7 0.2399294 0.001038193 0.9707899 0.2517187 0.04636186 0.9666894 0.4048225 0.002155423 0.9143928 0.384761 -0.02863019 0.9225721 0.2315309 0.01743394 0.9726713 0.3969062 0.01745301 0.9176933 0.969398 -0.02213501 0.244495 0.9227539 -0.01179879 0.3852092 0.9122317 -0.02163904 0.4091027 0.9487539 -0.01935404 0.3154227 0.9491088 -0.01558977 0.3145622 0.9305703 -0.009175956 0.3659985 -0.09099715 -0.004544854 0.9958408 0.9938718 -0.1087917 0.01958292 0.9938101 -0.1086712 0.02306449 0.9882692 0.1520842 0.01394641 0.8815628 0.4702972 -0.04083609 0.9215538 0.3867618 -0.03397142 0.8816877 0.4702523 -0.03859692 0.2551221 0.966493 0.02835536 0.3628129 0.9317328 0.01551568 0.245625 0.9691091 0.02227222 0.2741527 -0.9616303 0.01037842 0.2936442 -0.9325737 -0.2099511 0.3284804 -0.9440428 0.02973341 0.7808226 -0.6226352 -0.05139696 0.6840163 -0.7282108 -0.04278868 0.7483152 -0.6615412 -0.04886454 -0.8026361 0.1758238 -0.569966 -0.8024755 0.1721212 -0.5713208 -0.6492411 0.1889961 -0.7367269 -0.6174556 0.08871942 -0.7815865 -0.4231383 0.08955931 -0.9016281 -0.4240441 0.09576678 -0.900564 0.2630641 0.3223781 -0.9093238 0.26561 0.3052697 -0.9144735 0.4740021 0.2715409 -0.8376082 0.7084085 -0.2308092 -0.6669968 0.8338159 -0.2647962 -0.4843904 0.8356561 -0.2493945 -0.4893683 0.8333518 0.2810463 0.47596 0.8355467 0.2654327 0.481048 0.70974 0.2462872 0.660009 0.4936855 -0.2470152 0.8338215 0.2876279 -0.281369 0.915479 0.2921612 -0.2658741 0.9186691 -0.6463338 0.2656064 0.7153363 -0.6508645 0.2527238 0.7158954 -0.7986883 0.2393172 0.552109 -0.9363766 -0.2086689 0.2822343 -0.9707493 -0.2318001 0.06256681 -0.9734425 -0.2191957 0.06605261 -0.01235371 0.01669049 -0.9997844 -0.003631591 0.001262724 -0.9999927 -0.003682434 -0.01938831 -0.9998053 0.02050143 0.02321338 -0.9995203 0.005832254 0.01052016 -0.9999277 -0.01198661 -0.02187258 -0.999689 0.04493093 -0.0174266 -0.9988381 -0.00483042 -0.004368841 -0.9999788 0.07958483 0.04880416 -0.9956327 0.01426428 0.04895448 -0.9986992 -0.04826086 -0.01867103 -0.9986603 -1.68994e-4 1 1.65153e-4 0 1 -1.64834e-7 0.1158641 0.9890243 0.09168672 0.1418346 0.9874439 0.06955319 0 1 1.49544e-7 0 1 1.42532e-7 6.13764e-6 1 -2.3304e-6 5.33091e-6 1 -8.02497e-7 5.75233e-6 1 1.98075e-6 0.09099239 0.004549086 0.9958413 -0.9576082 0.1380396 0.2528473 -0.906725 0.1725924 0.3847879 -0.8984393 0.1383283 0.41674 -0.9773297 -0.009355068 0.2115165 -0.957033 0.004026114 0.289951 -0.97464 -0.03673833 0.2207424 -0.3940126 -0.1357404 0.9090262 -0.3805878 -0.08502686 0.9208276 -0.2286369 -0.1357349 0.9640027 -0.3100045 -0.0489307 0.9494752 -0.4586753 -0.006177783 0.8885826 -0.2975952 0.001196384 0.9546915 -0.3504662 -0.9178044 0.1865704 -0.2436562 -0.968748 -0.04646712 -2.61761e-4 -0.9991072 0.04224717 0.01620256 -0.9998137 -0.01048547 -0.006614804 -0.9999754 -0.002369582 -0.6427918 0.1608881 0.7489552 -0.5003169 0.1108614 0.8587158 -0.4979358 0.1147028 0.8595948 -0.4845412 0.02898347 0.8742882 -0.4883456 0.02257549 0.8723583 -0.3223734 -0.03243887 0.9460566 0.4429603 0.1040187 0.8904867 0.5797975 0.0464645 0.8134347 0.583174 0.05287164 0.810625 0.6896044 -0.1804022 0.7013565 0.6897006 -0.1802343 0.701305 0.7903236 -0.2104403 0.5754161 0.6014251 -0.2735828 0.7506267 0.7239745 -0.2797378 0.6305614 0.7229814 -0.2824882 0.6304747 0.2924478 0.1332221 -0.9469563 0.04061013 0.09845596 -0.9943124 0.297741 0.09845572 -0.9495562 0.9495561 -0.09845697 -0.2977406 0.9469563 -0.1332236 -0.2924474 0.9943124 -0.09845733 -0.04060977 0.9469563 0.1332215 0.2924482 0.9943125 0.09845501 0.04061061 0.9495561 0.09845471 0.2977415 0.2977344 -0.09845453 0.9495584 0.292441 -0.1332211 0.9469586 0.04060328 -0.09845465 0.9943129 -0.2924478 0.1332225 0.9469562 -0.04061013 0.09845626 0.9943124 -0.297741 0.09845596 0.9495561 -0.9495557 -0.09845542 0.2977424 -0.9469559 -0.1332219 0.2924492 -0.9943124 -0.09845572 0.04061162 -0.9469562 0.1332228 -0.292448 -0.9943124 0.09845662 -0.04061037 -0.949556 0.09845632 -0.2977412 -0.2977411 -0.09845572 -0.9495561 -0.2924479 -0.1332221 -0.9469563 -0.04061019 -0.09845596 -0.9943124 0.7713937 0.3909915 -0.5020734 0.6729937 0.3909705 -0.6278706 0.6794591 0.3815252 -0.6267169 0.08140254 -0.4100062 -0.908443 0.08137834 -0.4099653 -0.9084635 -0.07991677 -0.4369096 -0.8959482 0.9161104 -0.04711884 -0.3981478 0.9449501 -0.1054999 -0.3097407 0.9139705 -0.05153083 -0.4024954 -0.2783746 -0.1925256 -0.9409791 -0.4344612 -0.2359003 -0.8692494 -0.433671 -0.2368186 -0.8693943 -0.2036889 0.1256884 -0.9709343 -0.186239 0.1092516 -0.9764115 -0.3456506 0.005686104 -0.9383462 -0.9400126 -0.2382123 -0.2441954 -0.9437958 -0.2224282 -0.2444899 -0.9790201 -0.1947187 -0.06003731 -0.9853768 -0.13921 -0.09825015 -0.959302 -0.2818562 -0.01722449 -0.9995223 0.01984214 0.02370029 -0.9904591 -0.09143143 0.1031073 0.002292573 0.9988714 0.04744166 0 1 4.95076e-7 0 1 0 0 1 -1.33645e-7 0 1 2.62932e-7 -0.04965239 0.9987364 -0.007768809 -0.04978293 0.9987409 -0.006196558 0.04791015 0 -0.9988517 0.09536898 -0.04873627 -0.9942482 -0.9958346 -0.01780581 -0.08942341 -0.04825633 0.01866888 -0.9986605 0.01426428 -0.04895442 -0.9986992 0.07777124 -0.9961826 0.0396465 -2.08496e-4 -1 2.97658e-4 -7.4054e-5 -1 -1.26728e-5 0.08339905 -0.9959722 0.03292369 0 -1 0 -3.6386e-4 -1 1.80207e-4 -7.15176e-5 -1 -5.8237e-6 0 -1 0 -0.9106765 -0.006262838 0.4130727 -0.9066971 0.02359908 0.4211216 -0.9685475 -0.007475972 0.2487162 -0.9534581 -0.01523351 0.3011405 -0.9244688 0.01229655 0.3810596 -0.952991 7.51255e-4 0.3029979 -0.1371668 -0.04806703 0.9893811 -0.1483509 -0.09214538 0.9846326 -0.3070449 -0.04801726 0.950483 -0.396677 0.1904204 0.8979908 -0.2448105 0.14772 0.958252 -0.4091405 0.1489236 0.9002366 0.07471317 -0.03924357 0.9964326 -0.6811728 -0.731346 -0.03371548 -0.8147452 -0.5781077 -0.04451715 -0.7773814 -0.6275293 -0.04341983 -0.2555479 -0.9663602 0.02903699 -0.3631205 -0.931618 0.01520866 -0.246088 -0.9689086 0.02563387 -0.993816 0.109232 0.01995372 -0.9938767 0.1092633 0.01645523 -0.9883366 -0.1516397 0.01400876 -0.9411119 0.3356397 -0.04067438 -0.8858 0.4620232 -0.04351031 -0.9401637 0.3389058 -0.03514575 -0.2714574 0.9624202 0.007648408 -0.302186 0.9293541 -0.212096 -0.3255076 0.9451283 0.02788352 0.8028051 -0.1759494 -0.5696892 0.8026454 -0.1722574 -0.5710409 0.6494653 -0.1891416 -0.7364919 0.6174556 -0.08871942 -0.7815865 0.4231383 -0.08955931 -0.9016281 0.4240441 -0.09576678 -0.900564 -0.2630641 -0.3223781 -0.9093238 -0.26561 -0.3052697 -0.9144735 -0.4740021 -0.2715409 -0.8376082 -0.7084085 0.2308092 -0.6669968 -0.8338159 0.2647962 -0.4843904 -0.8356561 0.2493945 -0.4893683 -0.8333518 -0.2810463 0.47596 -0.8355467 -0.2654327 0.481048 -0.70974 -0.2462872 0.660009 -0.4936855 0.2470152 0.8338215 -0.2876279 0.281369 0.915479 -0.2921612 0.2658741 0.9186691 0.6461841 -0.265504 0.7155095 0.650713 -0.2526261 0.7160675 0.7985729 -0.2392526 0.5523038 0.9363674 0.2086989 0.2822425 0.9707555 0.2317718 0.0625751 0.9734455 0.2191802 0.06606107 -0.5320693 -0.8285346 -0.1744494 0.01967006 -0.9998064 -7.20112e-4 -0.7573509 -0.4669692 -0.4564641 0 -1 -2.10736e-7 0 -1 -1.28823e-7 0.01875174 -0.9986968 -0.04746675 0.007657587 -0.9999653 0.003292679 0 -1 1.52703e-7 0 -1 1.52532e-7 0.5259394 0.8321608 -0.1757736 -0.02075457 0.9984033 -0.0525369 -0.008475959 0.9999575 0.003654479 -0.0205788 0.9997882 -3.14639e-4 0.7613685 0.4579223 -0.4589394 0 1 -2.10736e-7 0 1 1.57653e-7 0 1 1.52703e-7 -0.313074 0.9408903 0.1292679 0 1 0 -0.3271943 0.9263452 0.1866243 -0.02377879 0.9997054 0.004891872 -0.02736753 0.9995469 -0.01253569 -0.04642766 0.9989202 0.001690924 0 -1 0 0 -1 1.43567e-7 -0.06441742 -0.9958602 0.06413209 0 -1 6.68176e-7 0 -1 -1.32817e-7 -0.07675099 -0.9968978 -0.01743924 0.3136762 -0.9484459 -0.04536128 0.161201 -0.9700161 -0.1818878 -0.9965072 0.01797395 -0.08154952 -0.9931394 -0.1106444 0.03784096 -0.9975267 -0.06270909 0.0317533 -0.9932214 0.1037017 -0.05250954 -0.9903184 0.1281095 -0.05345493 -0.3223781 -0.03243541 0.9460551 -0.4845789 0.02901536 0.8742663 -0.4883853 0.02260428 0.8723352 -0.5003488 0.1108874 0.8586938 -0.4979689 0.114727 0.8595725 -0.6427909 0.1608875 0.748956 0.8028031 -0.08746892 0.5897936 0.7078451 -0.0209732 0.7060563 0.7035067 -0.02787959 0.7101416 0.7043195 0.05392307 0.7078321 0.7082871 0.06086987 0.7032954 0.5864264 0.1204029 0.8010039 -0.2924914 -0.1332325 -0.9469413 -0.04065787 -0.09845477 -0.9943107 -0.2977867 -0.09845322 -0.9495421 -0.9495555 0.09845542 -0.2977432 -0.9469557 0.133222 -0.29245 -0.9943124 0.09845572 -0.04061239 -0.9469565 -0.1332225 0.2924467 -0.9943125 -0.09845638 0.04060906 -0.9495564 -0.09845608 0.29774 -0.297695 0.09845644 0.9495705 -0.2924036 0.1332103 0.9469717 -0.04056191 0.09845548 0.9943145 0.2924036 -0.1332103 0.9469717 0.04056191 -0.09845542 0.9943145 0.2976949 -0.09845638 0.9495705 0.9495564 0.09845608 0.2977399 0.9469566 0.1332226 0.2924467 0.9943124 0.09845638 0.040609 0.9469565 -0.1332208 -0.2924478 0.9943126 -0.09845453 -0.04061019 0.9495562 -0.09845429 -0.2977411 0.29778 0.09845614 -0.9495439 0.2924847 0.1332355 -0.9469431 0.04065102 0.09845757 -0.9943107 0 -1 3.29669e-7 -0.02182167 -0.9997609 -0.001439034 -0.02447491 -0.9996978 -0.002325296 0 -1 3.22584e-7 0 -1 -4.30912e-7 0 -1 -2.63725e-7 0 -1 -5.53044e-7 -0.6760632 0.4995685 -0.5416364 -0.6798948 0.4857177 -0.5493828 -0.5561555 0.4704671 -0.6850926 -0.4186206 -0.3550813 -0.8358674 -0.2429147 -0.3793082 -0.8928146 -0.2490759 -0.3647032 -0.8971917 0.8801214 0.01742076 -0.4744291 0.7989271 0.09858065 -0.5932937 0.8040987 0.1071406 -0.5847616 0.7416654 0.3443092 -0.5756593 0.626475 0.3601935 -0.6912234 0.6335883 0.3463709 -0.6918042 -0.4452723 -0.06445735 -0.8930722 -0.1992256 -0.05275863 -0.9785324 -0.4459777 -0.05277544 -0.8934868 -0.67679 0.05775308 0.7339073 -0.8440724 0.04643565 0.5342151 -0.6768778 0.04645508 0.7346281 -0.9286952 0.01421099 0.3705716 -0.9286912 0.007291436 0.3707823 -0.8011573 0.01420754 0.5982852 0.9286905 -0.007291376 0.3707843 0.8011559 -0.01420748 0.5982869 0.9286944 -0.01421099 0.3705736 0.6768759 -0.04645526 0.7346299 0.6767881 -0.05775326 0.733909 0.8440709 -0.04643583 0.5342173 0.4459777 0.05277544 -0.8934868 0.4452723 0.06445735 -0.8930722 0.1992256 0.05275863 -0.9785324 0.4237425 0.8839583 0.1976366 0.01515901 0.9996904 -0.01973319 0.2914493 0.9562193 -0.02649831 0 1 -1.95308e-7 0.02207833 0.9997517 -0.003026664 0.04320448 0.9989289 0.01656705 0.313074 -0.9408903 0.1292679 0 -1 0 0.3414282 -0.8878025 0.3085995 0.1460785 -0.9888165 0.03005248 0.007235288 -0.9999724 0.00170201 0.00512129 -0.9999869 1.86435e-4 0.6317579 -0.1646204 0.7574841 0.4891356 -0.1126333 0.8649048 0.4865173 -0.1166511 0.8658485 0.4823371 -0.03957533 0.8750913 0.4873466 -0.03171795 0.8726324 0.3226763 0.02928662 0.9460562 -0.6483078 -0.06735873 0.7583929 -0.754983 0.003563165 0.6557347 -0.7594657 -0.004063129 0.6505347 -0.7155569 -0.02033585 0.6982583 -0.7101743 -0.01177805 0.7039274 -0.8089966 0.05480742 0.5852529 -0.2924914 -0.1332325 -0.9469413 -0.04065787 -0.09845471 -0.9943107 -0.2977867 -0.09845316 -0.9495421 -0.9495556 0.09845495 -0.2977432 -0.9469558 0.1332215 -0.29245 -0.9943124 0.09845525 -0.04061239 -0.9469565 -0.133223 0.2924467 -0.9943125 -0.09845685 0.04060906 -0.9495564 -0.09845656 0.29774 -0.297695 0.09845644 0.9495705 -0.2924036 0.1332103 0.9469717 -0.04056191 0.09845548 0.9943145 0.2924036 -0.1332103 0.9469717 0.04056191 -0.09845548 0.9943145 0.2976949 -0.0984565 0.9495705 0.9495564 0.09845632 0.2977399 0.9469565 0.1332228 0.2924466 0.9943124 0.09845662 0.040609 0.9469565 -0.1332206 -0.2924478 0.9943126 -0.09845429 -0.04061025 0.9495562 -0.09845405 -0.2977411 0.29778 0.09845596 -0.9495439 0.2924847 0.1332353 -0.9469431 0.04065102 0.09845739 -0.9943107 -0.7764114 -0.3979411 -0.4887007 -0.6782795 -0.4033788 -0.6141845 -0.6846834 -0.3937992 -0.6132952 -0.2485705 0.2412279 -0.9380948 -0.2476858 0.2395126 -0.9387682 -0.0898956 0.2659747 -0.9597793 -0.9155671 0.05742675 -0.3980442 -0.9432614 0.1169936 -0.3107582 -0.9132645 0.06183302 -0.4026473 0.3127579 -0.2211933 -0.9237186 0.4721539 -0.1757405 -0.8638206 0.4717935 -0.1752492 -0.8641174 0.5770411 0.2400541 -0.7806392 0.5735928 0.2436693 -0.7820592 0.691388 0.3017051 -0.6564731 -0.4452723 -0.06445729 -0.8930722 -0.4459778 -0.05277544 -0.8934868 -0.67679 0.05775308 0.7339073 -0.6768778 0.04645508 0.7346281 -0.9286953 0.01421111 0.3705713 -0.9286913 0.007291555 0.370782 -0.8011575 0.01420766 0.598285 0.6768755 -0.04645526 0.7346302 0.6767877 -0.05775326 0.7339094 0.8440707 -0.04643577 0.5342177 0.4459778 0.05277544 -0.8934868 0.4452723 0.06445729 -0.8930722 -0.1079831 0.1419534 0.9839659 -0.7013147 -0.1981912 0.6847466 0.6319411 0.1676929 0.7566568 0.1073848 -0.1174438 0.9872565 -0.1578642 0.02159976 0.9872246 -0.03522056 0 0.9993796 0.3429325 -0.1042774 0.9335544 0.1327075 0.004915654 0.9911431 0.02815914 0 0.9996035 -0.256716 0.07204586 0.9637979 0.9847954 -0.164622 -0.05547642 0.9996448 -0.0121901 0.02370321 0.9916661 0.09681761 0.08499902 2.0438e-6 -1 -4.23001e-5 0.01265662 -0.9998389 0.01273047 -3.83813e-5 -1 1.20731e-5 -4.37253e-5 -1 -3.68833e-5 -4.59954e-5 -1 7.30916e-6 0 -1 0 0.02715295 -0.999624 0.003822028 0.8932177 0.008715391 -0.44954 0.9081931 -0.4103277 -0.08256167 0.04825633 -0.01867097 -0.9986606 1.97299e-4 1 3.05302e-4 6.58947e-5 1 -1.16181e-5 6.35479e-5 1 -5.07569e-6 3.63164e-4 1 1.79717e-4 0 1 0 -0.04709255 0.9986021 0.0240072 -0.05176824 0.9984501 0.020437 0 1 0 0 1 0 0.9029951 0.1022374 0.4173098 0.8969982 0.1478683 0.4165686 0.9620118 0.1017286 0.2533471 0.9814211 -0.08078539 0.1740301 0.951846 -0.002372503 0.3065675 0.9677818 -0.01594465 0.251285 0.1371681 0.04806232 0.9893811 0.1483104 0.0921638 0.9846369 0.3070002 0.04801279 0.9504977 0.4295794 -0.2552498 0.8662039 0.2796635 -0.2143303 0.935869 0.4409031 -0.2201964 0.8701253 0.2602586 0.04906743 0.9642913 0.3223781 0.03243541 0.9460551 0.4845789 -0.02901536 0.8742663 0.4883853 -0.02260428 0.8723352 0.5003488 -0.1108874 0.8586938 0.4979689 -0.114727 0.8595725 0.6427909 -0.1608875 0.748956 -0.8020058 0.09948521 0.5889733 -0.7070744 0.03500628 0.7062722 -0.7029625 0.04153716 0.710013 -0.6971768 -0.05340141 0.7149076 -0.7011366 -0.0603246 0.7104706 -0.5781462 -0.1194924 0.8071361 0.2924914 0.1332325 -0.9469413 0.04065787 0.09845477 -0.9943107 0.2977867 0.09845322 -0.9495421 0.9495555 -0.09845542 -0.2977432 0.9469557 -0.133222 -0.29245 0.9943124 -0.09845572 -0.04061239 0.9469565 0.1332225 0.2924467 0.9943125 0.09845638 0.04060906 0.9495564 0.09845608 0.29774 0.297695 -0.09845644 0.9495705 0.2924036 -0.1332103 0.9469717 0.04056191 -0.09845548 0.9943145 -0.2924036 0.1332103 0.9469717 -0.04056191 0.09845542 0.9943145 -0.2976949 0.09845638 0.9495705 -0.9495564 -0.09845608 0.2977399 -0.9469566 -0.1332226 0.2924467 -0.9943124 -0.09845638 0.040609 -0.9469565 0.1332208 -0.2924478 -0.9943126 0.09845453 -0.04061019 -0.9495562 0.09845429 -0.2977411 -0.29778 -0.09845614 -0.9495439 -0.2924847 -0.1332355 -0.9469431 -0.04065102 -0.09845757 -0.9943107 -0.8796809 -0.01901519 -0.475184 -0.7981464 -0.09918576 -0.5942429 -0.8034469 -0.1079623 -0.585506 -0.7420622 -0.3444134 -0.5750854 -0.6269251 -0.3607598 -0.6905196 -0.6340107 -0.3469684 -0.6911175 0.6760632 -0.4995685 -0.5416364 0.6798948 -0.4857177 -0.5493828 0.5561555 -0.4704671 -0.6850926 0.4186206 0.3550813 -0.8358674 0.2429147 0.3793082 -0.8928146 0.2490759 0.3647032 -0.8971917 0 1 3.29669e-7 0.02256965 0.9997448 -0.001062273 0.02744388 0.9996198 -0.002690851 0 1 -4.30247e-7 0 1 5.12254e-7 0 1 -2.63725e-7 0 1 -5.53044e-7 0.9903186 -0.1281083 -0.05345493 0.9932214 -0.1037017 -0.05250954 0.9975266 0.06270831 0.0317533 0.9931394 0.1106444 0.03784096 0 1 -1.32817e-7 0.05547147 0.9983807 -0.01260411 0.04671585 0.9978688 0.04555869 0 1 1.42845e-7 -0.3117626 0.9489889 -0.04716295 -0.161201 0.9700161 -0.1818878 0 1 -6.68179e-7 0.9962348 -0.006125748 -0.08647978 0.04222136 -0.00589174 -0.9990909 -0.007908046 0.04896008 -0.9987695 2.13108e-4 -1 2.12004e-4 -0.1158642 -0.9890244 0.0916866 0 -1 1.64834e-7 -2.31533e-5 -1 -8.90622e-6 -0.1418342 -0.9874439 0.06955331 0 -1 1.49543e-7 -1.99412e-5 -1 -3.54808e-6 -2.11791e-5 -1 7.662e-6 0.2371511 0.001130878 0.9714722 0.2489027 0.04621219 0.9674255 0.4021625 0.001966595 0.9155662 0.3848103 -0.03377377 0.9223776 0.2315545 0.01202386 0.9727476 0.3968859 0.01204442 0.9177889 0.9693976 -0.02213549 0.244496 0.9227535 -0.01179939 0.3852102 0.9122313 -0.02163952 0.4091038 0.9470945 -0.01353383 0.3206698 0.947424 -0.01002675 0.3198238 0.9285673 -0.00364989 0.3711463 0.9940182 -0.1074576 0.01951444 0.9939592 -0.1073412 0.02287131 0.9880679 0.153407 0.01371854 0.8815818 0.4702619 -0.04083406 0.9215694 0.3867253 -0.03396522 0.8817065 0.4702172 -0.03859353 0.2279459 0.9732863 -0.02747136 0.2796167 0.9574334 0.07166558 0.1825105 0.9828396 0.02676397 0.2363548 -0.9716591 -0.003866553 0.1644622 -0.9861112 0.02317273 0.3582319 -0.9331728 0.02929919 0.7753899 -0.6292183 -0.05343073 0.6777006 -0.7339737 -0.0447731 0.7425641 -0.6678472 -0.05078095 -0.9617136 -0.1872196 -0.2001397 -0.8970277 -0.1604577 -0.4118187 -0.8972069 -0.159931 -0.4116335 -0.7964051 0.0614928 -0.6016291 -0.7974664 0.06571537 -0.599774 -0.6425238 0.1133379 -0.7578375 0.08046501 -0.120311 -0.9894699 0.2904697 -0.05774807 -0.9551401 0.2937157 -0.06320238 -0.9538012 0.3017297 0.02673864 -0.9530184 0.2993813 0.03060901 -0.9536425 0.4958984 0.08337706 -0.8643686 0.9634941 -0.252705 0.08842819 0.9378376 -0.181028 0.2961246 0.9349138 -0.1882426 0.3008341 0.8419186 0.186549 0.5063325 0.8423089 0.1885197 0.5049517 0.7050547 0.2371953 0.6683084 -0.1941713 -0.265308 0.9444094 -0.402174 -0.2169981 0.8894762 -0.4028712 -0.2183882 0.8888203 -0.6703022 0.2193409 0.7089319 -0.669561 0.2205396 0.7092604 -0.8010429 0.2625574 0.5379535 -0.002076625 -0.0079723 -0.9999662 -2.73416e-5 0.008921444 -0.9999603 -0.02387362 -0.01619416 -0.9995838 0.01307272 0.01850497 -0.9997434 -0.02236199 -0.01216799 -0.9996759 0.02236199 0.01216799 -0.9996759 -0.01783525 -0.02262979 -0.9995848 0.03408497 0.02186191 -0.9991799 0.01425963 0.04895669 -0.9986992 -0.04826086 -0.01866883 -0.9986603 -1.68994e-4 1 1.64741e-4 0 1 1.64834e-7 0.1158642 0.9890244 0.09168654 0.1418342 0.9874439 0.06955331 0 1 1.49543e-7 6.13762e-6 1 -2.03909e-6 5.33094e-6 1 -8.35933e-7 5.75235e-6 1 1.76066e-6 -0.9576082 0.138038 0.2528479 -0.906725 0.1725907 0.3847885 -0.8984392 0.1383268 0.4167405 -0.9773294 -0.009355068 0.2115178 -0.9570327 0.004026412 0.2899522 -0.9746398 -0.03673815 0.2207437 -0.3939689 -0.1357514 0.9090434 -0.3805516 -0.08506542 0.920839 -0.2286373 -0.1357454 0.9640012 -0.3100429 -0.04890489 0.9494639 -0.4586749 -0.006177604 0.8885828 -0.2976405 0.001194477 0.9546774 -0.4237425 -0.8839583 0.1976366 -0.01515901 -0.9996904 -0.01973319 -0.2914493 -0.9562193 -0.02649831 0 -1 -1.95308e-7 -0.01736092 -0.999785 0.01133668 -0.008610785 -0.9999575 0.003301799 -0.6317579 0.1646204 0.7574841 -0.4891356 0.1126333 0.8649048 -0.4865173 0.1166511 0.8658485 -0.4823371 0.03957533 0.8750913 -0.4873466 0.03171795 0.8726324 -0.3226763 -0.02928662 0.9460562 0.6508001 0.06751167 0.7562417 0.7570342 -0.003583729 0.6533655 0.7615249 0.004045546 0.6481231 0.7123795 0.03310561 0.7010132 0.7067469 0.02416139 0.7070538 0.8064823 -0.04400175 0.5896187 0.2924914 0.1332325 -0.9469413 0.04065787 0.09845471 -0.9943107 0.2977867 0.09845316 -0.9495421 0.9495556 -0.09845495 -0.2977432 0.9469558 -0.1332215 -0.29245 0.9943124 -0.09845525 -0.04061239 0.9469565 0.133223 0.2924467 0.9943125 0.09845685 0.04060906 0.9495564 0.09845656 0.29774 0.297695 -0.09845644 0.9495705 0.2924036 -0.1332103 0.9469717 0.04056191 -0.09845548 0.9943145 -0.2924036 0.1332103 0.9469717 -0.04056191 0.09845548 0.9943145 -0.2976949 0.0984565 0.9495705 -0.9495564 -0.09845632 0.2977399 -0.9469565 -0.1332228 0.2924466 -0.9943124 -0.09845662 0.040609 -0.9469565 0.1332206 -0.2924478 -0.9943126 0.09845429 -0.04061025 -0.9495562 0.09845405 -0.2977411 -0.29778 -0.09845596 -0.9495439 -0.2924847 -0.1332353 -0.9469431 -0.04065102 -0.09845739 -0.9943107 0.7764114 0.3979411 -0.4887007 0.6782795 0.4033788 -0.6141845 0.6846834 0.3937992 -0.6132952 0.2485705 -0.2412279 -0.9380948 0.2476858 -0.2395126 -0.9387682 0.0898956 -0.2659747 -0.9597793 0.9155671 -0.05742675 -0.3980442 0.9432614 -0.1169936 -0.3107582 0.9132645 -0.06183302 -0.4026473 -0.3127579 0.2211933 -0.9237186 -0.4721539 0.1757405 -0.8638206 -0.4717935 0.1752492 -0.8641174 -0.5770411 -0.2400541 -0.7806392 -0.5735928 -0.2436693 -0.7820592 -0.691388 -0.3017051 -0.6564731 -0.9847954 0.164622 -0.05547642 -0.9996448 0.0121901 0.02370321 -0.9916661 -0.09681761 0.08499902 -2.0438e-6 1 -4.23163e-5 0 1 -4.58839e-7 -0.02715295 0.9996241 0.003822028 -0.01265662 0.9998389 0.01273047 4.59954e-5 1 7.30916e-6 0 1 0 3.83814e-5 1 1.1946e-5 4.37254e-5 1 -3.67831e-5 -0.8932177 -0.008715391 -0.44954 -0.9081931 0.4103277 -0.08256167 -0.04825633 0.01867097 -0.9986606 0.04709255 -0.9986021 0.0240072 -7.38971e-5 -1 -1.28709e-5 -2.08082e-4 -1 2.97009e-4 -3.63164e-4 -1 1.79841e-4 0.05176824 -0.9984501 0.020437 0 -1 0 -7.13669e-5 -1 -5.82374e-6 0 -1 0 -0.9106689 -0.006259918 0.4130897 -0.9066928 0.02362561 0.4211296 -0.9685432 -0.007461249 0.2487338 -0.9534599 -0.01526904 0.3011329 -0.9244723 0.01226043 0.3810521 -0.9529936 7.17439e-4 0.3029897 -0.1371681 -0.04806232 0.9893811 -0.1483104 -0.0921638 0.9846369 -0.3070002 -0.04801279 0.9504977 -0.396635 0.1904135 0.8980109 -0.2448043 0.1477373 0.9582508 -0.4090909 0.1489412 0.9002562 -0.2602586 -0.04906743 0.9642913 -0.6811437 -0.7313721 -0.03373855 -0.8147227 -0.5781388 -0.04452747 -0.7773563 -0.627559 -0.04343962 -0.2243882 -0.9742196 -0.02337193 -0.2769066 -0.9579514 0.07517927 -0.1792191 -0.983226 0.03387051 -0.9940843 0.1069017 0.01919549 -0.9941332 0.1069212 0.01634293 -0.9879683 -0.1539804 0.01444852 -0.9411519 0.3355233 -0.04071056 -0.8858612 0.4619187 -0.0433734 -0.940208 0.3387905 -0.03507286 -0.280597 0.9597868 0.008652806 -0.3110159 0.9266239 -0.2112755 -0.3345732 0.9419362 0.02858603 0.9633502 0.1778637 -0.2008009 0.8989272 0.1487652 -0.4120665 0.8989571 0.1486757 -0.4120336 0.8068098 -0.06452351 -0.5872774 0.8078514 -0.06874024 -0.585364 0.6558219 -0.1174447 -0.7457242 -0.08046501 0.120311 -0.9894699 -0.2904697 0.05774807 -0.9551401 -0.2937157 0.06320238 -0.9538012 -0.3017297 -0.02673864 -0.9530184 -0.2993813 -0.03060901 -0.9536425 -0.4958984 -0.08337706 -0.8643686 -0.9634941 0.252705 0.08842819 -0.9378376 0.181028 0.2961246 -0.9349138 0.1882426 0.3008341 -0.8419186 -0.186549 0.5063325 -0.8423089 -0.1885197 0.5049517 -0.7050547 -0.2371953 0.6683084 0.1941713 0.265308 0.9444094 0.402174 0.2169981 0.8894762 0.4028712 0.2183882 0.8888203 0.6675328 -0.2135909 0.7132875 0.6664957 -0.2152709 0.713752 0.798963 -0.2583616 0.5430539</float_array>
          <technique_common>
            <accessor source="#Shape_IndexedFaceSet_270-mesh-normals-array" count="8281" stride="3">
              <param name="X" type="float"/>
              <param name="Y" type="float"/>
              <param name="Z" type="float"/>
            </accessor>
          </technique_common>
        </source>
        <source id="Shape_IndexedFaceSet_270-mesh-map-0">
          <float_array id="Shape_IndexedFaceSet_270-mesh-map-0-array" count="30000">0.1910639 0.7461538 0.2220253 1 0.04782807 1 0.1910639 0.7461538 0.04782807 1 0.04595041 0.7461538 0.4038674 0.7461538 0.4020599 1 0.3447747 0.7461538 0.3447747 0.7461538 0.4020599 1 0.2220253 1 0.3447747 0.7461538 0.2220253 1 0.1910639 0.7461538 0.1674708 0.7461538 0.2320361 1 0.1281689 1 0.1674708 0.7461538 0.1281689 1 0.1281688 0.7461538 0.1281688 0.7461538 0.1281689 1 0.1463422 1 0.1281688 0.7461538 0.1463422 1 0.2438343 0.7461538 0.2438343 0.7461538 0.1463422 1 0.2502095 1 0.2438343 0.7461538 0.2502095 1 0.2320361 1 0.2438343 0.7461538 0.2320361 1 0.1674708 0.7461538 0.04595041 0.7461538 0.04782807 1 0 0.7461538 0 0.7461538 0.04782807 1 0 1 0 0.7461538 0 1 0 0.2538462 0 0.2538462 0 1 0 0 0 0.2538462 0 0 0.04782807 0.2538462 0.04782807 0.2538462 0 0 0.04595041 0 0.5946605 1 0.4020599 1 0.5971415 0.7461538 0.5971415 0.7461538 0.4020599 1 0.4038674 0.7461538 0.5971415 0.7461538 0.4038674 0.7461538 0.5961325 0.2538462 0.5961325 0.2538462 0.4038674 0.7461538 0.4028585 0.2538462 0.5961325 0.2538462 0.4028585 0.2538462 0.5979401 0 0.5979401 0 0.4028585 0.2538462 0.4053395 0 0.8718312 1 0.7679638 1 0.8089361 1 0.6552253 1 0.7679638 1 0.5946605 1 0.5946605 1 0.7679638 1 0.7497905 1 0.8718312 1 0.8089361 1 0.9540496 1 0.2220253 1 0.1463422 1 0.04782807 1 0.7679638 1 0.6552253 1 0.8089361 1 0.7497905 1 0.8536579 1 1 1 1 1 0.8536579 1 0.9540496 1 0.04782807 1 0.1463422 1 0.1281689 1 0.04782807 1 0.1281689 1 0 1 0.2502095 1 0.1463422 1 0.2220253 1 0 1 0.2320361 1 0.4020599 1 0 1 0.4020599 1 1 1 1 1 0.4020599 1 0.5946605 1 1 1 0.5946605 1 0.7497905 1 0 1 0.1281689 1 0.2320361 1 0.4020599 1 0.2320361 1 0.2502095 1 0.2502095 1 0.2220253 1 0.4020599 1 0.9540496 1 0.8536579 1 0.8718312 1 0.4038674 0.7461538 0.3447747 0.7461538 0.1910639 0.7461538 0.2331867 0.7461538 0.1674708 0.7461538 0 0.7461538 0.1281688 0.7461538 0.2438343 0.7461538 0.1910639 0.7461538 0.1910639 0.7461538 0.2438343 0.7461538 0.4038674 0.7461538 0.2438343 0.7461538 0.2331867 0.7461538 0.4038674 0.7461538 0 0.7461538 0.1674708 0.7461538 0.04595041 0.7461538 0.04595041 0.7461538 0.1674708 0.7461538 0.1281688 0.7461538 0.1674708 0.7461538 0.2331867 0.7461538 0.2438343 0.7461538 0.1281688 0.7461538 0.1910639 0.7461538 0.04595041 0.7461538 0.2331867 0.7461538 0.188815 0.2538462 0.3465313 0.2538462 0.2331867 0.7461538 0.3465313 0.2538462 0.4038674 0.7461538 0.4038674 0.7461538 0.3465313 0.2538462 0.4028585 0.2538462 0.188815 0.2538462 0.2331867 0.7461538 0 0.2538462 0 0.2538462 0.2331867 0.7461538 0 0.7461538 0.04782807 0.2538462 0.04595041 0 0.1910639 0 0.04782807 0.2538462 0.1910639 0 0.2220253 0.2538462 0.2220253 0.2538462 0.1910639 0 0.3447747 0 0.2220253 0.2538462 0.3447747 0 0.4028585 0.2538462 0.4028585 0.2538462 0.3447747 0 0.4053395 0 0.2438343 0.2538462 0.1463422 0 0.2502095 0 0.2438343 0.2538462 0.2502095 0 0.2320362 0 0.2438343 0.2538462 0.2320362 0 0.1674707 0.2538462 0.1674707 0.2538462 0.2320362 0 0.1281688 0 0.1674707 0.2538462 0.1281688 0 0.1281689 0.2538462 0.1281689 0.2538462 0.1281688 0 0.1463422 0 0.1281689 0.2538462 0.1463422 0 0.2438343 0.2538462 0.7679638 0 0.7497904 0 0.5979401 0 0.7779747 0 0.5979401 0 0.7497904 0 1 0 0.5979401 0 0 0 0 0 0.5979401 0 0.4053395 0 0 0 0.4053395 0 0.2502095 0 0.4053395 0 0.2320362 0 0.2502095 0 0 0 0.2502095 0 0.1463422 0 0.1910639 0 0.4053395 0 0.3447747 0 0.1281688 0 0.2320362 0 0.1910639 0 1 0 0.7679638 0 0.5979401 0 1 0 0.8718311 0 0.7679638 0 0.1910639 0 0.2320362 0 0.4053395 0 0.1281688 0 0.1910639 0 0.04595041 0 0.7779747 0 0.7497904 0 0.8536579 0 0.7779747 0 0.8536579 0 0.9521719 0 0.9521719 0 0.8536579 0 0.8718311 0 0.9521719 0 0.8718311 0 1 0 0 0 0.1463422 0 0.04595041 0 0.04595041 0 0.1463422 0 0.1281688 0 0.188815 0.2538462 0.4028585 0.2538462 0.3465313 0.2538462 0.1674707 0.2538462 0.04782807 0.2538462 0.2220253 0.2538462 0 0.2538462 0.1281689 0.2538462 0.188815 0.2538462 0.188815 0.2538462 0.1281689 0.2538462 0.2438343 0.2538462 0.1281689 0.2538462 0 0.2538462 0.04782807 0.2538462 0.1281689 0.2538462 0.04782807 0.2538462 0.1674707 0.2538462 0.2438343 0.2538462 0.4028585 0.2538462 0.188815 0.2538462 0.1674707 0.2538462 0.2220253 0.2538462 0.2438343 0.2538462 0.2438343 0.2538462 0.2220253 0.2538462 0.4028585 0.2538462 0.952172 0.7461538 0.9540496 1 0.8089361 1 0.952172 0.7461538 0.8089361 1 0.7779747 0.7461538 0.7779747 0.7461538 0.8089361 1 0.6552253 1 0.7779747 0.7461538 0.6552253 1 0.5971415 0.7461538 0.5971415 0.7461538 0.6552253 1 0.5946605 1 0.7679638 0.7461538 0.8536579 1 0.7497905 1 0.7679638 0.7461538 0.7497905 1 0.7497904 0.7461538 0.7497904 0.7461538 0.7497905 1 0.7679638 1 0.7497904 0.7461538 0.7679638 1 0.8536578 0.7461538 0.8536578 0.7461538 0.7679638 1 0.8718312 1 0.8536578 0.7461538 0.8718312 1 0.8718312 0.7461538 0.8718312 0.7461538 0.8718312 1 0.8536579 1 0.8718312 0.7461538 0.8536579 1 0.7679638 0.7461538 0.9540496 0.2538462 0.9521719 0 1 0.2538462 1 0.2538462 0.9521719 0 1 0 1 0.2538462 1 0 1 0.7461538 1 0.7461538 1 0 1 1 1 0.7461538 1 1 0.952172 0.7461538 0.952172 0.7461538 1 1 0.9540496 1 0.811185 0.7461538 0.8718312 0.7461538 0.7679638 0.7461538 0.7679638 0.7461538 0.6534687 0.7461538 0.811185 0.7461538 0.7779747 0.7461538 0.5971415 0.7461538 0.7497904 0.7461538 0.6534687 0.7461538 0.7679638 0.7461538 0.7497904 0.7461538 0.6534687 0.7461538 0.7497904 0.7461538 0.5971415 0.7461538 0.8536578 0.7461538 0.8718312 0.7461538 0.952172 0.7461538 0.952172 0.7461538 0.8718312 0.7461538 1 0.7461538 1 0.7461538 0.8718312 0.7461538 0.811185 0.7461538 0.8536578 0.7461538 0.952172 0.7461538 0.7779747 0.7461538 0.8536578 0.7461538 0.7779747 0.7461538 0.7497904 0.7461538 0.5971415 0.7461538 0.5961325 0.2538462 0.6534687 0.7461538 0.6534687 0.7461538 0.5961325 0.2538462 0.7668133 0.2538462 0.6534687 0.7461538 0.7668133 0.2538462 0.811185 0.7461538 0.811185 0.7461538 0.7668133 0.2538462 1 0.7461538 1 0.7461538 0.7668133 0.2538462 1 0.2538462 0.8089361 0.2538462 0.7779747 0 0.9521719 0 0.8089361 0.2538462 0.9521719 0 0.9540496 0.2538462 0.5961325 0.2538462 0.5979401 0 0.6552253 0.2538462 0.6552253 0.2538462 0.5979401 0 0.7779747 0 0.6552253 0.2538462 0.7779747 0 0.8089361 0.2538462 0.8536579 0.2538462 0.7679638 0 0.8718311 0 0.8536579 0.2538462 0.8718311 0 0.8718312 0.2538462 0.8718312 0.2538462 0.8718311 0 0.8536579 0 0.8718312 0.2538462 0.8536579 0 0.7679639 0.2538462 0.7679639 0.2538462 0.8536579 0 0.7497904 0 0.7679639 0.2538462 0.7497904 0 0.7497905 0.2538462 0.7497905 0.2538462 0.7497904 0 0.7679638 0 0.7497905 0.2538462 0.7679638 0 0.8536579 0.2538462 0.8536579 0.2538462 1 0.2538462 0.7668133 0.2538462 0.8536579 0.2538462 0.7668133 0.2538462 0.7497905 0.2538462 0.6552253 0.2538462 0.8089361 0.2538462 0.7679639 0.2538462 0.7679639 0.2538462 0.8089361 0.2538462 0.8718312 0.2538462 0.8718312 0.2538462 0.8089361 0.2538462 0.9540496 0.2538462 0.7497905 0.2538462 0.5961325 0.2538462 0.7679639 0.2538462 0.7679639 0.2538462 0.5961325 0.2538462 0.6552253 0.2538462 1 0.2538462 0.8536579 0.2538462 0.9540496 0.2538462 0.9540496 0.2538462 0.8536579 0.2538462 0.8718312 0.2538462 0.5961325 0.2538462 0.7497905 0.2538462 0.7668133 0.2538462 0 1 1 1 0 0 0 0 1 1 1 0 0 0.4166667 0.1878378 0.425926 0.04320895 0.8810935 0.2320361 0.8404933 0.2502093 0.7337403 0.4039689 0.784685 0.4039689 0.784685 0.2502093 0.7337403 0.5047813 0.7777778 0.5047813 0.7777778 0.2502093 0.7337403 0.4910358 0.2166666 0.4910358 0.2166666 0.2502093 0.7337403 0.3737641 0.4156686 0.146342 0.7150625 0.04320895 0.8810935 0.1878378 0.425926 0.1281691 0.8218153 0.2320361 0.8404933 0.2295191 0.9732376 0.2295191 0.9732376 0.2320361 0.8404933 0.4039689 0.784685 0.146342 0.7150625 0.1878378 0.425926 0.2502093 0.7337403 0.2502093 0.7337403 0.1878378 0.425926 0.3737641 0.4156686 0.04320895 0.8810935 0.146342 0.7150625 0.1281691 0.8218153 0.1281691 0.8218153 0.2295191 0.9732376 0.04320895 0.8810935 1 0.4166666 0.8121622 0.4351854 0.9567911 0.8810935 0.7679639 0.8404933 0.7497907 0.7337403 0.5960311 0.784685 0.5960311 0.784685 0.7497907 0.7337403 0.4948039 0.7777778 0.4948039 0.7777778 0.7497907 0.7337403 0.4907684 0.2166666 0.4907684 0.2166666 0.7497907 0.7337403 0.6242818 0.4143878 0.4907684 0.2166666 0.6242818 0.4143878 0.5947051 0.2162798 0.8536579 0.7150625 0.9567911 0.8810935 0.8121622 0.4351854 0.8718309 0.8218153 0.7679639 0.8404933 0.7708741 0.9733495 0.7708741 0.9733495 0.7679639 0.8404933 0.5960311 0.784685 0.8536579 0.7150625 0.8121622 0.4351854 0.7497907 0.7337403 0.7497907 0.7337403 0.8121622 0.4351854 0.6242818 0.4143878 0.9567911 0.8810935 0.8536579 0.7150625 0.8718309 0.8218153 0.8718309 0.8218153 0.7708741 0.9733495 0.9567911 0.8810935 0.0163384 0.168682 0 0.5833333 0.1885592 0.5657854 0.2236599 0.09576058 0.2037864 0.02316975 0.0163384 0.168682 0.3215423 0.1988238 0.395199 0.2078583 0.2236599 0.09576058 0.2236599 0.09576058 0.395199 0.2078583 0.2037864 0.02316975 0.3429141 0.6305412 0.3215423 0.1988238 0.186059 0.3425903 0.1885592 0.5657854 0.186059 0.3425903 0.0163384 0.168682 0.186059 0.3425903 0.1885592 0.5657854 0.3429141 0.6305412 0.1878378 0.4351854 0.1636044 0.2247995 0.2032042 0.2341203 0.1838732 0.01982164 0.3184838 0.05928891 0.4052866 0.2162326 0.1878378 0.4351854 0.2032042 0.2341203 0.3774067 0.4119248 0.2032042 0.2341203 0.4052866 0.2162326 0.3774067 0.4119248 0.1866818 0.1959266 0.1838732 0.01982164 0.2032042 0.2341203 0.2032042 0.2341203 0.1838732 0.01982164 0.4052866 0.2162326 0.1636044 0.2247995 0.02302092 0.1444763 0.1866818 0.1959266 0.1866818 0.1959266 0.02302092 0.1444763 0.1838732 0.01982164 0.1878378 0.4351854 0 0.4166667 0.1636044 0.2247995 0.1636044 0.2247995 0 0.4166667 0.02302092 0.1444763 0.3737641 0.4156686 0.3774067 0.4119248 0.4910358 0.2166666 0.4910358 0.2166666 0.3774067 0.4119248 0.4052866 0.2162326 0.04320895 0.8810935 0.04518485 0.8811558 0 0.4166667 0 0.4166667 0.04518485 0.8811558 0 0.5833333 0 0.4166667 0 0.5833333 0.02302092 0.1444763 0.02302092 0.1444763 0 0.5833333 0.0163384 0.168682 0.2295191 0.9732376 0.2072204 0.9821872 0.04518485 0.8811558 0.2295191 0.9732376 0.04518485 0.8811558 0.04320895 0.8810935 0.4039689 0.784685 0.3971645 0.8036213 0.2295191 0.9732376 0.2295191 0.9732376 0.3971645 0.8036213 0.2072204 0.9821872 0.2320361 0.8404933 0.1463422 0.8404933 0.2502092 0.8218152 0.2320361 0.8404933 0.2502092 0.8218152 0.2502093 0.7337403 0.2502093 0.7337403 0.2502092 0.8218152 0.2320363 0.7150624 0.2502093 0.7337403 0.2320363 0.7150624 0.146342 0.7150625 0.146342 0.7150625 0.2320363 0.7150624 0.1281689 0.7337406 0.146342 0.7150625 0.1281689 0.7337406 0.1281691 0.8218153 0.1281691 0.8218153 0.1281689 0.7337406 0.1463422 0.8404933 0.1281691 0.8218153 0.1463422 0.8404933 0.2320361 0.8404933 0.8121622 0.425926 1 0.4166666 0.9548152 0.8811558 0.8536578 0.8404933 0.8718309 0.7337403 0.9548152 0.8811558 0.7925212 0.982117 0.6263918 0.880066 0.5047813 0.7777778 0.6257387 0.4152068 0.5047813 0.7777778 0.4910358 0.2166666 0.6257387 0.4152068 0.4910358 0.2166666 0.5949245 0.2151226 0.9548152 0.8811558 0.8718309 0.7337403 0.8121622 0.425926 0.7925212 0.982117 0.7497907 0.8218153 0.8536578 0.8404933 0.7925212 0.982117 0.8536578 0.8404933 0.9548152 0.8811558 0.8718309 0.7337403 0.7679638 0.7150625 0.8121622 0.425926 0.8121622 0.425926 0.7679638 0.7150625 0.5047813 0.7777778 0.8121622 0.425926 0.5047813 0.7777778 0.6257387 0.4152068 0.5047813 0.7777778 0.7679638 0.7150625 0.7497907 0.8218153 0.7925212 0.982117 0.5047813 0.7777778 0.7497907 0.8218153 0.02302092 0.1444763 0.0163384 0.168682 0.2037864 0.02316975 0.02302092 0.1444763 0.2037864 0.02316975 0.1838732 0.01982164 0.4052866 0.2162326 0.3184838 0.05928891 0.395199 0.2078583 0.395199 0.2078583 0.3184838 0.05928891 0.2037864 0.02316975 0.2037864 0.02316975 0.3184838 0.05928891 0.1838732 0.01982164 0.2032042 0.2341203 0.1751741 0.2341203 0.214774 0.2247995 0.2032042 0.2341203 0.214774 0.2247995 0.1916966 0.1959266 0.2032042 0.2341203 0.1916966 0.1959266 0.1866818 0.1959266 0.1866818 0.1959266 0.1916966 0.1959266 0.1751741 0.2341203 0.1866818 0.1959266 0.1751741 0.2341203 0.1636044 0.2247995 0.1636044 0.2247995 0.1751741 0.2341203 0.2032042 0.2341203 1 0.5166327 0.9476872 0.2417297 0.8115898 0.5664529 0.8063082 0.356413 0.6896653 0.2556439 0.6551513 0.6318594 0.8112555 0.04868835 0.6820364 0.05837506 0.6896653 0.2556439 0.6896653 0.2556439 0.6820364 0.05837506 0.6090979 0.211459 0.93594 0.08610439 0.8112555 0.04868835 0.9476872 0.2417297 0.9476872 0.2417297 0.8063082 0.356413 0.8115898 0.5664529 0.8063082 0.356413 0.6551513 0.6318594 0.8115898 0.5664529 0.7763401 0.09576058 0.796379 0.02319455 0.9836615 0.168682 0.67852 0.1987885 0.6048526 0.20802 0.7763401 0.09576058 0.7763401 0.09576058 0.6048526 0.20802 0.796379 0.02319455 0.67852 0.1987885 0.813941 0.3425903 0.6443044 0.6536814 0.813941 0.3425903 0.9836615 0.168682 0.8114408 0.5657851 0.8114408 0.5657851 0.9836615 0.168682 1 0.5833333 0.813941 0.3425903 0.8114408 0.5657851 0.6443044 0.6536814 0.9548152 0.8811558 0.9567911 0.8810935 0.7708742 0.9733498 0.9548152 0.8811558 0.7708742 0.9733498 0.7925212 0.982117 0.7925212 0.982117 0.7708742 0.9733498 0.6263918 0.880066 0.6263918 0.880066 0.7708742 0.9733498 0.5969657 0.7891785 0.6263918 0.880066 0.5969657 0.7891785 0.5047813 0.7777778 0.8536578 0.8404933 0.7679639 0.8404933 0.8718308 0.8218151 0.8536578 0.8404933 0.8718308 0.8218151 0.8718309 0.7337403 0.8718309 0.7337403 0.8718308 0.8218151 0.853658 0.7150624 0.8718309 0.7337403 0.853658 0.7150624 0.7679638 0.7150625 0.7679638 0.7150625 0.853658 0.7150624 0.7497906 0.7337405 0.7679638 0.7150625 0.7497906 0.7337405 0.7497907 0.8218153 0.7497907 0.8218153 0.7497906 0.7337405 0.7679639 0.8404933 0.7497907 0.8218153 0.7679639 0.8404933 0.8536578 0.8404933 0.5949245 0.2151226 0.6820364 0.05837506 0.7631103 0.02510935 0.7631103 0.02510935 0.6820364 0.05837506 0.8112555 0.04868835 0.5949245 0.2151226 0.6090979 0.211459 0.6820364 0.05837506 0.7631103 0.02510935 0.8112555 0.04868835 0.9430718 0.1072992 0.9430718 0.1072992 0.8112555 0.04868835 0.93594 0.08610439 0.9430718 0.1072992 0.93594 0.08610439 0.9476872 0.2417297 0.8248259 0.2341203 0.7967957 0.2341203 0.8363956 0.2247995 0.8248259 0.2341203 0.8363956 0.2247995 0.8133181 0.1959266 0.8248259 0.2341203 0.8133181 0.1959266 0.8083034 0.1959266 0.8083034 0.1959266 0.8133181 0.1959266 0.7967957 0.2341203 0.8083034 0.1959266 0.7967957 0.2341203 0.7852261 0.2247995 0.7852261 0.2247995 0.7967957 0.2341203 0.8248259 0.2341203 0.5960311 0.784685 0.4948039 0.7777778 0.6028355 0.8036213 0.6028355 0.8036213 0.4948039 0.7777778 0.5955897 0.7691845 0.3971645 0.8036213 0.5047813 0.7777778 0.4039763 0.7655037 0.4948039 0.7777778 0.4030343 0.7891785 0.4039763 0.7655037 0.4948039 0.7777778 0.4039763 0.7655037 0.5047813 0.7777778 0.4948039 0.7777778 0.5047813 0.7777778 0.5955897 0.7691845 0.5955897 0.7691845 0.5047813 0.7777778 0.5969657 0.7891785 0.4039689 0.784685 0.5047813 0.7777778 0.3971645 0.8036213 0.9430718 0.1072992 0.9476872 0.2417297 1 0.5166327 1 0.4166666 1 0.5166327 0.9548152 0.8811558 0.9548152 0.8811558 1 0.5166327 0.9567911 0.8810935 0.6230422 0.4124355 0.5949245 0.2151226 0.8121622 0.4351854 0.7631103 0.02510935 0.9430718 0.1072992 0.8083034 0.1959266 0.8083034 0.1959266 0.9430718 0.1072992 0.8248259 0.2341203 0.8248259 0.2341203 1 0.5166327 0.8121622 0.4351854 1 0.5166327 0.8248259 0.2341203 0.9430718 0.1072992 0.7631103 0.02510935 0.8083034 0.1959266 0.5949245 0.2151226 0.5949245 0.2151226 0.8083034 0.1959266 0.7852261 0.2247995 0.5949245 0.2151226 0.7852261 0.2247995 0.8121622 0.4351854 0.8121622 0.4351854 0.7852261 0.2247995 0.8248259 0.2341203 1 0.4166666 0.8121622 0.425926 1 0.5166327 1 0.5166327 0.8121622 0.425926 0.8121622 0.4351854 0.6257387 0.4152068 0.5949245 0.2151226 0.6230422 0.4124355 0.6230422 0.4124355 0.8121622 0.4351854 0.6257387 0.4152068 0.6257387 0.4152068 0.8121622 0.4351854 0.8121622 0.425926 0.7497906 0.7337405 0.67126 0.6294701 0.5969657 0.7891785 0.7497906 0.7337405 0.5969657 0.7891785 0.7679639 0.8404933 0.7679639 0.8404933 0.7708742 0.9733498 0.8718308 0.8218151 0.7708742 0.9733498 0.7679639 0.8404933 0.5969657 0.7891785 0.8121584 0.569462 0.67126 0.6294701 0.7497906 0.7337405 0.8121584 0.569462 0.7497906 0.7337405 0.853658 0.7150624 0.8121584 0.569462 0.853658 0.7150624 1 0.5166327 1 0.5166327 0.853658 0.7150624 0.9567911 0.8810935 0.8718308 0.8218151 0.9567911 0.8810935 0.853658 0.7150624 0.8718308 0.8218151 0.7708742 0.9733498 0.9567911 0.8810935 0.67126 0.6294701 0.5955897 0.7691845 0.5969657 0.7891785 0.67126 0.6294701 0.6551513 0.6318594 0.5955897 0.7691845 0.8121584 0.569462 0.8115898 0.5664529 0.67126 0.6294701 0.67126 0.6294701 0.8115898 0.5664529 0.6551513 0.6318594 0.8121584 0.569462 1 0.5166327 0.8115898 0.5664529 0.7708741 0.9733495 0.7925212 0.982117 0.9548152 0.8811559 0.7708741 0.9733495 0.9548152 0.8811559 0.9567911 0.8810935 0.5960311 0.784685 0.6028355 0.8036213 0.7708741 0.9733495 0.7708741 0.9733495 0.6028355 0.8036213 0.7925212 0.982117 0.7679639 0.8404933 0.8536578 0.8404933 0.7497908 0.8218153 0.7679639 0.8404933 0.7497908 0.8218153 0.7497907 0.7337403 0.7497907 0.7337403 0.7497908 0.8218153 0.7679637 0.7150624 0.7497907 0.7337403 0.7679637 0.7150624 0.8536579 0.7150625 0.8536579 0.7150625 0.7679637 0.7150624 0.8718311 0.7337405 0.8536579 0.7150625 0.8718311 0.7337405 0.8718309 0.8218153 0.8718309 0.8218153 0.8718311 0.7337405 0.8536578 0.8404933 0.8718309 0.8218153 0.8536578 0.8404933 0.7679639 0.8404933 0.5947051 0.2162798 0.6815162 0.05928891 0.6048526 0.20802 0.6048526 0.20802 0.6815162 0.05928891 0.796379 0.02319455 0.796379 0.02319455 0.6815162 0.05928891 0.815811 0.01990705 0.976979 0.1444763 0.9836615 0.168682 0.796379 0.02319455 0.976979 0.1444763 0.796379 0.02319455 0.815811 0.01990705 0.3742613 0.4152068 0.1878378 0.425926 0.4948039 0.7777778 0.1878378 0.425926 0 0.4166666 0.04518479 0.8811558 0.1463422 0.8404934 0.128169 0.7337403 0.04518479 0.8811558 0.2074788 0.982117 0.3736082 0.880066 0.4948039 0.7777778 0.04518479 0.8811558 0.128169 0.7337403 0.1878378 0.425926 0.1878378 0.425926 0.128169 0.7337403 0.2320362 0.7150625 0.3742613 0.4152068 0.4948039 0.7777778 0.4907684 0.2166666 0.2502093 0.8218153 0.4948039 0.7777778 0.2320362 0.7150625 0.1878378 0.425926 0.2320362 0.7150625 0.4948039 0.7777778 0.1463422 0.8404934 0.04518479 0.8811558 0.2074788 0.982117 0.1463422 0.8404934 0.2074788 0.982117 0.2502093 0.8218153 0.4948039 0.7777778 0.2502093 0.8218153 0.2074788 0.982117 0.9836615 0.168682 0.976979 0.1444763 1 0.5833333 1 0.5833333 0.976979 0.1444763 1 0.4166666 1 0.5833333 1 0.4166666 0.9548152 0.8811559 0.9548152 0.8811559 1 0.4166666 0.9567911 0.8810935 0.8121622 0.425926 0.8363956 0.2247995 0.7967957 0.2341203 0.6815162 0.05928891 0.5947051 0.2162798 0.815811 0.01990705 0.8121622 0.425926 1 0.4166666 0.8363956 0.2247995 0.8363956 0.2247995 1 0.4166666 0.976979 0.1444763 0.8121622 0.425926 0.7967957 0.2341203 0.6244598 0.4132256 0.7967957 0.2341203 0.5947051 0.2162798 0.6244598 0.4132256 0.5947051 0.2162798 0.7967957 0.2341203 0.815811 0.01990705 0.815811 0.01990705 0.7967957 0.2341203 0.8133181 0.1959266 0.8363956 0.2247995 0.976979 0.1444763 0.8133181 0.1959266 0.8133181 0.1959266 0.976979 0.1444763 0.815811 0.01990705 0.8121622 0.4351854 1 0.4166666 0.8121622 0.425926 0.6242818 0.4143878 0.6244598 0.4132256 0.5947051 0.2162798 0.6242818 0.4143878 0.8121622 0.4351854 0.6244598 0.4132256 0.6244598 0.4132256 0.8121622 0.4351854 0.8121622 0.425926 0.6028355 0.8036213 0.6602084 0.6309079 0.8115898 0.5664529 0.8718311 0.7337405 1 0.5833333 0.9548152 0.8811559 0.8718311 0.7337405 0.9548152 0.8811559 0.8536578 0.8404933 1 0.5833333 0.8718311 0.7337405 0.8115898 0.5664529 0.8115898 0.5664529 0.8718311 0.7337405 0.7679637 0.7150624 0.7679637 0.7150624 0.6028355 0.8036213 0.8115898 0.5664529 0.8536578 0.8404933 0.9548152 0.8811559 0.7925212 0.982117 0.8536578 0.8404933 0.7925212 0.982117 0.7497908 0.8218153 0.6028355 0.8036213 0.7679637 0.7150624 0.7497908 0.8218153 0.6028355 0.8036213 0.7497908 0.8218153 0.7925212 0.982117 0.8114408 0.5657851 0.8115898 0.5664529 0.6443044 0.6536814 0.6443044 0.6536814 0.8115898 0.5664529 0.6602084 0.6309079 0.6028355 0.8036213 0.6443044 0.6536814 0.6602084 0.6309079 0.5955897 0.7691845 0.6443044 0.6536814 0.6028355 0.8036213 1 0.5833333 0.8115898 0.5664529 0.8114408 0.5657851 0.6048526 0.20802 0.5955897 0.7691845 0.6090979 0.211459 0.6551513 0.6318594 0.6090979 0.211459 0.5955897 0.7691845 0.6896653 0.2556439 0.6090979 0.211459 0.6551513 0.6318594 0.67852 0.1987885 0.6443044 0.6536814 0.6048526 0.20802 0.6048526 0.20802 0.6443044 0.6536814 0.5955897 0.7691845 0.6896653 0.2556439 0.67852 0.1987885 0.8112555 0.04868835 0.8112555 0.04868835 0.67852 0.1987885 0.7763401 0.09576058 0.8112555 0.04868835 0.7763401 0.09576058 0.9836615 0.168682 0.8112555 0.04868835 0.9836615 0.168682 0.9476872 0.2417297 0.9476872 0.2417297 0.9836615 0.168682 0.813941 0.3425903 0.9476872 0.2417297 0.813941 0.3425903 0.8063082 0.356413 0.8063082 0.356413 0.813941 0.3425903 0.6896653 0.2556439 0.6896653 0.2556439 0.813941 0.3425903 0.67852 0.1987885 0.6090979 0.211459 0.4910358 0.2166666 0.6048526 0.20802 0.6048526 0.20802 0.4910358 0.2166666 0.4052866 0.2162326 0.390808 0.2114244 0.5947051 0.2162798 0.395199 0.2078583 0.390808 0.2114244 0.4907684 0.2166666 0.5947051 0.2162798 0.5947051 0.2162798 0.6048526 0.20802 0.395199 0.2078583 0.395199 0.2078583 0.6048526 0.20802 0.4052866 0.2162326 0.5949245 0.2151226 0.4910358 0.2166666 0.6090979 0.211459 0.4050571 0.2150368 0.4907684 0.2166666 0.390808 0.2114244 0.1878378 0.425926 0 0.4166667 0.1878378 0.4351854 0.1878378 0.425926 0.1878378 0.4351854 0.3737641 0.4156686 0.3737641 0.4156686 0.1878378 0.4351854 0.3774067 0.4119248 0.3971645 0.8036213 0.3397917 0.6309079 0.1884102 0.5664529 0.1281689 0.7337406 0 0.5833333 0.04518485 0.8811558 0.1281689 0.7337406 0.04518485 0.8811558 0.1463422 0.8404933 0.2320363 0.7150624 0.3971645 0.8036213 0.1884102 0.5664529 0 0.5833333 0.1281689 0.7337406 0.1884102 0.5664529 0.1884102 0.5664529 0.1281689 0.7337406 0.2320363 0.7150624 0.3971645 0.8036213 0.2320363 0.7150624 0.2502092 0.8218152 0.3971645 0.8036213 0.2502092 0.8218152 0.2072204 0.9821872 0.2072204 0.9821872 0.2502092 0.8218152 0.1463422 0.8404933 0.2072204 0.9821872 0.1463422 0.8404933 0.04518485 0.8811558 0 0.5833333 0.1884102 0.5664529 0.1885592 0.5657854 0.3971645 0.8036213 0.4039763 0.7655037 0.3397917 0.6309079 0.3397917 0.6309079 0.4039763 0.7655037 0.3429141 0.6305412 0.3397917 0.6309079 0.3429141 0.6305412 0.1884102 0.5664529 0.1884102 0.5664529 0.3429141 0.6305412 0.1885592 0.5657854 0 0.5833333 0.05231285 0.2417298 0.1884101 0.5664529 0.1887446 0.04868841 0.3179636 0.05837506 0.3103347 0.2556439 0.3103347 0.2556439 0.3179636 0.05837506 0.390808 0.2114244 0.1936917 0.356413 0.3103347 0.2556439 0.3550881 0.6502111 0.05231285 0.2417298 0.06406003 0.08610439 0.1887446 0.04868841 0.05231285 0.2417298 0.1936917 0.356413 0.1884101 0.5664529 0.1936917 0.356413 0.3550881 0.6502111 0.1884101 0.5664529 0.04518479 0.8811558 0.04320895 0.8810935 0.2291258 0.9733498 0.04518479 0.8811558 0.2291258 0.9733498 0.2074788 0.982117 0.2074788 0.982117 0.2291258 0.9733498 0.3736082 0.880066 0.3736082 0.880066 0.2291258 0.9733498 0.4030343 0.7891785 0.3736082 0.880066 0.4030343 0.7891785 0.4948039 0.7777778 0.1463422 0.8404934 0.2320361 0.8404933 0.1281691 0.8218153 0.1463422 0.8404934 0.1281691 0.8218153 0.128169 0.7337403 0.128169 0.7337403 0.1281691 0.8218153 0.146342 0.7150624 0.128169 0.7337403 0.146342 0.7150624 0.2320362 0.7150625 0.2320362 0.7150625 0.146342 0.7150624 0.2502095 0.7337405 0.2320362 0.7150625 0.2502095 0.7337405 0.2502093 0.8218153 0.2502093 0.8218153 0.2502095 0.7337405 0.2320361 0.8404933 0.2502093 0.8218153 0.2320361 0.8404933 0.1463422 0.8404934 0.4050571 0.2150368 0.3179636 0.05837506 0.2368897 0.02510935 0.2368897 0.02510935 0.3179636 0.05837506 0.1887446 0.04868841 0.4050571 0.2150368 0.390808 0.2114244 0.3179636 0.05837506 0.2368897 0.02510935 0.1887446 0.04868841 0.05692821 0.1072992 0.05692821 0.1072992 0.1887446 0.04868841 0.06406003 0.08610439 0.05692821 0.1072992 0.06406003 0.08610439 0.05231285 0.2417298 0.05692821 0.1072992 0.05231285 0.2417298 0 0.4166666 0 0.4166666 0.05231285 0.2417298 0 0.5833333 0 0.4166666 0 0.5833333 0 0.4166666 0 0.4166666 0 0.5833333 0.04518479 0.8811558 0.04518479 0.8811558 0 0.5833333 0.04320895 0.8810935 0.3769578 0.4124355 0.4050571 0.2150368 0.1878378 0.4351854 0.2368897 0.02510935 0.05692821 0.1072992 0.1916966 0.1959266 0.1916966 0.1959266 0.05692821 0.1072992 0.1751741 0.2341203 0.1751741 0.2341203 0 0.4166666 0.1878378 0.4351854 0 0.4166666 0.1751741 0.2341203 0.05692821 0.1072992 0.2368897 0.02510935 0.1916966 0.1959266 0.4050571 0.2150368 0.4050571 0.2150368 0.1916966 0.1959266 0.214774 0.2247995 0.4050571 0.2150368 0.214774 0.2247995 0.1878378 0.4351854 0.1878378 0.4351854 0.214774 0.2247995 0.1751741 0.2341203 0 0.4166666 0.1878378 0.425926 0 0.4166666 0 0.4166666 0.1878378 0.425926 0.1878378 0.4351854 0.3742613 0.4152068 0.4907684 0.2166666 0.3769578 0.4124355 0.3769578 0.4124355 0.4907684 0.2166666 0.4050571 0.2150368 0.3769578 0.4124355 0.1878378 0.4351854 0.3742613 0.4152068 0.3742613 0.4152068 0.1878378 0.4351854 0.1878378 0.425926 0.2502095 0.7337405 0.32874 0.6294701 0.4030343 0.7891785 0.2502095 0.7337405 0.4030343 0.7891785 0.2320361 0.8404933 0.2320361 0.8404933 0.2291258 0.9733498 0.1281691 0.8218153 0.1878417 0.569462 0.32874 0.6294701 0.2502095 0.7337405 0 0.5833333 0.146342 0.7150624 0.04320895 0.8810935 0.2291258 0.9733498 0.2320361 0.8404933 0.4030343 0.7891785 0.1878417 0.569462 0.2502095 0.7337405 0.146342 0.7150624 0.1878417 0.569462 0.146342 0.7150624 0 0.5833333 0.04320895 0.8810935 0.146342 0.7150624 0.1281691 0.8218153 0.1281691 0.8218153 0.2291258 0.9733498 0.04320895 0.8810935 0.32874 0.6294701 0.3550881 0.6502111 0.4030343 0.7891785 0.4030343 0.7891785 0.3550881 0.6502111 0.4039763 0.7655037 0.1878417 0.569462 0.1884101 0.5664529 0.32874 0.6294701 0.32874 0.6294701 0.1884101 0.5664529 0.3550881 0.6502111 0.1878417 0.569462 0 0.5833333 0.1884101 0.5664529 0.3103347 0.2556439 0.390808 0.2114244 0.3550881 0.6502111 0.395199 0.2078583 0.4039763 0.7655037 0.390808 0.2114244 0.390808 0.2114244 0.4039763 0.7655037 0.3550881 0.6502111 0.395199 0.2078583 0.3429141 0.6305412 0.4039763 0.7655037 0.3215423 0.1988238 0.3429141 0.6305412 0.395199 0.2078583 0.3103347 0.2556439 0.3215423 0.1988238 0.1887446 0.04868841 0.1887446 0.04868841 0.3215423 0.1988238 0.2236599 0.09576058 0.1887446 0.04868841 0.2236599 0.09576058 0.0163384 0.168682 0.1887446 0.04868841 0.0163384 0.168682 0.05231285 0.2417298 0.05231285 0.2417298 0.0163384 0.168682 0.186059 0.3425903 0.05231285 0.2417298 0.186059 0.3425903 0.1936917 0.356413 0.1936917 0.356413 0.186059 0.3425903 0.3103347 0.2556439 0.3103347 0.2556439 0.186059 0.3425903 0.3215423 0.1988238 0 0.4166667 0.1878378 0.425926 0.05692827 0.8927007 0.5046647 0.7777778 0.3737645 0.4156684 0.4911361 0.2166666 0.1281688 0.821815 0.2320362 0.8404931 0.2252855 0.9763796 0.2252855 0.9763796 0.2320362 0.8404931 0.4039688 0.7846853 0.4039688 0.7846853 0.2320362 0.8404931 0.2502095 0.7337406 0.4039688 0.7846853 0.2502095 0.7337406 0.5046647 0.7777778 0.5046647 0.7777778 0.2502095 0.7337406 0.3737645 0.4156684 0.146342 0.7150624 0.1878378 0.425926 0.2502095 0.7337406 0.2502095 0.7337406 0.1878378 0.425926 0.3737645 0.4156684 0.146342 0.7150624 0.05692827 0.8927007 0.1878378 0.425926 0.1281688 0.821815 0.05692827 0.8927007 0.146342 0.7150624 0.1281688 0.821815 0.2252855 0.9763796 0.05692827 0.8927007 1 0.4166666 0.8121622 0.4351853 0.9430717 0.8927007 0.7679637 0.840493 0.7424929 0.7414048 0.5960312 0.7846853 0.7424929 0.7414048 0.5097457 0.2166666 0.494803 0.7777778 0.7424929 0.7414048 0.494803 0.7777778 0.5960312 0.7846853 0.8432922 0.712194 0.6242813 0.4143877 0.7424929 0.7414048 0.7424929 0.7414048 0.6242813 0.4143877 0.5097457 0.2166666 0.8432922 0.712194 0.9430717 0.8927007 0.8121622 0.4351853 0.8432922 0.712194 0.8121622 0.4351853 0.6242813 0.4143877 0.8718311 0.821815 0.7679637 0.840493 0.7747145 0.9763796 0.7747145 0.9763796 0.7679637 0.840493 0.5960312 0.7846853 0.9430717 0.8927007 0.8718311 0.821815 0.7747145 0.9763796 0.9430717 0.8927007 0.8432922 0.712194 0.8718311 0.821815 0.2236602 0.09576076 0.2037864 0.02316963 0.01633858 0.1686819 0.321542 0.1988236 0.395199 0.2078587 0.2236602 0.09576076 0.2236602 0.09576076 0.395199 0.2078587 0.2037864 0.02316963 0.3429138 0.630541 0.321542 0.1988236 0.1860591 0.3425903 0.1860591 0.3425903 0.188559 0.5657853 0.3429138 0.630541 0.1860591 0.3425903 0.01633858 0.1686819 0.188559 0.5657853 0.188559 0.5657853 0.01633858 0.1686819 0 0.5833333 0.1878378 0.4351853 0.1636044 0.2247996 0.2032043 0.2341203 0.1838732 0.01982164 0.3184839 0.05928903 0.4052973 0.2163318 0.4052973 0.2163318 0.377407 0.4119246 0.2032043 0.2341203 0.1878378 0.4351853 0.2032043 0.2341203 0.377407 0.4119246 0.1878378 0.4351853 0 0.4166667 0.1636044 0.2247996 0.1636044 0.2247996 0 0.4166667 0.02302086 0.1444765 0.4052973 0.2163318 0.2032043 0.2341203 0.1838732 0.01982164 0.1838732 0.01982164 0.2032043 0.2341203 0.1866816 0.1959268 0.1636044 0.2247996 0.02302086 0.1444765 0.1866816 0.1959268 0.1866816 0.1959268 0.02302086 0.1444765 0.1838732 0.01982164 0.3737645 0.4156684 0.377407 0.4119246 0.4911361 0.2166666 0.4911361 0.2166666 0.377407 0.4119246 0.4052973 0.2163318 0.05692827 0.8927007 0.02302122 0.8555242 0 0.4166667 0 0.4166667 0.02302122 0.8555242 0 0.5833333 0 0.4166667 0 0.5833333 0.02302086 0.1444765 0.02302086 0.1444765 0 0.5833333 0.01633858 0.1686819 0.2252855 0.9763796 0.2035457 0.9808305 0.05692827 0.8927007 0.05692827 0.8927007 0.2035457 0.9808305 0.02302122 0.8555242 0.4039688 0.7846853 0.3971646 0.8036213 0.2252855 0.9763796 0.2252855 0.9763796 0.3971646 0.8036213 0.2035457 0.9808305 0.2320362 0.8404931 0.146342 0.8404929 0.2502095 0.821815 0.2320362 0.8404931 0.2502095 0.821815 0.2502095 0.7337406 0.2502095 0.7337406 0.2502095 0.821815 0.2320364 0.7150625 0.2502095 0.7337406 0.2320364 0.7150625 0.146342 0.7150624 0.146342 0.7150624 0.2320364 0.7150625 0.1281688 0.7337406 0.146342 0.7150624 0.1281688 0.7337406 0.1281688 0.821815 0.1281688 0.821815 0.1281688 0.7337406 0.146342 0.8404929 0.1281688 0.821815 0.146342 0.8404929 0.2320362 0.8404931 0.6257386 0.4152067 0.8121622 0.425926 0.5046647 0.7777778 0.8121622 0.425926 1 0.4166666 0.9769788 0.8555242 0.853658 0.840493 0.8718311 0.7337406 0.9769788 0.8555242 0.8121622 0.425926 0.8718311 0.7337406 0.7679636 0.7150624 0.6257386 0.4152067 0.5046647 0.7777778 0.4911361 0.2166666 0.6257386 0.4152067 0.4911361 0.2166666 0.5949235 0.2151276 0.7962134 0.9807651 0.6263917 0.8800658 0.5046647 0.7777778 0.9769788 0.8555242 0.8718311 0.7337406 0.8121622 0.425926 0.7679636 0.7150624 0.7497904 0.821815 0.5046647 0.7777778 0.853658 0.840493 0.7962134 0.9807651 0.7497904 0.821815 0.8121622 0.425926 0.7679636 0.7150624 0.5046647 0.7777778 0.5046647 0.7777778 0.7497904 0.821815 0.7962134 0.9807651 0.853658 0.840493 0.9769788 0.8555242 0.7962134 0.9807651 0.02302086 0.1444765 0.01633858 0.1686819 0.2037864 0.02316963 0.02302086 0.1444765 0.2037864 0.02316963 0.1838732 0.01982164 0.4052973 0.2163318 0.3184839 0.05928903 0.395199 0.2078587 0.395199 0.2078587 0.3184839 0.05928903 0.2037864 0.02316963 0.2037864 0.02316963 0.3184839 0.05928903 0.1838732 0.01982164 0.2032043 0.2341203 0.175174 0.2341203 0.2147738 0.2247996 0.2032043 0.2341203 0.2147738 0.2247996 0.1916967 0.1959267 0.2032043 0.2341203 0.1916967 0.1959267 0.1866816 0.1959268 0.1866816 0.1959268 0.1916967 0.1959267 0.175174 0.2341203 0.1866816 0.1959268 0.175174 0.2341203 0.1636044 0.2247996 0.1636044 0.2247996 0.175174 0.2341203 0.2032043 0.2341203 1 0.5166329 0.947687 0.2417299 0.81159 0.566453 0.6820363 0.05837512 0.6090071 0.2114917 0.7146387 0.1421232 0.7146387 0.1421232 0.8248674 0.03545534 0.6820363 0.05837512 0.6551519 0.6318589 0.7528746 0.3267284 0.7146387 0.1421232 0.947687 0.2417299 0.9359399 0.08610445 0.8248674 0.03545534 0.947687 0.2417299 0.7528746 0.3267284 0.81159 0.566453 0.81159 0.566453 0.7528746 0.3267284 0.6551519 0.6318589 0.6785202 0.1987888 0.6049134 0.2079355 0.7763399 0.09576076 0.7763399 0.09576076 0.6049134 0.2079355 0.796379 0.02319443 0.7763399 0.09576076 0.796379 0.02319443 0.9836614 0.1686819 0.6443046 0.6536814 0.6785202 0.1987888 0.8139409 0.3425903 0.8139409 0.3425903 0.811441 0.5657853 0.6443046 0.6536814 0.8139409 0.3425903 0.9836614 0.1686819 0.811441 0.5657853 0.811441 0.5657853 0.9836614 0.1686819 1 0.5833333 0.9769788 0.8555242 0.9430717 0.8927007 0.7962134 0.9807651 0.7962134 0.9807651 0.9430717 0.8927007 0.7747145 0.9763796 0.7962134 0.9807651 0.7747145 0.9763796 0.6263917 0.8800658 0.6263917 0.8800658 0.7747145 0.9763796 0.5969657 0.7891787 0.6263917 0.8800658 0.5969657 0.7891787 0.5046647 0.7777778 0.853658 0.840493 0.7679637 0.840493 0.8718312 0.8218151 0.853658 0.840493 0.8718312 0.8218151 0.8718311 0.7337406 0.8718311 0.7337406 0.8718312 0.8218151 0.8536581 0.7150625 0.8718311 0.7337406 0.8536581 0.7150625 0.7679636 0.7150624 0.7679636 0.7150624 0.8536581 0.7150625 0.7497906 0.7337406 0.7679636 0.7150624 0.7497906 0.7337406 0.7497904 0.821815 0.7497904 0.821815 0.7497906 0.7337406 0.7679637 0.840493 0.7497904 0.821815 0.7679637 0.840493 0.853658 0.840493 0.5949235 0.2151276 0.6820363 0.05837512 0.7631105 0.02510929 0.7631105 0.02510929 0.6820363 0.05837512 0.8248674 0.03545534 0.5949235 0.2151276 0.6090071 0.2114917 0.6820363 0.05837512 0.7631105 0.02510929 0.8248674 0.03545534 0.9430717 0.1072992 0.9430717 0.1072992 0.8248674 0.03545534 0.9359399 0.08610445 0.9430717 0.1072992 0.9359399 0.08610445 0.947687 0.2417299 0.8248259 0.2341203 0.7967957 0.2341203 0.8363955 0.2247996 0.8248259 0.2341203 0.8363955 0.2247996 0.8133184 0.1959268 0.8248259 0.2341203 0.8133184 0.1959268 0.8083032 0.1959268 0.8083032 0.1959268 0.8133184 0.1959268 0.7967957 0.2341203 0.8083032 0.1959268 0.7967957 0.2341203 0.7852261 0.2247996 0.7852261 0.2247996 0.7967957 0.2341203 0.8248259 0.2341203 0.5960312 0.7846853 0.494803 0.7777778 0.6028354 0.8036213 0.6028354 0.8036213 0.494803 0.7777778 0.5955897 0.7691847 0.3971646 0.8036213 0.5046647 0.7777778 0.4039763 0.7655037 0.494803 0.7777778 0.4030343 0.7891787 0.4039763 0.7655037 0.494803 0.7777778 0.4039763 0.7655037 0.5046647 0.7777778 0.494803 0.7777778 0.5046647 0.7777778 0.5955897 0.7691847 0.5955897 0.7691847 0.5046647 0.7777778 0.5969657 0.7891787 0.4039688 0.7846853 0.5046647 0.7777778 0.3971646 0.8036213 0.9430717 0.1072992 0.947687 0.2417299 1 0.5166329 1 0.4166666 1 0.5166329 0.9769788 0.8555242 0.9769788 0.8555242 1 0.5166329 0.9430717 0.8927007 0.5949235 0.2151276 0.8121622 0.4351853 0.6230421 0.4124356 0.8121622 0.4351853 0.8248259 0.2341203 1 0.5166329 1 0.5166329 0.8248259 0.2341203 0.9430717 0.1072992 0.7631105 0.02510929 0.9430717 0.1072992 0.8083032 0.1959268 0.8083032 0.1959268 0.9430717 0.1072992 0.8248259 0.2341203 0.7631105 0.02510929 0.8083032 0.1959268 0.5949235 0.2151276 0.5949235 0.2151276 0.8083032 0.1959268 0.7852261 0.2247996 0.5949235 0.2151276 0.7852261 0.2247996 0.8121622 0.4351853 0.8121622 0.4351853 0.7852261 0.2247996 0.8248259 0.2341203 1 0.4166666 0.8121622 0.425926 1 0.5166329 1 0.5166329 0.8121622 0.425926 0.8121622 0.4351853 0.6257386 0.4152067 0.5949235 0.2151276 0.6230421 0.4124356 0.6230421 0.4124356 0.8121622 0.4351853 0.6257386 0.4152067 0.6257386 0.4152067 0.8121622 0.4351853 0.8121622 0.425926 0.7679637 0.840493 0.5969657 0.7891787 0.7747145 0.9763796 0.8718312 0.8218151 0.7679637 0.840493 0.7747145 0.9763796 0.7497906 0.7337406 0.6712605 0.6294694 0.5969657 0.7891787 0.7497906 0.7337406 0.5969657 0.7891787 0.7679637 0.840493 0.7497906 0.7337406 0.8121584 0.5694621 0.6712605 0.6294694 0.8121584 0.5694621 0.7497906 0.7337406 0.8536581 0.7150625 0.8121584 0.5694621 0.8536581 0.7150625 1 0.5166329 1 0.5166329 0.8536581 0.7150625 0.9430717 0.8927007 0.8718312 0.8218151 0.9430717 0.8927007 0.8536581 0.7150625 0.7747145 0.9763796 0.9430717 0.8927007 0.8718312 0.8218151 0.6712605 0.6294694 0.5955897 0.7691847 0.5969657 0.7891787 0.6712605 0.6294694 0.6551519 0.6318589 0.5955897 0.7691847 0.8121584 0.5694621 0.81159 0.566453 0.6712605 0.6294694 0.6712605 0.6294694 0.81159 0.566453 0.6551519 0.6318589 0.8121584 0.5694621 1 0.5166329 0.81159 0.566453 0.7747145 0.9763796 0.7962133 0.9807651 0.9430717 0.8927007 0.9430717 0.8927007 0.7962133 0.9807651 0.9769788 0.8555242 0.5960312 0.7846853 0.6028354 0.8036213 0.7747145 0.9763796 0.7747145 0.9763796 0.6028354 0.8036213 0.7962133 0.9807651 0.7679637 0.840493 0.853658 0.840493 0.7497904 0.821815 0.7679637 0.840493 0.7497904 0.821815 0.7424929 0.7414048 0.7424929 0.7414048 0.7497904 0.821815 0.7679635 0.7150625 0.7424929 0.7414048 0.7679635 0.7150625 0.8432922 0.712194 0.8432922 0.712194 0.7679635 0.7150625 0.8718311 0.7337406 0.8432922 0.712194 0.8718311 0.7337406 0.8718311 0.821815 0.8718311 0.821815 0.8718311 0.7337406 0.853658 0.840493 0.8718311 0.821815 0.853658 0.840493 0.7679637 0.840493 0.5947116 0.2162574 0.6815161 0.05928903 0.6049134 0.2079355 0.6049134 0.2079355 0.6815161 0.05928903 0.796379 0.02319443 0.796379 0.02319443 0.6815161 0.05928903 0.8158109 0.01990699 0.9769791 0.1444765 0.9836614 0.1686819 0.796379 0.02319443 0.9769791 0.1444765 0.796379 0.02319443 0.8158109 0.01990699 0.3742614 0.4152067 0.1878378 0.425926 0.494803 0.7777778 0.1878378 0.425926 0 0.4166666 0.02302116 0.8555241 0.146342 0.840493 0.1281688 0.7337406 0.02302116 0.8555241 0.494803 0.7777778 0.2037866 0.9807651 0.3736083 0.8800657 0.3742614 0.4152067 0.494803 0.7777778 0.5097457 0.2166666 0.3742614 0.4152067 0.5097457 0.2166666 0.4050765 0.2151276 0.02302116 0.8555241 0.1281688 0.7337406 0.1878378 0.425926 0.1878378 0.425926 0.1281688 0.7337406 0.2320364 0.7150624 0.2320364 0.7150624 0.2502095 0.821815 0.494803 0.7777778 0.2037866 0.9807651 0.2502095 0.821815 0.146342 0.840493 0.1878378 0.425926 0.2320364 0.7150624 0.494803 0.7777778 0.2037866 0.9807651 0.494803 0.7777778 0.2502095 0.821815 0.146342 0.840493 0.02302116 0.8555241 0.2037866 0.9807651 0.9836614 0.1686819 0.9769791 0.1444765 1 0.5833333 1 0.5833333 0.9769791 0.1444765 1 0.4166666 1 0.5833333 1 0.4166666 0.9769788 0.8555242 0.9769788 0.8555242 1 0.4166666 0.9430717 0.8927007 0.8121622 0.425926 0.8363955 0.2247996 0.7967957 0.2341203 0.6815161 0.05928903 0.5947116 0.2162574 0.8158109 0.01990699 0.5947116 0.2162574 0.7967957 0.2341203 0.8158109 0.01990699 0.8158109 0.01990699 0.7967957 0.2341203 0.8133184 0.1959268 0.8121622 0.425926 1 0.4166666 0.8363955 0.2247996 0.8363955 0.2247996 1 0.4166666 0.9769791 0.1444765 0.8121622 0.425926 0.7967957 0.2341203 0.6244593 0.4132255 0.5947116 0.2162574 0.6244593 0.4132255 0.7967957 0.2341203 0.8363955 0.2247996 0.9769791 0.1444765 0.8133184 0.1959268 0.8133184 0.1959268 0.9769791 0.1444765 0.8158109 0.01990699 0.8121622 0.4351853 1 0.4166666 0.8121622 0.425926 0.6242813 0.4143877 0.6244593 0.4132255 0.5097457 0.2166666 0.5097457 0.2166666 0.6244593 0.4132255 0.5947116 0.2162574 0.6242813 0.4143877 0.8121622 0.4351853 0.6244593 0.4132255 0.6244593 0.4132255 0.8121622 0.4351853 0.8121622 0.425926 0.81159 0.566453 0.6028354 0.8036213 0.6602088 0.6309077 1 0.5833333 0.8718311 0.7337406 0.81159 0.566453 0.81159 0.566453 0.8718311 0.7337406 0.7679635 0.7150625 0.853658 0.840493 0.7962133 0.9807651 0.7497904 0.821815 0.853658 0.840493 0.8718311 0.7337406 0.9769788 0.8555242 0.9769788 0.8555242 0.8718311 0.7337406 1 0.5833333 0.7679635 0.7150625 0.7497904 0.821815 0.6028354 0.8036213 0.853658 0.840493 0.9769788 0.8555242 0.7962133 0.9807651 0.81159 0.566453 0.7679635 0.7150625 0.6028354 0.8036213 0.6028354 0.8036213 0.7497904 0.821815 0.7962133 0.9807651 0.811441 0.5657853 0.81159 0.566453 0.6443046 0.6536814 0.6443046 0.6536814 0.81159 0.566453 0.6602088 0.6309077 0.6028354 0.8036213 0.6443046 0.6536814 0.6602088 0.6309077 0.5955897 0.7691847 0.6443046 0.6536814 0.6028354 0.8036213 1 0.5833333 0.81159 0.566453 0.811441 0.5657853 0.6049134 0.2079355 0.5955897 0.7691847 0.6090071 0.2114917 0.6551519 0.6318589 0.6090071 0.2114917 0.5955897 0.7691847 0.7146387 0.1421232 0.6090071 0.2114917 0.6551519 0.6318589 0.6785202 0.1987888 0.6443046 0.6536814 0.6049134 0.2079355 0.6049134 0.2079355 0.6443046 0.6536814 0.5955897 0.7691847 0.7146387 0.1421232 0.6785202 0.1987888 0.7763399 0.09576076 0.7146387 0.1421232 0.7763399 0.09576076 0.8248674 0.03545534 0.8248674 0.03545534 0.7763399 0.09576076 0.9836614 0.1686819 0.8248674 0.03545534 0.9836614 0.1686819 0.947687 0.2417299 0.947687 0.2417299 0.9836614 0.1686819 0.8139409 0.3425903 0.947687 0.2417299 0.8139409 0.3425903 0.7528746 0.3267284 0.7528746 0.3267284 0.8139409 0.3425903 0.6785202 0.1987888 0.7528746 0.3267284 0.6785202 0.1987888 0.7146387 0.1421232 0.395199 0.2078587 0.3908098 0.2114247 0.5097457 0.2166666 0.5097457 0.2166666 0.5947116 0.2162574 0.395199 0.2078587 0.395199 0.2078587 0.5947116 0.2162574 0.6049134 0.2079355 0.395199 0.2078587 0.6049134 0.2079355 0.4052973 0.2163318 0.4052973 0.2163318 0.6049134 0.2079355 0.6090071 0.2114917 0.4052973 0.2163318 0.6090071 0.2114917 0.4911361 0.2166666 0.5949235 0.2151276 0.4911361 0.2166666 0.6090071 0.2114917 0.4050765 0.2151276 0.5097457 0.2166666 0.3908098 0.2114247 0.1878378 0.425926 0 0.4166667 0.1878378 0.4351853 0.1878378 0.425926 0.1878378 0.4351853 0.3737645 0.4156684 0.3737645 0.4156684 0.1878378 0.4351853 0.377407 0.4119246 0.1884101 0.566453 0.3971646 0.8036213 0.3397912 0.6309077 0 0.5833333 0.1281688 0.7337406 0.1884101 0.566453 0.1884101 0.566453 0.1281688 0.7337406 0.2320364 0.7150625 0.146342 0.8404929 0.1281688 0.7337406 0.02302122 0.8555242 0.02302122 0.8555242 0.1281688 0.7337406 0 0.5833333 0.146342 0.8404929 0.2035457 0.9808305 0.2502095 0.821815 0.2320364 0.7150625 0.2502095 0.821815 0.3971646 0.8036213 0.146342 0.8404929 0.02302122 0.8555242 0.2035457 0.9808305 0.1884101 0.566453 0.2320364 0.7150625 0.3971646 0.8036213 0.3971646 0.8036213 0.2502095 0.821815 0.2035457 0.9808305 0 0.5833333 0.1884101 0.566453 0.188559 0.5657853 0.3971646 0.8036213 0.4039763 0.7655037 0.3397912 0.6309077 0.3397912 0.6309077 0.4039763 0.7655037 0.3429138 0.630541 0.3397912 0.6309077 0.3429138 0.630541 0.1884101 0.566453 0.1884101 0.566453 0.3429138 0.630541 0.188559 0.5657853 0 0.5166329 0.05231297 0.2417299 0.1884101 0.566453 0.2853614 0.1421232 0.3179637 0.05837512 0.3908098 0.2114247 0.2853614 0.1421232 0.1751326 0.0354554 0.3179637 0.05837512 0.3550879 0.6502111 0.2471254 0.3267284 0.2853614 0.1421232 0.05231297 0.2417299 0.2471254 0.3267284 0.1884101 0.566453 0.1884101 0.566453 0.2471254 0.3267284 0.3550879 0.6502111 0.06406003 0.08610445 0.1751326 0.0354554 0.05231297 0.2417299 0.02302116 0.8555241 0.05692827 0.8927007 0.2037866 0.9807651 0.2037866 0.9807651 0.05692827 0.8927007 0.2252855 0.9763796 0.2037866 0.9807651 0.2252855 0.9763796 0.3736083 0.8800657 0.3736083 0.8800657 0.2252855 0.9763796 0.4030343 0.7891787 0.3736083 0.8800657 0.4030343 0.7891787 0.494803 0.7777778 0.146342 0.840493 0.2320362 0.8404931 0.1281688 0.8218151 0.146342 0.840493 0.1281688 0.8218151 0.1281688 0.7337406 0.1281688 0.7337406 0.1281688 0.8218151 0.1463419 0.7150625 0.1281688 0.7337406 0.1463419 0.7150625 0.2320364 0.7150624 0.2320364 0.7150624 0.1463419 0.7150625 0.2502095 0.7337406 0.2320364 0.7150624 0.2502095 0.7337406 0.2502095 0.821815 0.2502095 0.821815 0.2502095 0.7337406 0.2320362 0.8404931 0.2502095 0.821815 0.2320362 0.8404931 0.146342 0.840493 0.4050765 0.2151276 0.3179637 0.05837512 0.2368895 0.02510929 0.2368895 0.02510929 0.3179637 0.05837512 0.1751326 0.0354554 0.4050765 0.2151276 0.3908098 0.2114247 0.3179637 0.05837512 0.2368895 0.02510929 0.1751326 0.0354554 0.05692827 0.1072992 0.05692827 0.1072992 0.1751326 0.0354554 0.06406003 0.08610445 0.05692827 0.1072992 0.06406003 0.08610445 0.05231297 0.2417299 0.05692827 0.1072992 0.05231297 0.2417299 0 0.5166329 0 0.4166666 0 0.5166329 0.02302116 0.8555241 0.02302116 0.8555241 0 0.5166329 0.05692827 0.8927007 0.1878378 0.4351853 0.2147738 0.2247996 0.175174 0.2341203 0.1878378 0.4351853 0.175174 0.2341203 0 0.5166329 0.2368895 0.02510929 0.05692827 0.1072992 0.1916967 0.1959267 0.1916967 0.1959267 0.05692827 0.1072992 0.175174 0.2341203 0.4050765 0.2151276 0.2147738 0.2247996 0.1878378 0.4351853 0.4050765 0.2151276 0.1878378 0.4351853 0.3769578 0.4124355 0 0.5166329 0.175174 0.2341203 0.05692827 0.1072992 0.2368895 0.02510929 0.1916967 0.1959267 0.4050765 0.2151276 0.4050765 0.2151276 0.1916967 0.1959267 0.2147738 0.2247996 0 0.4166666 0.1878378 0.425926 0 0.5166329 0 0.5166329 0.1878378 0.425926 0.1878378 0.4351853 0.3742614 0.4152067 0.4050765 0.2151276 0.3769578 0.4124355 0.3769578 0.4124355 0.1878378 0.4351853 0.3742614 0.4152067 0.3742614 0.4152067 0.1878378 0.4351853 0.1878378 0.425926 0.2502095 0.7337406 0.3287395 0.6294694 0.4030343 0.7891787 0.2502095 0.7337406 0.4030343 0.7891787 0.2320362 0.8404931 0.2320362 0.8404931 0.2252855 0.9763796 0.1281688 0.8218151 0.2502095 0.7337406 0.1878417 0.5694621 0.3287395 0.6294694 0.1878417 0.5694621 0.2502095 0.7337406 0.1463419 0.7150625 0.1878417 0.5694621 0.1463419 0.7150625 0 0.5166329 0.2252855 0.9763796 0.2320362 0.8404931 0.4030343 0.7891787 0 0.5166329 0.1463419 0.7150625 0.05692827 0.8927007 0.05692827 0.8927007 0.1463419 0.7150625 0.1281688 0.8218151 0.2252855 0.9763796 0.05692827 0.8927007 0.1281688 0.8218151 0.3287395 0.6294694 0.3550879 0.6502111 0.4030343 0.7891787 0.4030343 0.7891787 0.3550879 0.6502111 0.4039763 0.7655037 0.1878417 0.5694621 0.1884101 0.566453 0.3287395 0.6294694 0.3287395 0.6294694 0.1884101 0.566453 0.3550879 0.6502111 0.1878417 0.5694621 0 0.5166329 0.1884101 0.566453 0.2853614 0.1421232 0.3908098 0.2114247 0.3550879 0.6502111 0.395199 0.2078587 0.4039763 0.7655037 0.3908098 0.2114247 0.3908098 0.2114247 0.4039763 0.7655037 0.3550879 0.6502111 0.395199 0.2078587 0.3429138 0.630541 0.4039763 0.7655037 0.321542 0.1988236 0.3429138 0.630541 0.395199 0.2078587 0.2853614 0.1421232 0.321542 0.1988236 0.2236602 0.09576076 0.2853614 0.1421232 0.2236602 0.09576076 0.1751326 0.0354554 0.1751326 0.0354554 0.2236602 0.09576076 0.01633858 0.1686819 0.1751326 0.0354554 0.01633858 0.1686819 0.05231297 0.2417299 0.05231297 0.2417299 0.01633858 0.1686819 0.1860591 0.3425903 0.05231297 0.2417299 0.1860591 0.3425903 0.2471254 0.3267284 0.2471254 0.3267284 0.1860591 0.3425903 0.321542 0.1988236 0.2471254 0.3267284 0.321542 0.1988236 0.2853614 0.1421232 0 0.4166667 0.1878378 0.4259259 0.05692821 0.8927007 0.5050265 0.7777777 0.3737645 0.4156683 0.5093683 0.2166666 0.5093683 0.2166666 0.3737645 0.4156683 0.4053056 0.2163575 0.1281688 0.8218149 0.2320363 0.8404932 0.2252856 0.9763796 0.2252856 0.9763796 0.2320363 0.8404932 0.4039688 0.7846851 0.4039688 0.7846851 0.2320363 0.8404932 0.2502093 0.7337406 0.4039688 0.7846851 0.2502093 0.7337406 0.5050265 0.7777777 0.5050265 0.7777777 0.2502093 0.7337406 0.3737645 0.4156683 0.1463422 0.7150625 0.1878378 0.4259259 0.2502093 0.7337406 0.2502093 0.7337406 0.1878378 0.4259259 0.3737645 0.4156683 0.1463422 0.7150625 0.05692821 0.8927007 0.1878378 0.4259259 0.1281688 0.8218149 0.05692821 0.8927007 0.1463422 0.7150625 0.1281688 0.8218149 0.2252856 0.9763796 0.05692821 0.8927007 1 0.4166666 0.8121622 0.4351853 0.9430718 0.8927007 0.6242812 0.4143876 0.5947025 0.2162889 0.4908335 0.2166666 0.7679637 0.8404932 0.7424929 0.741405 0.5960312 0.7846851 0.7424929 0.741405 0.4908335 0.2166666 0.494803 0.7777778 0.7424929 0.741405 0.494803 0.7777778 0.5960312 0.7846851 0.8432923 0.7121941 0.6242812 0.4143876 0.7424929 0.741405 0.7424929 0.741405 0.6242812 0.4143876 0.4908335 0.2166666 0.8432923 0.7121941 0.9430718 0.8927007 0.8121622 0.4351853 0.8432923 0.7121941 0.8121622 0.4351853 0.6242812 0.4143876 0.8718312 0.8218149 0.7679637 0.8404932 0.7747144 0.9763795 0.7747144 0.9763795 0.7679637 0.8404932 0.5960312 0.7846851 0.9430718 0.8927007 0.8432923 0.7121941 0.8718312 0.8218149 0.8718312 0.8218149 0.7747144 0.9763795 0.9430718 0.8927007 0.01633858 0.1686818 0.2236601 0.09576058 0.2037864 0.02316969 0.321617 0.198723 0.3951079 0.208251 0.2037864 0.02316969 0.321617 0.198723 0.2037864 0.02316969 0.2236601 0.09576058 0.3429141 0.6305413 0.321617 0.198723 0.186059 0.3425903 0.186059 0.3425903 0.1885591 0.5657855 0.3429141 0.6305413 0.186059 0.3425903 0.01633858 0.1686818 0.1885591 0.5657855 0.1885591 0.5657855 0.01633858 0.1686818 0 0.5833333 0.1878378 0.4351853 0.175174 0.2103242 0.1916967 0.2485178 0.4053056 0.2163575 0.3774072 0.4119245 0.2147738 0.219645 0.2147738 0.219645 0.3774072 0.4119245 0.1916967 0.2485178 0.1878378 0.4351853 0.1916967 0.2485178 0.3774072 0.4119245 0.1838733 0.0198217 0.3184838 0.05928897 0.4053056 0.2163575 0.1878378 0.4351853 0 0.4166667 0.175174 0.2103242 0.175174 0.2103242 0 0.4166667 0.02302098 0.1444763 0.4053056 0.2163575 0.2147738 0.219645 0.1838733 0.0198217 0.1838733 0.0198217 0.2147738 0.219645 0.175174 0.2103242 0.175174 0.2103242 0.02302098 0.1444763 0.1838733 0.0198217 0.3737645 0.4156683 0.3774072 0.4119245 0.4053056 0.2163575 0.05692821 0.8927007 0.02302092 0.8555237 0 0.4166667 0 0.4166667 0.02302092 0.8555237 0 0.5833333 0 0.4166667 0 0.5833333 0.02302098 0.1444763 0.02302098 0.1444763 0 0.5833333 0.01633858 0.1686818 0.2252856 0.9763796 0.2035457 0.9808304 0.05692821 0.8927007 0.05692821 0.8927007 0.2035457 0.9808304 0.02302092 0.8555237 0.4039688 0.7846851 0.3957297 0.8080108 0.2252856 0.9763796 0.2252856 0.9763796 0.3957297 0.8080108 0.2035457 0.9808304 0.2320363 0.8404932 0.146342 0.8404931 0.2502094 0.821815 0.2320363 0.8404932 0.2502094 0.821815 0.2502093 0.7337406 0.2502093 0.7337406 0.2502094 0.821815 0.2320361 0.7150625 0.2502093 0.7337406 0.2320361 0.7150625 0.1463422 0.7150625 0.1463422 0.7150625 0.2320361 0.7150625 0.128169 0.7337406 0.1463422 0.7150625 0.128169 0.7337406 0.1281688 0.8218149 0.1281688 0.8218149 0.128169 0.7337406 0.146342 0.8404931 0.1281688 0.8218149 0.146342 0.8404931 0.2320363 0.8404932 0.6257385 0.4152066 0.8121622 0.4259259 0.5050265 0.7777777 0.8121622 0.4259259 1 0.4166666 0.9769791 0.8555237 0.853658 0.8404932 0.8718311 0.7337406 0.9769791 0.8555237 0.6263916 0.8800658 0.5050265 0.7777777 0.7962133 0.980765 0.8121622 0.4259259 0.8718311 0.7337406 0.7679638 0.7150625 0.6257385 0.4152066 0.5050265 0.7777777 0.5093683 0.2166666 0.9769791 0.8555237 0.8718311 0.7337406 0.8121622 0.4259259 0.7679638 0.7150625 0.7497904 0.821815 0.5050265 0.7777777 0.853658 0.8404932 0.7962133 0.980765 0.7497904 0.821815 0.8121622 0.4259259 0.7679638 0.7150625 0.5050265 0.7777777 0.5050265 0.7777777 0.7497904 0.821815 0.7962133 0.980765 0.853658 0.8404932 0.9769791 0.8555237 0.7962133 0.980765 0.02302098 0.1444763 0.01633858 0.1686818 0.2037864 0.02316969 0.02302098 0.1444763 0.2037864 0.02316969 0.1838733 0.0198217 0.4053056 0.2163575 0.3184838 0.05928897 0.3951079 0.208251 0.3951079 0.208251 0.3184838 0.05928897 0.2037864 0.02316969 0.2037864 0.02316969 0.3184838 0.05928897 0.1838733 0.0198217 0.1916967 0.2485178 0.1866816 0.2485177 0.2032043 0.2103243 0.1916967 0.2485178 0.2032043 0.2103243 0.2147738 0.219645 0.2147738 0.219645 0.2032043 0.2103243 0.175174 0.2103242 0.175174 0.2103242 0.2032043 0.2103243 0.1636044 0.219645 0.175174 0.2103242 0.1636044 0.219645 0.1866816 0.2485177 0.175174 0.2103242 0.1866816 0.2485177 0.1916967 0.2485178 1 0.5166329 0.947687 0.2417298 0.8115899 0.5664529 0.6820363 0.05837506 0.6091725 0.2114429 0.7177467 0.1440339 0.7177467 0.1440339 0.8248674 0.03545534 0.6820363 0.05837506 0.6551515 0.6318593 0.7528746 0.3267282 0.7177467 0.1440339 0.947687 0.2417298 0.9359402 0.08610457 0.8248674 0.03545534 0.947687 0.2417298 0.7528746 0.3267282 0.8115899 0.5664529 0.8115899 0.5664529 0.7528746 0.3267282 0.6551515 0.6318593 0.9836614 0.1686818 0.7763398 0.09576058 0.796379 0.02319455 0.6784437 0.1986856 0.6050067 0.2083382 0.796379 0.02319455 0.6784437 0.1986856 0.796379 0.02319455 0.7763398 0.09576058 0.813941 0.3425902 0.9836614 0.1686818 0.811441 0.5657855 0.811441 0.5657855 0.9836614 0.1686818 1 0.5833333 0.6443044 0.6536816 0.6784437 0.1986856 0.813941 0.3425902 0.813941 0.3425902 0.811441 0.5657855 0.6443044 0.6536816 0.9769791 0.8555237 0.9430717 0.8927007 0.7962133 0.980765 0.7962133 0.980765 0.9430717 0.8927007 0.7747144 0.9763795 0.7962133 0.980765 0.7747144 0.9763795 0.6263916 0.8800658 0.6263916 0.8800658 0.7747144 0.9763795 0.596439 0.7866459 0.6263916 0.8800658 0.596439 0.7866459 0.5050265 0.7777777 0.853658 0.8404932 0.7679637 0.8404932 0.8718309 0.821815 0.853658 0.8404932 0.8718309 0.821815 0.8718311 0.7337406 0.8718311 0.7337406 0.8718309 0.821815 0.8536577 0.7150625 0.8718311 0.7337406 0.8536577 0.7150625 0.7679638 0.7150625 0.7679638 0.7150625 0.8536577 0.7150625 0.7497906 0.7337406 0.7679638 0.7150625 0.7497906 0.7337406 0.7497904 0.821815 0.7497904 0.821815 0.7497906 0.7337406 0.7679637 0.8404932 0.7497904 0.821815 0.7679637 0.8404932 0.853658 0.8404932 0.5949429 0.2150368 0.6820363 0.05837506 0.7631103 0.02510929 0.7631103 0.02510929 0.6820363 0.05837506 0.8248674 0.03545534 0.5949429 0.2150368 0.6091725 0.2114429 0.6820363 0.05837506 0.7631103 0.02510929 0.8248674 0.03545534 0.9430717 0.1072993 0.9430717 0.1072993 0.8248674 0.03545534 0.9359402 0.08610457 0.9430717 0.1072993 0.9359402 0.08610457 0.947687 0.2417298 0.8133183 0.2485178 0.8083033 0.2485177 0.824826 0.2103243 0.8133183 0.2485178 0.824826 0.2103243 0.8363955 0.219645 0.8363955 0.219645 0.824826 0.2103243 0.7967956 0.2103242 0.7967956 0.2103242 0.824826 0.2103243 0.785226 0.219645 0.7967956 0.2103242 0.785226 0.219645 0.8083033 0.2485177 0.7967956 0.2103242 0.8083033 0.2485177 0.8133183 0.2485178 0.596439 0.7866459 0.595676 0.7685522 0.5050265 0.7777777 0.4039688 0.7846851 0.5050265 0.7777777 0.3957297 0.8080108 0.3957297 0.8080108 0.5050265 0.7777777 0.4039763 0.7655035 0.4039763 0.7655035 0.5050265 0.7777777 0.494803 0.7777778 0.4039763 0.7655035 0.494803 0.7777778 0.4043555 0.782826 0.5960312 0.7846851 0.494803 0.7777778 0.6042703 0.8080108 0.6042703 0.8080108 0.494803 0.7777778 0.595676 0.7685522 0.595676 0.7685522 0.494803 0.7777778 0.5050265 0.7777777 0.9430717 0.1072993 0.947687 0.2417298 1 0.5166329 1 0.4166666 1 0.5166329 0.9769791 0.8555237 0.9769791 0.8555237 1 0.5166329 0.9430717 0.8927007 0.5949429 0.2150368 0.8121622 0.4351853 0.623042 0.4124354 0.8121622 0.4351853 0.8133183 0.2485178 1 0.5166329 1 0.5166329 0.8133183 0.2485178 0.8363955 0.219645 1 0.5166329 0.8363955 0.219645 0.9430717 0.1072993 0.7631103 0.02510929 0.9430717 0.1072993 0.7967956 0.2103242 0.7967956 0.2103242 0.9430717 0.1072993 0.8363955 0.219645 0.7631103 0.02510929 0.7967956 0.2103242 0.5949429 0.2150368 0.5949429 0.2150368 0.7967956 0.2103242 0.8121622 0.4351853 0.8121622 0.4351853 0.7967956 0.2103242 0.8133183 0.2485178 1 0.4166666 0.8121622 0.4259259 1 0.5166329 1 0.5166329 0.8121622 0.4259259 0.8121622 0.4351853 0.6257385 0.4152066 0.5093683 0.2166666 0.623042 0.4124354 0.623042 0.4124354 0.5093683 0.2166666 0.5949429 0.2150368 0.623042 0.4124354 0.8121622 0.4351853 0.6257385 0.4152066 0.6257385 0.4152066 0.8121622 0.4351853 0.8121622 0.4259259 0.7679637 0.8404932 0.596439 0.7866459 0.7747144 0.9763795 0.8718309 0.821815 0.7679637 0.8404932 0.7747144 0.9763795 0.7497906 0.7337406 0.6712632 0.629465 0.596439 0.7866459 0.7497906 0.7337406 0.596439 0.7866459 0.7679637 0.8404932 0.7497906 0.7337406 0.8121583 0.5694619 0.6712632 0.629465 0.8121583 0.5694619 0.7497906 0.7337406 0.8536577 0.7150625 0.8121583 0.5694619 0.8536577 0.7150625 1 0.5166329 1 0.5166329 0.8536577 0.7150625 0.9430717 0.8927007 0.9430717 0.8927007 0.8536577 0.7150625 0.8718309 0.821815 0.7747144 0.9763795 0.9430717 0.8927007 0.8718309 0.821815 0.6712632 0.629465 0.595676 0.7685522 0.596439 0.7866459 0.6712632 0.629465 0.6551515 0.6318593 0.595676 0.7685522 0.8121583 0.5694619 0.8115899 0.5664529 0.6712632 0.629465 0.6712632 0.629465 0.8115899 0.5664529 0.6551515 0.6318593 0.8121583 0.5694619 1 0.5166329 0.8115899 0.5664529 0.7747144 0.9763795 0.7962133 0.9807651 0.9430718 0.8927007 0.9430718 0.8927007 0.7962133 0.9807651 0.9769791 0.8555237 0.5960312 0.7846851 0.6042703 0.8080108 0.7747144 0.9763795 0.7747144 0.9763795 0.6042703 0.8080108 0.7962133 0.9807651 0.7679637 0.8404932 0.853658 0.8404932 0.7497907 0.8218151 0.7679637 0.8404932 0.7497907 0.8218151 0.7424929 0.741405 0.7424929 0.741405 0.7497907 0.8218151 0.7679639 0.7150625 0.7424929 0.741405 0.7679639 0.7150625 0.8432923 0.7121941 0.8432923 0.7121941 0.7679639 0.7150625 0.8718311 0.7337406 0.8432923 0.7121941 0.8718311 0.7337406 0.8718312 0.8218149 0.8718312 0.8218149 0.8718311 0.7337406 0.853658 0.8404932 0.8718312 0.8218149 0.853658 0.8404932 0.7679637 0.8404932 0.5947025 0.2162889 0.6815161 0.05928897 0.6050067 0.2083382 0.6050067 0.2083382 0.6815161 0.05928897 0.796379 0.02319455 0.796379 0.02319455 0.6815161 0.05928897 0.8158109 0.01990711 0.976979 0.1444763 0.9836614 0.1686818 0.796379 0.02319455 0.976979 0.1444763 0.796379 0.02319455 0.8158109 0.01990711 0.3742615 0.4152066 0.1878378 0.4259259 0.494803 0.7777778 0.1878378 0.4259259 0 0.4166666 0.02302092 0.8555237 0.146342 0.8404932 0.128169 0.7337406 0.02302092 0.8555237 0.494803 0.7777778 0.2037867 0.9807651 0.3736084 0.8800658 0.3742615 0.4152066 0.494803 0.7777778 0.4908335 0.2166666 0.02302092 0.8555237 0.128169 0.7337406 0.1878378 0.4259259 0.1878378 0.4259259 0.128169 0.7337406 0.2320361 0.7150625 0.2320361 0.7150625 0.2502095 0.821815 0.494803 0.7777778 0.2037867 0.9807651 0.2502095 0.821815 0.146342 0.8404932 0.1878378 0.4259259 0.2320361 0.7150625 0.494803 0.7777778 0.2037867 0.9807651 0.494803 0.7777778 0.2502095 0.821815 0.146342 0.8404932 0.02302092 0.8555237 0.2037867 0.9807651 0.9836614 0.1686818 0.976979 0.1444763 1 0.5833333 1 0.5833333 0.976979 0.1444763 1 0.4166666 1 0.5833333 1 0.4166666 0.9769791 0.8555237 0.9769791 0.8555237 1 0.4166666 0.9430718 0.8927007 0.8121622 0.4259259 0.824826 0.2103243 0.8083033 0.2485177 0.8158109 0.01990711 0.6815161 0.05928897 0.5947025 0.2162889 0.5947025 0.2162889 0.785226 0.219645 0.8158109 0.01990711 0.8158109 0.01990711 0.785226 0.219645 0.824826 0.2103243 0.8121622 0.4259259 1 0.4166666 0.824826 0.2103243 0.824826 0.2103243 1 0.4166666 0.976979 0.1444763 0.8121622 0.4259259 0.8083033 0.2485177 0.6244593 0.4132254 0.5947025 0.2162889 0.6244593 0.4132254 0.785226 0.219645 0.785226 0.219645 0.6244593 0.4132254 0.8083033 0.2485177 0.824826 0.2103243 0.976979 0.1444763 0.8158109 0.01990711 0.8121622 0.4351853 1 0.4166666 0.8121622 0.4259259 0.6242812 0.4143876 0.6244593 0.4132254 0.5947025 0.2162889 0.6242812 0.4143876 0.8121622 0.4351853 0.6244593 0.4132254 0.6244593 0.4132254 0.8121622 0.4351853 0.8121622 0.4259259 0.8115899 0.5664529 0.6042703 0.8080108 0.6602085 0.6309077 1 0.5833333 0.8718311 0.7337406 0.8115899 0.5664529 0.8115899 0.5664529 0.8718311 0.7337406 0.7679639 0.7150625 0.853658 0.8404932 0.7962133 0.9807651 0.7497907 0.8218151 0.853658 0.8404932 0.8718311 0.7337406 0.9769791 0.8555237 0.9769791 0.8555237 0.8718311 0.7337406 1 0.5833333 0.7679639 0.7150625 0.7497907 0.8218151 0.6042703 0.8080108 0.853658 0.8404932 0.9769791 0.8555237 0.7962133 0.9807651 0.8115899 0.5664529 0.7679639 0.7150625 0.6042703 0.8080108 0.6042703 0.8080108 0.7497907 0.8218151 0.7962133 0.9807651 0.811441 0.5657855 0.8115899 0.5664529 0.6443044 0.6536816 0.6443044 0.6536816 0.8115899 0.5664529 0.6602085 0.6309077 0.6042703 0.8080108 0.6443044 0.6536816 0.6602085 0.6309077 0.595676 0.7685522 0.6443044 0.6536816 0.6042703 0.8080108 1 0.5833333 0.8115899 0.5664529 0.811441 0.5657855 0.6050067 0.2083382 0.595676 0.7685522 0.6091725 0.2114429 0.6551515 0.6318593 0.6091725 0.2114429 0.595676 0.7685522 0.7177467 0.1440339 0.6091725 0.2114429 0.6551515 0.6318593 0.6784437 0.1986856 0.6443044 0.6536816 0.6050067 0.2083382 0.6050067 0.2083382 0.6443044 0.6536816 0.595676 0.7685522 0.7177467 0.1440339 0.6784437 0.1986856 0.7763398 0.09576058 0.7177467 0.1440339 0.7763398 0.09576058 0.8248674 0.03545534 0.8248674 0.03545534 0.7763398 0.09576058 0.9836614 0.1686818 0.8248674 0.03545534 0.9836614 0.1686818 0.947687 0.2417298 0.947687 0.2417298 0.9836614 0.1686818 0.813941 0.3425902 0.947687 0.2417298 0.813941 0.3425902 0.7528746 0.3267282 0.7528746 0.3267282 0.813941 0.3425902 0.6784437 0.1986856 0.7528746 0.3267282 0.6784437 0.1986856 0.7177467 0.1440339 0.3951079 0.208251 0.3908275 0.2114429 0.5947025 0.2162889 0.4908335 0.2166666 0.5947025 0.2162889 0.3908275 0.2114429 0.5949429 0.2150368 0.5093683 0.2166666 0.6091725 0.2114429 0.3951079 0.208251 0.5947025 0.2162889 0.6050067 0.2083382 0.3951079 0.208251 0.6050067 0.2083382 0.4053056 0.2163575 0.4053056 0.2163575 0.6050067 0.2083382 0.6091725 0.2114429 0.6091725 0.2114429 0.5093683 0.2166666 0.4053056 0.2163575 0.4051075 0.2153345 0.4908335 0.2166666 0.3908275 0.2114429 0.1878378 0.4259259 0 0.4166667 0.1878378 0.4351853 0.1878378 0.4259259 0.1878378 0.4351853 0.3737645 0.4156683 0.3737645 0.4156683 0.1878378 0.4351853 0.3774072 0.4119245 0.1884101 0.5664529 0.3957297 0.8080108 0.3397914 0.6309077 0 0.5833333 0.128169 0.7337406 0.1884101 0.5664529 0.1884101 0.5664529 0.128169 0.7337406 0.2320361 0.7150625 0.146342 0.8404931 0.128169 0.7337406 0.02302092 0.8555237 0.02302092 0.8555237 0.128169 0.7337406 0 0.5833333 0.146342 0.8404931 0.2035457 0.9808304 0.2502094 0.821815 0.2320361 0.7150625 0.2502094 0.821815 0.3957297 0.8080108 0.146342 0.8404931 0.02302092 0.8555237 0.2035457 0.9808304 0.1884101 0.5664529 0.2320361 0.7150625 0.3957297 0.8080108 0.3957297 0.8080108 0.2502094 0.821815 0.2035457 0.9808304 0 0.5833333 0.1884101 0.5664529 0.1885591 0.5657855 0.3957297 0.8080108 0.4039763 0.7655035 0.3397914 0.6309077 0.3397914 0.6309077 0.4039763 0.7655035 0.3429141 0.6305413 0.3397914 0.6309077 0.3429141 0.6305413 0.1884101 0.5664529 0.1884101 0.5664529 0.3429141 0.6305413 0.1885591 0.5657855 0 0.5166329 0.05231291 0.2417298 0.1884101 0.5664529 0.3179637 0.05837506 0.3908275 0.2114429 0.2822533 0.1440339 0.1751326 0.03545534 0.3179637 0.05837506 0.2822533 0.1440339 0.35509 0.6502158 0.2471255 0.3267282 0.2822533 0.1440339 0.05231291 0.2417298 0.2471255 0.3267282 0.1884101 0.5664529 0.2471255 0.3267282 0.35509 0.6502158 0.1884101 0.5664529 0.05231291 0.2417298 0.06405985 0.08610457 0.1751326 0.03545534 0.02302092 0.8555237 0.05692821 0.8927007 0.2037867 0.9807651 0.2037867 0.9807651 0.05692821 0.8927007 0.2252856 0.9763796 0.2037867 0.9807651 0.2252856 0.9763796 0.3736084 0.8800658 0.3736084 0.8800658 0.2252856 0.9763796 0.4043555 0.782826 0.3736084 0.8800658 0.4043555 0.782826 0.494803 0.7777778 0.146342 0.8404932 0.2320363 0.8404931 0.128169 0.8218151 0.146342 0.8404932 0.128169 0.8218151 0.128169 0.7337406 0.128169 0.7337406 0.128169 0.8218151 0.1463422 0.7150625 0.128169 0.7337406 0.1463422 0.7150625 0.2320361 0.7150625 0.2320361 0.7150625 0.1463422 0.7150625 0.2502095 0.7337406 0.2320361 0.7150625 0.2502095 0.7337406 0.2502095 0.821815 0.2502095 0.821815 0.2502095 0.7337406 0.2320363 0.8404931 0.2502095 0.821815 0.2320363 0.8404931 0.146342 0.8404932 0.4051075 0.2153345 0.3179637 0.05837506 0.2368896 0.02510929 0.2368896 0.02510929 0.3179637 0.05837506 0.1751326 0.03545534 0.4051075 0.2153345 0.3908275 0.2114429 0.3179637 0.05837506 0.2368896 0.02510929 0.1751326 0.03545534 0.05692821 0.1072993 0.05692821 0.1072993 0.1751326 0.03545534 0.06405985 0.08610457 0.05692821 0.1072993 0.06405985 0.08610457 0.05231291 0.2417298 0.05692821 0.1072993 0.05231291 0.2417298 0 0.5166329 0 0.4166666 0 0.5166329 0.02302092 0.8555237 0.02302092 0.8555237 0 0.5166329 0.05692821 0.8927007 0.1878378 0.4351853 0.2032043 0.2103243 0.1866816 0.2485177 0.2032043 0.2103243 0.05692821 0.1072993 0.1636044 0.219645 0.2032043 0.2103243 0.2368896 0.02510929 0.05692821 0.1072993 0.1878378 0.4351853 0.1866816 0.2485177 0 0.5166329 0.4051075 0.2153345 0.2032043 0.2103243 0.1878378 0.4351853 0.4051075 0.2153345 0.1878378 0.4351853 0.376958 0.4124354 0 0.5166329 0.1866816 0.2485177 0.1636044 0.219645 0 0.5166329 0.1636044 0.219645 0.05692821 0.1072993 0.2368896 0.02510929 0.2032043 0.2103243 0.4051075 0.2153345 0 0.4166666 0.1878378 0.4259259 0 0.5166329 0 0.5166329 0.1878378 0.4259259 0.1878378 0.4351853 0.3742615 0.4152066 0.4908335 0.2166666 0.376958 0.4124354 0.376958 0.4124354 0.4908335 0.2166666 0.4051075 0.2153345 0.376958 0.4124354 0.1878378 0.4351853 0.3742615 0.4152066 0.3742615 0.4152066 0.1878378 0.4351853 0.1878378 0.4259259 0.2502095 0.7337406 0.3287369 0.629465 0.4043555 0.782826 0.2502095 0.7337406 0.4043555 0.782826 0.2320363 0.8404931 0.2320363 0.8404931 0.2252856 0.9763796 0.128169 0.8218151 0.2502095 0.7337406 0.1878417 0.5694619 0.3287369 0.629465 0.1878417 0.5694619 0.2502095 0.7337406 0.1463422 0.7150625 0.1878417 0.5694619 0.1463422 0.7150625 0 0.5166329 0.2252856 0.9763796 0.2320363 0.8404931 0.4043555 0.782826 0 0.5166329 0.1463422 0.7150625 0.05692821 0.8927007 0.05692821 0.8927007 0.1463422 0.7150625 0.128169 0.8218151 0.2252856 0.9763796 0.05692821 0.8927007 0.128169 0.8218151 0.3287369 0.629465 0.35509 0.6502158 0.4043555 0.782826 0.4043555 0.782826 0.35509 0.6502158 0.4039763 0.7655035 0.1878417 0.5694619 0.1884101 0.5664529 0.3287369 0.629465 0.3287369 0.629465 0.1884101 0.5664529 0.35509 0.6502158 0.1878417 0.5694619 0 0.5166329 0.1884101 0.5664529 0.2822533 0.1440339 0.3908275 0.2114429 0.35509 0.6502158 0.3951079 0.208251 0.4039763 0.7655035 0.3908275 0.2114429 0.3908275 0.2114429 0.4039763 0.7655035 0.35509 0.6502158 0.3951079 0.208251 0.3429141 0.6305413 0.4039763 0.7655035 0.321617 0.198723 0.3429141 0.6305413 0.3951079 0.208251 0.2822533 0.1440339 0.321617 0.198723 0.2236601 0.09576058 0.2822533 0.1440339 0.2236601 0.09576058 0.1751326 0.03545534 0.1751326 0.03545534 0.2236601 0.09576058 0.01633858 0.1686818 0.1751326 0.03545534 0.01633858 0.1686818 0.05231291 0.2417298 0.05231291 0.2417298 0.01633858 0.1686818 0.186059 0.3425903 0.05231291 0.2417298 0.186059 0.3425903 0.2471255 0.3267282 0.2471255 0.3267282 0.186059 0.3425903 0.321617 0.198723 0.2471255 0.3267282 0.321617 0.198723 0.2822533 0.1440339 0 0.4166667 0.1878378 0.4259259 0.05692821 0.8927009 0.146342 0.7150625 0.1878378 0.4259259 0.2502095 0.7337406 0.2502095 0.7337406 0.1878378 0.4259259 0.3735899 0.4157094 0.1281688 0.821815 0.2320361 0.8404931 0.2252855 0.9763795 0.2252855 0.9763795 0.2320361 0.8404931 0.4039688 0.7846851 0.4039688 0.7846851 0.2320361 0.8404931 0.2502095 0.7337406 0.4039688 0.7846851 0.2502095 0.7337406 0.5051365 0.7777778 0.5051365 0.7777778 0.2502095 0.7337406 0.3735899 0.4157094 0.5051365 0.7777778 0.3735899 0.4157094 0.5093683 0.2166666 0.5093683 0.2166666 0.3735899 0.4157094 0.4053056 0.2163575 0.1878378 0.4259259 0.146342 0.7150625 0.05692821 0.8927009 0.05692821 0.8927009 0.146342 0.7150625 0.1281688 0.821815 0.1281688 0.821815 0.2252855 0.9763795 0.05692821 0.8927009 1 0.4166666 0.8121622 0.4351852 0.9430719 0.8927009 0.6242813 0.4143877 0.5947054 0.2162789 0.4908335 0.2166666 0.7679639 0.8404932 0.7424929 0.7414049 0.5960312 0.7846851 0.5960312 0.7846851 0.7424929 0.7414049 0.494803 0.7777778 0.8432922 0.7121941 0.6242813 0.4143877 0.7424929 0.7414049 0.7424929 0.7414049 0.6242813 0.4143877 0.4908335 0.2166666 0.494803 0.7777778 0.7424929 0.7414049 0.4908335 0.2166666 0.8432922 0.7121941 0.8121622 0.4351852 0.6242813 0.4143877 0.8121622 0.4351852 0.8432922 0.7121941 0.9430719 0.8927009 0.8718311 0.821815 0.7679639 0.8404932 0.7747145 0.9763795 0.7747145 0.9763795 0.7679639 0.8404932 0.5960312 0.7846851 0.9430719 0.8927009 0.8432922 0.7121941 0.8718311 0.821815 0.8718311 0.821815 0.7747145 0.9763795 0.9430719 0.8927009 0.0163387 0.1686818 0.2236599 0.09576052 0.2037865 0.02316969 0.3429139 0.630541 0.321542 0.1988237 0.186059 0.3425903 0.321542 0.1988237 0.395199 0.2078586 0.2236599 0.09576052 0.2236599 0.09576052 0.395199 0.2078586 0.2037865 0.02316969 0.3429139 0.630541 0.186059 0.3425903 0.1885591 0.5657854 0.186059 0.3425903 0.0163387 0.1686818 0.1885591 0.5657854 0.1885591 0.5657854 0.0163387 0.1686818 0 0.5833333 0.1838733 0.0198217 0.3184839 0.05928897 0.4053056 0.2163575 0.1878378 0.4351852 0.1776127 0.2366266 0.3774071 0.4119246 0.4053056 0.2163575 0.3774071 0.4119246 0.2147739 0.219645 0.2147739 0.219645 0.3774071 0.4119246 0.1776127 0.2366266 0.1866816 0.1959267 0.1838733 0.0198217 0.2147739 0.219645 0.2147739 0.219645 0.1838733 0.0198217 0.4053056 0.2163575 0.1878378 0.4351852 0 0.4166667 0.1776127 0.2366266 0.1776127 0.2366266 0 0.4166667 0.02302104 0.1444762 0.1776127 0.2366266 0.02302104 0.1444762 0.1866816 0.1959267 0.1866816 0.1959267 0.02302104 0.1444762 0.1838733 0.0198217 0.3735899 0.4157094 0.3774071 0.4119246 0.4053056 0.2163575 0.05692821 0.8927009 0.0230211 0.855524 0 0.4166667 0 0.4166667 0.0230211 0.855524 0 0.5833333 0 0.4166667 0 0.5833333 0.02302104 0.1444762 0.02302104 0.1444762 0 0.5833333 0.0163387 0.1686818 0.2252855 0.9763795 0.2035458 0.9808305 0.05692821 0.8927009 0.05692821 0.8927009 0.2035458 0.9808305 0.0230211 0.855524 0.4039688 0.7846851 0.3957297 0.8080106 0.2252855 0.9763795 0.2252855 0.9763795 0.3957297 0.8080106 0.2035458 0.9808305 0.2320361 0.8404931 0.1463422 0.840493 0.2502095 0.821815 0.2320361 0.8404931 0.2502095 0.821815 0.2502095 0.7337406 0.2502095 0.7337406 0.2502095 0.821815 0.2320362 0.7150624 0.2502095 0.7337406 0.2320362 0.7150624 0.146342 0.7150625 0.146342 0.7150625 0.2320362 0.7150624 0.1281689 0.7337406 0.146342 0.7150625 0.1281689 0.7337406 0.1281688 0.821815 0.1281688 0.821815 0.1281689 0.7337406 0.1463422 0.840493 0.1281688 0.821815 0.1463422 0.840493 0.2320361 0.8404931 0.6257386 0.4152067 0.8121622 0.4259259 0.5051365 0.7777778 0.8121622 0.4259259 1 0.4166666 0.9769788 0.8555241 0.8536579 0.8404931 0.8718311 0.7337406 0.9769788 0.8555241 0.5093683 0.2166666 0.6257386 0.4152067 0.5051365 0.7777778 0.8121622 0.4259259 0.8718311 0.7337406 0.7679638 0.7150625 0.7962132 0.9807651 0.6263918 0.8800659 0.5051365 0.7777778 0.8536579 0.8404931 0.7962132 0.9807651 0.7497904 0.821815 0.9769788 0.8555241 0.8718311 0.7337406 0.8121622 0.4259259 0.7679638 0.7150625 0.5051365 0.7777778 0.8121622 0.4259259 0.5051365 0.7777778 0.7679638 0.7150625 0.7497904 0.821815 0.5051365 0.7777778 0.7497904 0.821815 0.7962132 0.9807651 0.8536579 0.8404931 0.9769788 0.8555241 0.7962132 0.9807651 0.02302104 0.1444762 0.0163387 0.1686818 0.2037865 0.02316969 0.02302104 0.1444762 0.2037865 0.02316969 0.1838733 0.0198217 0.4053056 0.2163575 0.3184839 0.05928897 0.395199 0.2078586 0.395199 0.2078586 0.3184839 0.05928897 0.2037865 0.02316969 0.2037865 0.02316969 0.3184839 0.05928897 0.1838733 0.0198217 0.1776127 0.2366266 0.1866816 0.2485176 0.2147739 0.2247995 0.1776127 0.2366266 0.2147739 0.2247995 0.2147739 0.219645 0.2147739 0.219645 0.2147739 0.2247995 0.1776127 0.2078179 0.2147739 0.219645 0.1776127 0.2078179 0.1866816 0.1959267 0.1866816 0.1959267 0.1776127 0.2078179 0.1776127 0.2366266 0.1776127 0.2366266 0.1776127 0.2078179 0.1866816 0.2485176 1 0.5166328 0.9476872 0.2417298 0.81159 0.5664529 0.6820363 0.05837506 0.6091911 0.2114245 0.7177466 0.144034 0.7177466 0.144034 0.8248674 0.03545534 0.6820363 0.05837506 0.6551518 0.6318588 0.7528745 0.3267283 0.7177466 0.144034 0.9476872 0.2417298 0.9359403 0.08610463 0.8248674 0.03545534 0.9476872 0.2417298 0.7528745 0.3267283 0.81159 0.5664529 0.7528745 0.3267283 0.6551518 0.6318588 0.81159 0.5664529 0.9836614 0.1686818 0.77634 0.09576052 0.7963789 0.02319455 0.6785202 0.1987887 0.6049134 0.2079353 0.77634 0.09576052 0.77634 0.09576052 0.6049134 0.2079353 0.7963789 0.02319455 0.6443045 0.6536813 0.6785202 0.1987887 0.813941 0.3425902 0.813941 0.3425902 0.9836614 0.1686818 0.811441 0.5657854 0.811441 0.5657854 0.9836614 0.1686818 1 0.5833333 0.813941 0.3425902 0.811441 0.5657854 0.6443045 0.6536813 0.9769788 0.8555241 0.9430717 0.8927009 0.7962132 0.9807651 0.7962132 0.9807651 0.9430717 0.8927009 0.7747144 0.9763795 0.7962132 0.9807651 0.7747144 0.9763795 0.6263918 0.8800659 0.6263918 0.8800659 0.7747144 0.9763795 0.596439 0.786646 0.6263918 0.8800659 0.596439 0.786646 0.5051365 0.7777778 0.8536579 0.8404931 0.7679639 0.8404931 0.8718311 0.821815 0.8536579 0.8404931 0.8718311 0.821815 0.8718311 0.7337406 0.8718311 0.7337406 0.8718311 0.821815 0.8536579 0.7150624 0.8718311 0.7337406 0.8536579 0.7150624 0.7679638 0.7150625 0.7679638 0.7150625 0.8536579 0.7150624 0.7497905 0.7337406 0.7679638 0.7150625 0.7497905 0.7337406 0.7497904 0.821815 0.7497904 0.821815 0.7497905 0.7337406 0.7679639 0.8404931 0.7497904 0.821815 0.7679639 0.8404931 0.8536579 0.8404931 0.5949429 0.2150368 0.6820363 0.05837506 0.7631103 0.02510941 0.7631103 0.02510941 0.6820363 0.05837506 0.8248674 0.03545534 0.5949429 0.2150368 0.6091911 0.2114245 0.6820363 0.05837506 0.7631103 0.02510941 0.8248674 0.03545534 0.9430718 0.1072993 0.9430718 0.1072993 0.8248674 0.03545534 0.9359403 0.08610463 0.9430718 0.1072993 0.9359403 0.08610463 0.9476872 0.2417298 0.8133184 0.2485176 0.8223872 0.2366266 0.8223873 0.2078179 0.8223873 0.2078179 0.8223872 0.2366266 0.8133183 0.1959267 0.8223873 0.2078179 0.8133183 0.1959267 0.7852261 0.219645 0.8223873 0.2078179 0.7852261 0.219645 0.7852261 0.2247994 0.7852261 0.2247994 0.7852261 0.219645 0.8223872 0.2366266 0.7852261 0.2247994 0.8223872 0.2366266 0.8133184 0.2485176 0.596439 0.786646 0.5956765 0.7685527 0.5051365 0.7777778 0.4039688 0.7846851 0.5051365 0.7777778 0.3957297 0.8080106 0.3957297 0.8080106 0.5051365 0.7777778 0.4039763 0.7655034 0.4039763 0.7655034 0.5051365 0.7777778 0.494803 0.7777778 0.4039763 0.7655034 0.494803 0.7777778 0.4043554 0.7828263 0.5960312 0.7846851 0.494803 0.7777778 0.6042702 0.8080107 0.6042702 0.8080107 0.494803 0.7777778 0.5956765 0.7685527 0.5956765 0.7685527 0.494803 0.7777778 0.5051365 0.7777778 0.9430718 0.1072993 0.9476872 0.2417298 1 0.5166328 1 0.4166666 1 0.5166328 0.9769788 0.8555241 0.9769788 0.8555241 1 0.5166328 0.9430717 0.8927009 0.8121622 0.4351852 0.6230422 0.4124354 0.5949429 0.2150368 0.8133184 0.2485176 1 0.5166328 0.8121622 0.4351852 0.7631103 0.02510941 0.9430718 0.1072993 0.8223873 0.2078179 1 0.5166328 0.8133184 0.2485176 0.8223873 0.2078179 1 0.5166328 0.8223873 0.2078179 0.9430718 0.1072993 0.7631103 0.02510941 0.8223873 0.2078179 0.5949429 0.2150368 0.8223873 0.2078179 0.7852261 0.2247994 0.5949429 0.2150368 0.5949429 0.2150368 0.7852261 0.2247994 0.8121622 0.4351852 0.8121622 0.4351852 0.7852261 0.2247994 0.8133184 0.2485176 1 0.4166666 0.8121622 0.4259259 1 0.5166328 1 0.5166328 0.8121622 0.4259259 0.8121622 0.4351852 0.6257386 0.4152067 0.5093683 0.2166666 0.6230422 0.4124354 0.6230422 0.4124354 0.5093683 0.2166666 0.5949429 0.2150368 0.6230422 0.4124354 0.8121622 0.4351852 0.6257386 0.4152067 0.6257386 0.4152067 0.8121622 0.4351852 0.8121622 0.4259259 0.7497905 0.7337406 0.6712605 0.6294698 0.596439 0.786646 0.7497905 0.7337406 0.596439 0.786646 0.7679639 0.8404931 0.7497905 0.7337406 0.8121584 0.5694619 0.6712605 0.6294698 0.7679639 0.8404931 0.7747144 0.9763795 0.8718311 0.821815 0.8121584 0.5694619 0.7497905 0.7337406 0.8536579 0.7150624 0.8121584 0.5694619 0.8536579 0.7150624 1 0.5166328 0.7747144 0.9763795 0.7679639 0.8404931 0.596439 0.786646 1 0.5166328 0.8536579 0.7150624 0.9430717 0.8927009 0.9430717 0.8927009 0.8536579 0.7150624 0.8718311 0.821815 0.7747144 0.9763795 0.9430717 0.8927009 0.8718311 0.821815 0.6712605 0.6294698 0.5956765 0.7685527 0.596439 0.786646 0.6712605 0.6294698 0.6551518 0.6318588 0.5956765 0.7685527 0.8121584 0.5694619 0.81159 0.5664529 0.6712605 0.6294698 0.6712605 0.6294698 0.81159 0.5664529 0.6551518 0.6318588 0.8121584 0.5694619 1 0.5166328 0.81159 0.5664529 0.7747145 0.9763795 0.7962133 0.9807651 0.9430719 0.8927009 0.9430719 0.8927009 0.7962133 0.9807651 0.9769789 0.855524 0.5960312 0.7846851 0.6042702 0.8080107 0.7747145 0.9763795 0.7747145 0.9763795 0.6042702 0.8080107 0.7962133 0.9807651 0.7679639 0.8404932 0.8536578 0.8404931 0.7497906 0.821815 0.7679639 0.8404932 0.7497906 0.821815 0.7424929 0.7414049 0.7424929 0.7414049 0.7497906 0.821815 0.7679637 0.7150624 0.7424929 0.7414049 0.7679637 0.7150624 0.8432922 0.7121941 0.8432922 0.7121941 0.7679637 0.7150624 0.8718311 0.7337406 0.8432922 0.7121941 0.8718311 0.7337406 0.8718311 0.821815 0.8718311 0.821815 0.8718311 0.7337406 0.8536578 0.8404931 0.8718311 0.821815 0.8536578 0.8404931 0.7679639 0.8404932 0.5947054 0.2162789 0.6815161 0.05928897 0.6049134 0.2079353 0.6049134 0.2079353 0.6815161 0.05928897 0.7963789 0.02319455 0.7963789 0.02319455 0.6815161 0.05928897 0.8158109 0.01990711 0.976979 0.1444762 0.9836614 0.1686818 0.7963789 0.02319455 0.976979 0.1444762 0.7963789 0.02319455 0.8158109 0.01990711 0.3742614 0.4152067 0.1878378 0.4259259 0.494803 0.7777778 0.1878378 0.4259259 0 0.4166666 0.02302116 0.8555241 0.1463422 0.8404931 0.1281689 0.7337406 0.02302116 0.8555241 0.3736082 0.8800659 0.494803 0.7777778 0.2037867 0.9807651 0.3742614 0.4152067 0.494803 0.7777778 0.4908335 0.2166666 0.02302116 0.8555241 0.1281689 0.7337406 0.1878378 0.4259259 0.1878378 0.4259259 0.1281689 0.7337406 0.2320363 0.7150624 0.2320363 0.7150624 0.2502095 0.821815 0.494803 0.7777778 0.1463422 0.8404931 0.2037867 0.9807651 0.2502095 0.821815 0.494803 0.7777778 0.2502095 0.821815 0.2037867 0.9807651 0.1463422 0.8404931 0.02302116 0.8555241 0.2037867 0.9807651 0.1878378 0.4259259 0.2320363 0.7150624 0.494803 0.7777778 0.9836614 0.1686818 0.976979 0.1444762 1 0.5833333 1 0.5833333 0.976979 0.1444762 1 0.4166666 1 0.5833333 1 0.4166666 0.9769789 0.855524 0.9769789 0.855524 1 0.4166666 0.9430719 0.8927009 0.6815161 0.05928897 0.5947054 0.2162789 0.8158109 0.01990711 0.8121622 0.4259259 0.8223872 0.2366266 0.6244594 0.4132254 0.5947054 0.2162789 0.6244594 0.4132254 0.7852261 0.219645 0.7852261 0.219645 0.6244594 0.4132254 0.8223872 0.2366266 0.5947054 0.2162789 0.7852261 0.219645 0.8158109 0.01990711 0.8158109 0.01990711 0.7852261 0.219645 0.8133183 0.1959267 0.8223872 0.2366266 0.976979 0.1444762 0.8133183 0.1959267 0.8133183 0.1959267 0.976979 0.1444762 0.8158109 0.01990711 0.8121622 0.4259259 1 0.4166666 0.8223872 0.2366266 0.8223872 0.2366266 1 0.4166666 0.976979 0.1444762 0.8121622 0.4351852 1 0.4166666 0.8121622 0.4259259 0.6242813 0.4143877 0.6244594 0.4132254 0.5947054 0.2162789 0.6242813 0.4143877 0.8121622 0.4351852 0.6244594 0.4132254 0.6244594 0.4132254 0.8121622 0.4351852 0.8121622 0.4259259 0.81159 0.5664529 0.6042702 0.8080107 0.6602086 0.6309077 1 0.5833333 0.8718311 0.7337406 0.81159 0.5664529 0.81159 0.5664529 0.8718311 0.7337406 0.7679637 0.7150624 0.8536578 0.8404931 0.7962133 0.9807651 0.7497906 0.821815 0.8536578 0.8404931 0.9769789 0.855524 0.7962133 0.9807651 0.8536578 0.8404931 0.8718311 0.7337406 0.9769789 0.855524 0.9769789 0.855524 0.8718311 0.7337406 1 0.5833333 0.7679637 0.7150624 0.7497906 0.821815 0.6042702 0.8080107 0.6042702 0.8080107 0.7497906 0.821815 0.7962133 0.9807651 0.81159 0.5664529 0.7679637 0.7150624 0.6042702 0.8080107 0.811441 0.5657854 0.81159 0.5664529 0.6443045 0.6536813 0.6443045 0.6536813 0.81159 0.5664529 0.6602086 0.6309077 0.6042702 0.8080107 0.6443045 0.6536813 0.6602086 0.6309077 0.5956765 0.7685527 0.6443045 0.6536813 0.6042702 0.8080107 1 0.5833333 0.81159 0.5664529 0.811441 0.5657854 0.6049134 0.2079353 0.5956765 0.7685527 0.6091911 0.2114245 0.6551518 0.6318588 0.6091911 0.2114245 0.5956765 0.7685527 0.7177466 0.144034 0.6091911 0.2114245 0.6551518 0.6318588 0.6785202 0.1987887 0.6443045 0.6536813 0.6049134 0.2079353 0.6049134 0.2079353 0.6443045 0.6536813 0.5956765 0.7685527 0.7177466 0.144034 0.6785202 0.1987887 0.77634 0.09576052 0.7177466 0.144034 0.77634 0.09576052 0.8248674 0.03545534 0.8248674 0.03545534 0.77634 0.09576052 0.9836614 0.1686818 0.8248674 0.03545534 0.9836614 0.1686818 0.9476872 0.2417298 0.9476872 0.2417298 0.9836614 0.1686818 0.813941 0.3425902 0.9476872 0.2417298 0.813941 0.3425902 0.7528745 0.3267283 0.7528745 0.3267283 0.813941 0.3425902 0.6785202 0.1987887 0.7528745 0.3267283 0.6785202 0.1987887 0.7177466 0.144034 0.395199 0.2078586 0.3908089 0.2114245 0.5947054 0.2162789 0.4908335 0.2166666 0.5947054 0.2162789 0.3908089 0.2114245 0.5949429 0.2150368 0.5093683 0.2166666 0.6091911 0.2114245 0.395199 0.2078586 0.5947054 0.2162789 0.6049134 0.2079353 0.395199 0.2078586 0.6049134 0.2079353 0.4053056 0.2163575 0.4053056 0.2163575 0.6049134 0.2079353 0.6091911 0.2114245 0.6091911 0.2114245 0.5093683 0.2166666 0.4053056 0.2163575 0.4051075 0.2153345 0.4908335 0.2166666 0.3908089 0.2114245 0.1878378 0.4259259 0 0.4166667 0.1878378 0.4351852 0.1878378 0.4259259 0.1878378 0.4351852 0.3735899 0.4157094 0.3735899 0.4157094 0.1878378 0.4351852 0.3774071 0.4119246 0.3957297 0.8080106 0.3397914 0.6309077 0.1884101 0.5664529 0.1281689 0.7337406 0 0.5833333 0.0230211 0.855524 0.1281689 0.7337406 0.0230211 0.855524 0.1463422 0.840493 0.1463422 0.840493 0.2035458 0.9808305 0.2502095 0.821815 0 0.5833333 0.1281689 0.7337406 0.1884101 0.5664529 0.1884101 0.5664529 0.1281689 0.7337406 0.2320362 0.7150624 0.1463422 0.840493 0.0230211 0.855524 0.2035458 0.9808305 0.2320362 0.7150624 0.2502095 0.821815 0.3957297 0.8080106 0.1884101 0.5664529 0.2320362 0.7150624 0.3957297 0.8080106 0.3957297 0.8080106 0.2502095 0.821815 0.2035458 0.9808305 0 0.5833333 0.1884101 0.5664529 0.1885591 0.5657854 0.3957297 0.8080106 0.4039763 0.7655034 0.3397914 0.6309077 0.3397914 0.6309077 0.4039763 0.7655034 0.3429139 0.630541 0.3397914 0.6309077 0.3429139 0.630541 0.1884101 0.5664529 0.1884101 0.5664529 0.3429139 0.630541 0.1885591 0.5657854 0 0.5166328 0.05231291 0.2417298 0.1884101 0.5664529 0.3179637 0.05837506 0.3908089 0.2114245 0.2822535 0.144034 0.3550879 0.6502111 0.2471255 0.3267283 0.2822535 0.144034 0.1751326 0.03545534 0.3179637 0.05837506 0.2822535 0.144034 0.05231291 0.2417298 0.06405979 0.08610463 0.1751326 0.03545534 0.3550879 0.6502111 0.1884101 0.5664529 0.2471255 0.3267283 0.2471255 0.3267283 0.1884101 0.5664529 0.05231291 0.2417298 0.02302116 0.8555241 0.05692821 0.8927009 0.2037867 0.9807651 0.2037867 0.9807651 0.05692821 0.8927009 0.2252855 0.9763795 0.2037867 0.9807651 0.2252855 0.9763795 0.3736082 0.8800659 0.3736082 0.8800659 0.2252855 0.9763795 0.4043554 0.7828263 0.3736082 0.8800659 0.4043554 0.7828263 0.494803 0.7777778 0.1463422 0.8404931 0.2320361 0.8404931 0.1281688 0.821815 0.1463422 0.8404931 0.1281688 0.821815 0.1281689 0.7337406 0.1281689 0.7337406 0.1281688 0.821815 0.146342 0.7150624 0.1281689 0.7337406 0.146342 0.7150624 0.2320363 0.7150624 0.2320363 0.7150624 0.146342 0.7150624 0.2502095 0.7337406 0.2320363 0.7150624 0.2502095 0.7337406 0.2502095 0.821815 0.2502095 0.821815 0.2502095 0.7337406 0.2320361 0.8404931 0.2502095 0.821815 0.2320361 0.8404931 0.1463422 0.8404931 0.4051075 0.2153345 0.3179637 0.05837506 0.2368897 0.02510941 0.2368897 0.02510941 0.3179637 0.05837506 0.1751326 0.03545534 0.4051075 0.2153345 0.3908089 0.2114245 0.3179637 0.05837506 0.2368897 0.02510941 0.1751326 0.03545534 0.05692821 0.1072993 0.05692821 0.1072993 0.1751326 0.03545534 0.06405979 0.08610463 0.05692821 0.1072993 0.06405979 0.08610463 0.05231291 0.2417298 0.05692821 0.1072993 0.05231291 0.2417298 0 0.5166328 0 0.4166666 0 0.5166328 0.02302116 0.8555241 0.02302116 0.8555241 0 0.5166328 0.05692821 0.8927009 0.4051075 0.2153345 0.1878378 0.4351852 0.3769578 0.4124354 0.2368897 0.02510941 0.05692821 0.1072993 0.1776127 0.2078179 0.1866816 0.2485176 0 0.5166328 0.1878378 0.4351852 0 0.5166328 0.1866816 0.2485176 0.1776127 0.2078179 0 0.5166328 0.1776127 0.2078179 0.05692821 0.1072993 0.2368897 0.02510941 0.1776127 0.2078179 0.4051075 0.2153345 0.4051075 0.2153345 0.1776127 0.2078179 0.2147739 0.2247995 0.4051075 0.2153345 0.2147739 0.2247995 0.1878378 0.4351852 0.1878378 0.4351852 0.2147739 0.2247995 0.1866816 0.2485176 0 0.4166666 0.1878378 0.4259259 0 0.5166328 0 0.5166328 0.1878378 0.4259259 0.1878378 0.4351852 0.3742614 0.4152067 0.4908335 0.2166666 0.3769578 0.4124354 0.3769578 0.4124354 0.4908335 0.2166666 0.4051075 0.2153345 0.3769578 0.4124354 0.1878378 0.4351852 0.3742614 0.4152067 0.3742614 0.4152067 0.1878378 0.4351852 0.1878378 0.4259259 0.2320361 0.8404931 0.4043554 0.7828263 0.2252855 0.9763795 0.2502095 0.7337406 0.3287395 0.6294698 0.4043554 0.7828263 0.2502095 0.7337406 0.4043554 0.7828263 0.2320361 0.8404931 0.1281688 0.821815 0.2320361 0.8404931 0.2252855 0.9763795 0.2502095 0.7337406 0.1878417 0.5694619 0.3287395 0.6294698 0.1878417 0.5694619 0.2502095 0.7337406 0.146342 0.7150624 0.1878417 0.5694619 0.146342 0.7150624 0 0.5166328 0.2252855 0.9763795 0.05692821 0.8927009 0.1281688 0.821815 0 0.5166328 0.146342 0.7150624 0.05692821 0.8927009 0.1281688 0.821815 0.05692821 0.8927009 0.146342 0.7150624 0.3287395 0.6294698 0.3550879 0.6502111 0.4043554 0.7828263 0.4043554 0.7828263 0.3550879 0.6502111 0.4039763 0.7655034 0.1878417 0.5694619 0.1884101 0.5664529 0.3287395 0.6294698 0.3287395 0.6294698 0.1884101 0.5664529 0.3550879 0.6502111 0.1878417 0.5694619 0 0.5166328 0.1884101 0.5664529 0.2822535 0.144034 0.3908089 0.2114245 0.3550879 0.6502111 0.395199 0.2078586 0.4039763 0.7655034 0.3908089 0.2114245 0.3908089 0.2114245 0.4039763 0.7655034 0.3550879 0.6502111 0.395199 0.2078586 0.3429139 0.630541 0.4039763 0.7655034 0.321542 0.1988237 0.3429139 0.630541 0.395199 0.2078586 0.2822535 0.144034 0.321542 0.1988237 0.2236599 0.09576052 0.2822535 0.144034 0.2236599 0.09576052 0.1751326 0.03545534 0.1751326 0.03545534 0.2236599 0.09576052 0.0163387 0.1686818 0.1751326 0.03545534 0.0163387 0.1686818 0.05231291 0.2417298 0.05231291 0.2417298 0.0163387 0.1686818 0.186059 0.3425903 0.05231291 0.2417298 0.186059 0.3425903 0.2471255 0.3267283 0.2471255 0.3267283 0.186059 0.3425903 0.321542 0.1988237 0.2471255 0.3267283 0.321542 0.1988237 0.2822535 0.144034 0 0.4166667 0.1878378 0.425926 0.05692833 0.8927007 0.5046662 0.7777779 0.3737643 0.4156684 0.4911361 0.2166666 0.1281687 0.821815 0.2320362 0.840493 0.1926543 0.9933727 0.1926543 0.9933727 0.2320362 0.840493 0.3846144 0.8306816 0.2320362 0.840493 0.2502094 0.7337406 0.3846144 0.8306816 0.3846144 0.8306816 0.2502094 0.7337406 0.5046662 0.7777779 0.5046662 0.7777779 0.2502094 0.7337406 0.3737643 0.4156684 0.1463423 0.7150624 0.1878378 0.425926 0.2502094 0.7337406 0.2502094 0.7337406 0.1878378 0.425926 0.3737643 0.4156684 0.1463423 0.7150624 0.05692833 0.8927007 0.1878378 0.425926 0.05692833 0.8927007 0.1463423 0.7150624 0.1281687 0.821815 0.1926543 0.9933727 0.05692833 0.8927007 0.1281687 0.821815 1 0.4166666 0.8121622 0.4351853 0.9430716 0.8927007 0.6242815 0.4143877 0.5947054 0.216279 0.4908335 0.2166666 0.599244 0.7949778 0.7567006 0.7966762 0.4948039 0.7777778 0.4948039 0.7777778 0.7567006 0.7966762 0.4908335 0.2166666 0.8432921 0.712194 0.6242815 0.4143877 0.7567006 0.7966762 0.7567006 0.7966762 0.6242815 0.4143877 0.4908335 0.2166666 0.8718313 0.8218151 0.7567006 0.7966762 0.7877511 0.9804847 0.7877511 0.9804847 0.7567006 0.7966762 0.599244 0.7949778 0.8432921 0.712194 0.8121622 0.4351853 0.6242815 0.4143877 0.8432921 0.712194 0.9430716 0.8927007 0.8121622 0.4351853 0.9430716 0.8927007 0.8432921 0.712194 0.8718313 0.8218151 0.7877511 0.9804847 0.9430716 0.8927007 0.8718313 0.8218151 0.2236602 0.09576058 0.2033844 0.02655166 0.01633882 0.1686818 0.3215421 0.1988235 0.395199 0.2078586 0.2236602 0.09576058 0.2236602 0.09576058 0.395199 0.2078586 0.2033844 0.02655166 0.3429139 0.630541 0.3215421 0.1988235 0.1860589 0.3425901 0.1860589 0.3425901 0.1885591 0.5657853 0.3429139 0.630541 0.1860589 0.3425901 0.01633882 0.1686818 0.1885591 0.5657853 0.1885591 0.5657853 0.01633882 0.1686818 0 0.5833333 0.1878378 0.4351853 0.1751741 0.2103242 0.1916966 0.2485177 0.4052973 0.2163318 0.377407 0.4119246 0.2147738 0.2196452 0.2147738 0.2196452 0.377407 0.4119246 0.1916966 0.2485177 0.1878378 0.4351853 0.1916966 0.2485177 0.377407 0.4119246 0.1878378 0.4351853 0 0.4166667 0.1751741 0.2103242 0.1751741 0.2103242 0 0.4166667 0.04518455 0.1188445 0.4052973 0.2163318 0.2147738 0.2196452 0.2566738 0.03965955 0.2566738 0.03965955 0.2147738 0.2196452 0.1751741 0.2103242 0.2566738 0.03965955 0.1751741 0.2103242 0.04518455 0.1188445 0.3737643 0.4156684 0.377407 0.4119246 0.4911361 0.2166666 0.4911361 0.2166666 0.377407 0.4119246 0.4052973 0.2163318 0.05692833 0.8927007 0.02302139 0.8555244 0 0.4166667 0 0.4166667 0.02302139 0.8555244 0 0.5833333 0 0.4166667 0 0.5833333 0.04518455 0.1188445 0.04518455 0.1188445 0 0.5833333 0.01633882 0.1686818 0.1926543 0.9933727 0.2134498 0.9780562 0.05692833 0.8927007 0.05692833 0.8927007 0.2134498 0.9780562 0.02302139 0.8555244 0.3846144 0.8306816 0.4016101 0.792217 0.2134498 0.9780562 0.3846144 0.8306816 0.2134498 0.9780562 0.1926543 0.9933727 0.2320362 0.840493 0.1463421 0.8404929 0.2502096 0.8218151 0.2320362 0.840493 0.2502096 0.8218151 0.2502094 0.7337406 0.2502094 0.7337406 0.2502096 0.8218151 0.2320359 0.7150624 0.2502094 0.7337406 0.2320359 0.7150624 0.1463423 0.7150624 0.1463423 0.7150624 0.2320359 0.7150624 0.1281691 0.7337404 0.1463423 0.7150624 0.1281691 0.7337404 0.1281687 0.821815 0.1281687 0.821815 0.1281691 0.7337404 0.1463421 0.8404929 0.1281687 0.821815 0.1463421 0.8404929 0.2320362 0.840493 0.6257386 0.4152067 0.8121622 0.425926 0.5046662 0.7777779 0.8121622 0.425926 1 0.4166666 0.9769786 0.8555244 0.8536579 0.8404929 0.8718311 0.7337406 0.9769786 0.8555244 0.7962136 0.9807652 0.6263917 0.8800662 0.5046662 0.7777779 0.6257386 0.4152067 0.5046662 0.7777779 0.4911361 0.2166666 0.6257386 0.4152067 0.4911361 0.2166666 0.5949235 0.2151274 0.8121622 0.425926 0.8718311 0.7337406 0.767964 0.7150624 0.9769786 0.8555244 0.8718311 0.7337406 0.8121622 0.425926 0.7962136 0.9807652 0.7497904 0.8218151 0.8536579 0.8404929 0.8536579 0.8404929 0.9769786 0.8555244 0.7962136 0.9807652 0.5046662 0.7777779 0.767964 0.7150624 0.7497904 0.8218151 0.7962136 0.9807652 0.5046662 0.7777779 0.7497904 0.8218151 0.8121622 0.425926 0.767964 0.7150624 0.5046662 0.7777779 0.04518455 0.1188445 0.01633882 0.1686818 0.2033844 0.02655166 0.04518455 0.1188445 0.2033844 0.02655166 0.2566738 0.03965955 0.4052973 0.2163318 0.2566738 0.03965955 0.395199 0.2078586 0.395199 0.2078586 0.2566738 0.03965955 0.2033844 0.02655166 0.1916966 0.2485177 0.1866817 0.2485176 0.2032042 0.2103242 0.1916966 0.2485177 0.2032042 0.2103242 0.2147738 0.2196452 0.2147738 0.2196452 0.2032042 0.2103242 0.1751741 0.2103242 0.1751741 0.2103242 0.2032042 0.2103242 0.1636045 0.2196452 0.1751741 0.2103242 0.1636045 0.2196452 0.1866817 0.2485176 0.1751741 0.2103242 0.1866817 0.2485176 0.1916966 0.2485177 1 0.5166329 0.9859465 0.1601867 0.8115898 0.5664529 0.6820362 0.058375 0.6089935 0.2115086 0.699922 0.2708114 0.7453037 0.1128049 0.8249283 0.02398085 0.6820362 0.058375 0.7453037 0.1128049 0.6820362 0.058375 0.699922 0.2708114 0.8249283 0.02398085 0.7453037 0.1128049 0.910279 0.1510171 0.910279 0.1510171 0.8740229 0.3284754 0.9859465 0.1601867 0.9859465 0.1601867 0.8740229 0.3284754 0.8115898 0.5664529 0.699922 0.2708114 0.6551516 0.6318591 0.8740229 0.3284754 0.910279 0.1510171 0.9859465 0.1601867 0.8249283 0.02398085 0.8115898 0.5664529 0.8740229 0.3284754 0.6551516 0.6318591 0.7763398 0.09576058 0.7970113 0.02644395 0.9836612 0.1686818 0.6785202 0.1987885 0.6049134 0.2079355 0.7763398 0.09576058 0.7763398 0.09576058 0.6049134 0.2079355 0.7970113 0.02644395 0.813941 0.3425901 0.9836612 0.1686818 0.8114408 0.5657853 0.8114408 0.5657853 0.9836612 0.1686818 1 0.5833333 0.6443044 0.6536813 0.6785202 0.1987885 0.813941 0.3425901 0.813941 0.3425901 0.8114408 0.5657853 0.6443044 0.6536813 0.9769786 0.8555244 0.9430717 0.8927008 0.7962136 0.9807652 0.7962136 0.9807652 0.9430717 0.8927008 0.7747146 0.9763794 0.7962136 0.9807652 0.7747146 0.9763794 0.6263917 0.8800662 0.6263917 0.8800662 0.7747146 0.9763794 0.5969657 0.7891785 0.6263917 0.8800662 0.5969657 0.7891785 0.5046662 0.7777779 0.8536579 0.8404929 0.7679638 0.840493 0.8718312 0.8218151 0.8536579 0.8404929 0.8718312 0.8218151 0.8718311 0.7337406 0.8718311 0.7337406 0.8718312 0.8218151 0.8536576 0.7150624 0.8718311 0.7337406 0.8536576 0.7150624 0.767964 0.7150624 0.767964 0.7150624 0.8536576 0.7150624 0.7497909 0.7337404 0.767964 0.7150624 0.7497909 0.7337404 0.7497904 0.8218151 0.7497904 0.8218151 0.7497909 0.7337404 0.7679638 0.840493 0.7497904 0.8218151 0.7679638 0.840493 0.8536579 0.8404929 0.5949235 0.2151274 0.6820362 0.058375 0.7616893 0.02886193 0.7616893 0.02886193 0.6820362 0.058375 0.8249283 0.02398085 0.5949235 0.2151274 0.6089935 0.2115086 0.6820362 0.058375 0.7616893 0.02886193 0.8249283 0.02398085 0.9567913 0.1189069 0.9567913 0.1189069 0.8249283 0.02398085 0.9859465 0.1601867 0.8133183 0.2485177 0.8083034 0.2485176 0.8248259 0.2103242 0.8133183 0.2485177 0.8248259 0.2103242 0.8363955 0.2196452 0.8363955 0.2196452 0.8248259 0.2103242 0.7967957 0.2103242 0.7967957 0.2103242 0.8248259 0.2103242 0.7852262 0.2196452 0.7967957 0.2103242 0.7852262 0.2196452 0.8083034 0.2485176 0.7967957 0.2103242 0.8083034 0.2485176 0.8133183 0.2485177 0.599244 0.7949778 0.4948039 0.7777778 0.5983899 0.792217 0.5983899 0.792217 0.4948039 0.7777778 0.5955897 0.7691845 0.4016101 0.792217 0.5046662 0.7777779 0.4039763 0.7655035 0.4948039 0.7777778 0.4030343 0.7891785 0.4039763 0.7655035 0.4948039 0.7777778 0.4039763 0.7655035 0.5046662 0.7777779 0.4948039 0.7777778 0.5046662 0.7777779 0.5955897 0.7691845 0.5955897 0.7691845 0.5046662 0.7777779 0.5969657 0.7891785 0.3846144 0.8306816 0.5046662 0.7777779 0.4016101 0.792217 0.9567913 0.1189069 0.9859465 0.1601867 1 0.5166329 1 0.4166666 1 0.5166329 0.9769786 0.8555244 0.9769786 0.8555244 1 0.5166329 0.9430717 0.8927008 0.5949235 0.2151274 0.8121622 0.4351853 0.6230423 0.4124354 0.8121622 0.4351853 0.8133183 0.2485177 1 0.5166329 1 0.5166329 0.8133183 0.2485177 0.8363955 0.2196452 1 0.5166329 0.8363955 0.2196452 0.9567913 0.1189069 0.7967957 0.2103242 0.7616893 0.02886193 0.9567913 0.1189069 0.7967957 0.2103242 0.9567913 0.1189069 0.8363955 0.2196452 0.7616893 0.02886193 0.7967957 0.2103242 0.5949235 0.2151274 0.5949235 0.2151274 0.7967957 0.2103242 0.8121622 0.4351853 0.8121622 0.4351853 0.7967957 0.2103242 0.8133183 0.2485177 1 0.4166666 0.8121622 0.425926 1 0.5166329 1 0.5166329 0.8121622 0.425926 0.8121622 0.4351853 0.6257386 0.4152067 0.5949235 0.2151274 0.6230423 0.4124354 0.6230423 0.4124354 0.8121622 0.4351853 0.6257386 0.4152067 0.6257386 0.4152067 0.8121622 0.4351853 0.8121622 0.425926 0.7497909 0.7337404 0.6712603 0.62947 0.5969657 0.7891785 0.7497909 0.7337404 0.5969657 0.7891785 0.7679638 0.840493 0.7679638 0.840493 0.7747146 0.9763794 0.8718312 0.8218151 0.7747146 0.9763794 0.7679638 0.840493 0.5969657 0.7891785 0.7497909 0.7337404 0.8121584 0.569462 0.6712603 0.62947 0.8121584 0.569462 0.7497909 0.7337404 0.8536576 0.7150624 0.8121584 0.569462 0.8536576 0.7150624 1 0.5166329 1 0.5166329 0.8536576 0.7150624 0.9430717 0.8927008 0.7747146 0.9763794 0.9430717 0.8927008 0.8718312 0.8218151 0.8718312 0.8218151 0.9430717 0.8927008 0.8536576 0.7150624 0.6712603 0.62947 0.5955897 0.7691845 0.5969657 0.7891785 0.6712603 0.62947 0.6551516 0.6318591 0.5955897 0.7691845 0.8121584 0.569462 0.8115898 0.5664529 0.6712603 0.62947 0.6712603 0.62947 0.8115898 0.5664529 0.6551516 0.6318591 0.8121584 0.569462 1 0.5166329 0.8115898 0.5664529 0.7877511 0.9804847 0.786328 0.9779958 0.9430716 0.8927007 0.9430716 0.8927007 0.786328 0.9779958 0.9769786 0.8555244 0.599244 0.7949778 0.5983899 0.792217 0.786328 0.9779958 0.599244 0.7949778 0.786328 0.9779958 0.7877511 0.9804847 0.7567006 0.7966762 0.8536579 0.840493 0.7497904 0.8218151 0.7567006 0.7966762 0.7497904 0.8218151 0.767964 0.7150624 0.7567006 0.7966762 0.767964 0.7150624 0.8432921 0.712194 0.8432921 0.712194 0.767964 0.7150624 0.8718308 0.7337403 0.8432921 0.712194 0.8718308 0.7337403 0.8718313 0.8218151 0.8718313 0.8218151 0.8718308 0.7337403 0.8536579 0.840493 0.8718313 0.8218151 0.8536579 0.840493 0.7567006 0.7966762 0.5947054 0.216279 0.743165 0.0397033 0.6049134 0.2079355 0.6049134 0.2079355 0.743165 0.0397033 0.7970113 0.02644395 0.9548154 0.1188445 0.9836612 0.1686818 0.7970113 0.02644395 0.9548154 0.1188445 0.7970113 0.02644395 0.743165 0.0397033 0.3742614 0.4152068 0.1878378 0.425926 0.4948039 0.7777778 0.1878378 0.425926 0 0.4166666 0.02302139 0.8555244 0.1463421 0.8404929 0.1281689 0.7337406 0.02302139 0.8555244 0.2037864 0.9807652 0.3736082 0.880066 0.4948039 0.7777778 0.3742614 0.4152068 0.4948039 0.7777778 0.4908335 0.2166666 0.1878378 0.425926 0.1281689 0.7337406 0.232036 0.7150624 0.2502096 0.8218151 0.4948039 0.7777778 0.232036 0.7150624 0.1463421 0.8404929 0.2037864 0.9807652 0.2502096 0.8218151 0.1463421 0.8404929 0.02302139 0.8555244 0.2037864 0.9807652 0.02302139 0.8555244 0.1281689 0.7337406 0.1878378 0.425926 0.1878378 0.425926 0.232036 0.7150624 0.4948039 0.7777778 0.4948039 0.7777778 0.2502096 0.8218151 0.2037864 0.9807652 0.9836612 0.1686818 0.9548154 0.1188445 1 0.5833333 1 0.5833333 0.9548154 0.1188445 1 0.4166666 1 0.5833333 1 0.4166666 0.9769786 0.8555244 0.9769786 0.8555244 1 0.4166666 0.9430716 0.8927007 0.8121622 0.425926 0.8248259 0.2103242 0.8083034 0.2485176 0.5947054 0.216279 0.7852262 0.2196452 0.743165 0.0397033 0.743165 0.0397033 0.7852262 0.2196452 0.8248259 0.2103242 0.743165 0.0397033 0.8248259 0.2103242 0.9548154 0.1188445 0.8121622 0.425926 1 0.4166666 0.8248259 0.2103242 0.8248259 0.2103242 1 0.4166666 0.9548154 0.1188445 0.8121622 0.425926 0.8083034 0.2485176 0.6244595 0.4132255 0.5947054 0.216279 0.6244595 0.4132255 0.7852262 0.2196452 0.7852262 0.2196452 0.6244595 0.4132255 0.8083034 0.2485176 0.8121622 0.4351853 1 0.4166666 0.8121622 0.425926 0.6242815 0.4143877 0.6244595 0.4132255 0.5947054 0.216279 0.6242815 0.4143877 0.8121622 0.4351853 0.6244595 0.4132255 0.6244595 0.4132255 0.8121622 0.4351853 0.8121622 0.425926 0.8115898 0.5664529 0.5983899 0.792217 0.6602087 0.6309073 0.8536579 0.840493 0.786328 0.9779958 0.7497904 0.8218151 0.8536579 0.840493 0.9769786 0.8555244 0.786328 0.9779958 1 0.5833333 0.8718308 0.7337403 0.8115898 0.5664529 0.8115898 0.5664529 0.8718308 0.7337403 0.767964 0.7150624 0.5983899 0.792217 0.7497904 0.8218151 0.786328 0.9779958 0.8115898 0.5664529 0.767964 0.7150624 0.5983899 0.792217 0.8536579 0.840493 0.8718308 0.7337403 0.9769786 0.8555244 0.9769786 0.8555244 0.8718308 0.7337403 1 0.5833333 0.767964 0.7150624 0.7497904 0.8218151 0.5983899 0.792217 0.8114408 0.5657853 0.8115898 0.5664529 0.6443044 0.6536813 0.6443044 0.6536813 0.8115898 0.5664529 0.6602087 0.6309073 0.5983899 0.792217 0.6443044 0.6536813 0.6602087 0.6309073 0.5955897 0.7691845 0.6443044 0.6536813 0.5983899 0.792217 1 0.5833333 0.8115898 0.5664529 0.8114408 0.5657853 0.6049134 0.2079355 0.5955897 0.7691845 0.6089935 0.2115086 0.6551516 0.6318591 0.6089935 0.2115086 0.5955897 0.7691845 0.699922 0.2708114 0.6089935 0.2115086 0.6551516 0.6318591 0.6785202 0.1987885 0.6443044 0.6536813 0.6049134 0.2079355 0.6049134 0.2079355 0.6443044 0.6536813 0.5955897 0.7691845 0.699922 0.2708114 0.6785202 0.1987885 0.7453037 0.1128049 0.7453037 0.1128049 0.6785202 0.1987885 0.7763398 0.09576058 0.7453037 0.1128049 0.7763398 0.09576058 0.910279 0.1510171 0.910279 0.1510171 0.7763398 0.09576058 0.9836612 0.1686818 0.910279 0.1510171 0.9836612 0.1686818 0.8740229 0.3284754 0.8740229 0.3284754 0.9836612 0.1686818 0.813941 0.3425901 0.8740229 0.3284754 0.813941 0.3425901 0.699922 0.2708114 0.699922 0.2708114 0.813941 0.3425901 0.6785202 0.1987885 0.395199 0.2078586 0.3908258 0.2114427 0.5947054 0.216279 0.3908258 0.2114427 0.4908335 0.2166666 0.5947054 0.216279 0.395199 0.2078586 0.5947054 0.216279 0.6049134 0.2079355 0.395199 0.2078586 0.6049134 0.2079355 0.4052973 0.2163318 0.4052973 0.2163318 0.6049134 0.2079355 0.6089935 0.2115086 0.4052973 0.2163318 0.6089935 0.2115086 0.4911361 0.2166666 0.5949235 0.2151274 0.4911361 0.2166666 0.6089935 0.2115086 0.4050571 0.2150368 0.4908335 0.2166666 0.3908258 0.2114427 0.1878378 0.425926 0 0.4166667 0.1878378 0.4351853 0.1878378 0.425926 0.1878378 0.4351853 0.3737643 0.4156684 0.3737643 0.4156684 0.1878378 0.4351853 0.377407 0.4119246 0.1884101 0.5664529 0.4016101 0.792217 0.3397912 0.6309074 0.1463421 0.8404929 0.1281691 0.7337404 0.02302139 0.8555244 0.02302139 0.8555244 0.1281691 0.7337404 0 0.5833333 0 0.5833333 0.1281691 0.7337404 0.1884101 0.5664529 0.1884101 0.5664529 0.1281691 0.7337404 0.2320359 0.7150624 0.1463421 0.8404929 0.2134498 0.9780562 0.2502096 0.8218151 0.1463421 0.8404929 0.02302139 0.8555244 0.2134498 0.9780562 0.4016101 0.792217 0.2502096 0.8218151 0.2134498 0.9780562 0.1884101 0.5664529 0.2320359 0.7150624 0.4016101 0.792217 0.2320359 0.7150624 0.2502096 0.8218151 0.4016101 0.792217 0 0.5833333 0.1884101 0.5664529 0.1885591 0.5657853 0.4016101 0.792217 0.4039763 0.7655035 0.3397912 0.6309074 0.3397912 0.6309074 0.4039763 0.7655035 0.3429139 0.630541 0.3397912 0.6309074 0.3429139 0.630541 0.1884101 0.5664529 0.1884101 0.5664529 0.3429139 0.630541 0.1885591 0.5657853 0 0.5166329 0.01405334 0.1601867 0.1884101 0.5664529 0.2546963 0.1128049 0.3179638 0.058375 0.300078 0.2708114 0.300078 0.2708114 0.3179638 0.058375 0.3908258 0.2114427 0.2546963 0.1128049 0.1750717 0.02398085 0.3179638 0.058375 0.1750717 0.02398085 0.2546963 0.1128049 0.08972102 0.1510171 0.08972102 0.1510171 0.1259772 0.3284754 0.01405334 0.1601867 0.01405334 0.1601867 0.1259772 0.3284754 0.1884101 0.5664529 0.300078 0.2708114 0.3550879 0.650211 0.1259772 0.3284754 0.1259772 0.3284754 0.3550879 0.650211 0.1884101 0.5664529 0.08972102 0.1510171 0.01405334 0.1601867 0.1750717 0.02398085 0.02302139 0.8555244 0.05692827 0.8927008 0.2037864 0.9807652 0.2037864 0.9807652 0.05692827 0.8927008 0.2252854 0.9763794 0.2037864 0.9807652 0.2252854 0.9763794 0.3736082 0.880066 0.3736082 0.880066 0.2252854 0.9763794 0.4030343 0.7891785 0.3736082 0.880066 0.4030343 0.7891785 0.4948039 0.7777778 0.1463421 0.8404929 0.2320362 0.840493 0.1281687 0.8218151 0.1463421 0.8404929 0.1281687 0.8218151 0.1281689 0.7337406 0.1281689 0.7337406 0.1281687 0.8218151 0.1463424 0.7150624 0.1281689 0.7337406 0.1463424 0.7150624 0.232036 0.7150624 0.232036 0.7150624 0.1463424 0.7150624 0.2502092 0.7337403 0.232036 0.7150624 0.2502092 0.7337403 0.2502096 0.8218151 0.2502096 0.8218151 0.2502092 0.7337403 0.2320362 0.840493 0.2502096 0.8218151 0.2320362 0.840493 0.1463421 0.8404929 0.4050571 0.2150368 0.3179638 0.058375 0.2383106 0.02886193 0.2383106 0.02886193 0.3179638 0.058375 0.1750717 0.02398085 0.4050571 0.2150368 0.3908258 0.2114427 0.3179638 0.058375 0.2383106 0.02886193 0.1750717 0.02398085 0.04320865 0.1189069 0.04320865 0.1189069 0.1750717 0.02398085 0.01405334 0.1601867 0.04320865 0.1189069 0.01405334 0.1601867 0 0.5166329 0 0.4166666 0 0.5166329 0.02302139 0.8555244 0.02302139 0.8555244 0 0.5166329 0.05692827 0.8927008 0.1878378 0.4351853 0.2032042 0.2103242 0.1866817 0.2485176 0.2032042 0.2103242 0.04320865 0.1189069 0.1636045 0.2196452 0.2032042 0.2103242 0.2383106 0.02886193 0.04320865 0.1189069 0.1878378 0.4351853 0.1866817 0.2485176 0 0.5166329 0.4050571 0.2150368 0.2032042 0.2103242 0.1878378 0.4351853 0.4050571 0.2150368 0.1878378 0.4351853 0.3769577 0.4124354 0 0.5166329 0.1866817 0.2485176 0.1636045 0.2196452 0 0.5166329 0.1636045 0.2196452 0.04320865 0.1189069 0.2383106 0.02886193 0.2032042 0.2103242 0.4050571 0.2150368 0 0.4166666 0.1878378 0.425926 0 0.5166329 0 0.5166329 0.1878378 0.425926 0.1878378 0.4351853 0.3742614 0.4152068 0.4908335 0.2166666 0.3769577 0.4124354 0.3769577 0.4124354 0.4908335 0.2166666 0.4050571 0.2150368 0.3769577 0.4124354 0.1878378 0.4351853 0.3742614 0.4152068 0.3742614 0.4152068 0.1878378 0.4351853 0.1878378 0.425926 0.2502092 0.7337403 0.3287397 0.62947 0.4030343 0.7891785 0.2502092 0.7337403 0.4030343 0.7891785 0.2320362 0.840493 0.2320362 0.840493 0.2252854 0.9763794 0.1281687 0.8218151 0.2252854 0.9763794 0.2320362 0.840493 0.4030343 0.7891785 0.1878417 0.569462 0.3287397 0.62947 0.2502092 0.7337403 0.1878417 0.569462 0.2502092 0.7337403 0.1463424 0.7150624 0.1878417 0.569462 0.1463424 0.7150624 0 0.5166329 0 0.5166329 0.1463424 0.7150624 0.05692827 0.8927008 0.2252854 0.9763794 0.05692827 0.8927008 0.1281687 0.8218151 0.05692827 0.8927008 0.1463424 0.7150624 0.1281687 0.8218151 0.3287397 0.62947 0.3550879 0.650211 0.4030343 0.7891785 0.4030343 0.7891785 0.3550879 0.650211 0.4039763 0.7655035 0.1878417 0.569462 0.1884101 0.5664529 0.3287397 0.62947 0.3287397 0.62947 0.1884101 0.5664529 0.3550879 0.650211 0.1878417 0.569462 0 0.5166329 0.1884101 0.5664529 0.300078 0.2708114 0.3908258 0.2114427 0.3550879 0.650211 0.395199 0.2078586 0.4039763 0.7655035 0.3908258 0.2114427 0.3908258 0.2114427 0.4039763 0.7655035 0.3550879 0.650211 0.395199 0.2078586 0.3429139 0.630541 0.4039763 0.7655035 0.3215421 0.1988235 0.3429139 0.630541 0.395199 0.2078586 0.300078 0.2708114 0.3215421 0.1988235 0.2546963 0.1128049 0.2546963 0.1128049 0.3215421 0.1988235 0.2236602 0.09576058 0.2546963 0.1128049 0.2236602 0.09576058 0.08972102 0.1510171 0.08972102 0.1510171 0.2236602 0.09576058 0.01633882 0.1686818 0.08972102 0.1510171 0.01633882 0.1686818 0.1259772 0.3284754 0.1259772 0.3284754 0.01633882 0.1686818 0.1860589 0.3425901 0.1259772 0.3284754 0.1860589 0.3425901 0.300078 0.2708114 0.300078 0.2708114 0.1860589 0.3425901 0.3215421 0.1988235 0.7097368 0.3882777 0.7589681 0.453587 0.6822085 0.546413 0.7097368 0.3882777 0.6822085 0.546413 0.6548693 0.5184475 0.6548693 0.5184475 0.6822085 0.546413 0.758968 0.546413 0.758968 0.546413 0.6822085 0.546413 0.7589681 0.453587 0.758968 0.546413 0.7589681 0.453587 0.7097368 0.3882777 0.6918707 0.4983922 0.7325906 0.5344285 0.7314074 0.4659264 0.05294114 0.1775 0.06586468 0.1340795 0.04147583 0.09535664 0.05294114 0.1775 0.04147583 0.09535664 0.02740764 0.05576974 0.02740764 0.05576974 0.04147583 0.09535664 0.07233685 0.0888369 0.07233685 0.0888369 0.04147583 0.09535664 0.07483947 0.08099371 0.07233685 0.0888369 0.07483947 0.08099371 0.06586468 0.1340795 0.07233685 0.0888369 0.06586468 0.1340795 0.05294114 0.1775 0.1009206 0.9445252 0.05609208 0.9294909 0.02804523 0.9401286 0.02804523 0.9401286 0.05609208 0.9294909 0.0476433 0.8727728 0.02804523 0.9401286 0.0476433 0.8727728 0.07166844 0.8800711 0.07166844 0.8800711 0.0476433 0.8727728 0.1037368 0.8899973 0.07166844 0.8800711 0.1037368 0.8899973 0.05609208 0.9294909 0.07166844 0.8800711 0.05609208 0.9294909 0.1009206 0.9445252 0.8595077 0.9429728 0.9041 0.9440794 0.8394278 0.908837 0.8595077 0.9429728 0.8394278 0.908837 0.8328945 0.90803 0.8328945 0.90803 0.8394278 0.908837 0.9167889 0.9071074 0.9167889 0.9071074 0.8394278 0.908837 0.8729879 0.90803 0.9167889 0.9071074 0.8729879 0.90803 0.8595077 0.9429728 0.8595077 0.9429728 0.8729879 0.90803 0.9041 0.9440794 0.8394278 0.09116303 0.9167889 0.09289258 0.8328945 0.09196996 0.8394278 0.09116303 0.8328945 0.09196996 0.8595077 0.05702722 0.8394278 0.09116303 0.8595077 0.05702722 0.8599823 0.04592049 0.8599823 0.04592049 0.8595077 0.05702722 0.8729878 0.09197002 0.8729878 0.09197002 0.8595077 0.05702722 0.9167889 0.09289258 0.8729878 0.09197002 0.9167889 0.09289258 0.8394278 0.09116303 0.1009206 0.9445252 0.1475263 0.9502834 0.1434335 0.8970273 0.1434335 0.8970273 0.1475263 0.9502834 0.1037368 0.8899973 0.1434335 0.8970273 0.1037368 0.8899973 0.1700467 0.9080301 0.1434335 0.8970273 0.1700467 0.9080301 0.1700467 0.93197 0.1700467 0.93197 0.1700467 0.9080301 0.1475263 0.9502834 0.1700467 0.93197 0.1475263 0.9502834 0.1009206 0.9445252 0.06307482 0.2740062 0.06057214 0.2661631 0.02971106 0.2596434 0.02971106 0.2596434 0.06057214 0.2661631 0.02744394 0.2585588 0.02971106 0.2596434 0.02744394 0.2585588 0.0450012 0.2168292 0.02971106 0.2596434 0.0450012 0.2168292 0.05294114 0.1775 0.05294114 0.1775 0.0450012 0.2168292 0.06057214 0.2661631 0.05294114 0.1775 0.06057214 0.2661631 0.06307482 0.2740062 0.9167889 0.9071074 0.9041 0.9440794 0.9276631 0.8888369 0.9167889 0.9071074 0.9276631 0.8888369 0.9482177 0.8659206 0.9482177 0.8659206 0.9276631 0.8888369 0.9605799 0.8978199 0.9482177 0.8659206 0.9605799 0.8978199 0.9716882 0.9497733 0.9716882 0.9497733 0.9605799 0.8978199 0.9041 0.9440794 0.9716882 0.9497733 0.9041 0.9440794 0.9167889 0.9071074 0.9276631 0.1111631 0.9482177 0.1340794 0.9167889 0.09289258 0.9276631 0.1111631 0.9167889 0.09289258 0.9482176 0.06592053 0.9482176 0.06592053 0.9167889 0.09289258 0.9715594 0.04666686 0.9482176 0.06592053 0.9715594 0.04666686 0.9605655 0.1022191 0.9605655 0.1022191 0.9715594 0.04666686 0.9482177 0.1340794 0.9605655 0.1022191 0.9482177 0.1340794 0.9276631 0.1111631 0.9751491 0.03299474 0.9605655 0.1022191 0.9716882 0.9497733 0.9715594 0.04666686 0.9751491 0.03299474 0.9745654 0.9680473 0.9745654 0.9680473 0.9751491 0.03299474 0.9716882 0.9497733 0.3014706 0.9803715 0.02804523 0.9401286 0.3040188 0.888812 0.3040188 0.888812 0.02804523 0.9401286 0.02118766 0.9591332 0.3040188 0.888812 0.02118766 0.9591332 0.6092307 0.9201555 0.6092307 0.9201555 0.02118766 0.9591332 0.9745654 0.9680473 0.6092307 0.9201555 0.9745654 0.9680473 0.6087543 0.9309715 0.6087543 0.9309715 0.9745654 0.9680473 0.9716882 0.9497733 0.3073529 0.805 0.3014706 0.9803715 0.3040188 0.888812 0.6092307 0.9201555 0.6087543 0.9309715 0.3040188 0.888812 0.3040188 0.888812 0.6087543 0.9309715 0.3073529 0.805 0.1434335 0.8970273 0.1700467 0.93197 0.3073529 0.805 0.3073529 0.805 0.1700467 0.93197 0.3014706 0.9803715 0.1009206 0.9445252 0.1434335 0.8970273 0.07166844 0.8800711 0.07166844 0.8800711 0.1434335 0.8970273 0.3073529 0.805 0.1700467 0.93197 0.1009206 0.9445252 0.3014706 0.9803715 0.3014706 0.9803715 0.1009206 0.9445252 0.02804523 0.9401286 0.3014706 0.01868271 0.07233685 0.0888369 0.3061765 0.1929999 0.7314074 0.4659264 0.6095654 0.06270712 0.3061765 0.1929999 0.7314074 0.4659264 0.9276631 0.1111631 0.8729878 0.09197002 0.9276631 0.1111631 0.9482176 0.06592053 0.8729878 0.09197002 0.8729878 0.09197002 0.9482176 0.06592053 0.9751491 0.03299474 0.9482176 0.06592053 0.9605655 0.1022191 0.9751491 0.03299474 0.7325906 0.5344285 0.9167889 0.9071074 0.9482177 0.8659206 0.9605655 0.1022191 0.9482177 0.8659206 0.9716882 0.9497733 0.05294114 0.1775 0.06307482 0.2740062 0.3061765 0.1929999 0.3061765 0.1929999 0.06307482 0.2740062 0.3073529 0.805 0.3073529 0.805 0.06307482 0.2740062 0.02971106 0.2596434 0.02740764 0.05576974 0.02971106 0.2596434 0.05294114 0.1775 0.02804523 0.9401286 0.02971106 0.2596434 0.02740764 0.05576974 0.7314074 0.4659264 0.8729878 0.09197002 0.8394278 0.09116303 0.8394278 0.09116303 0.8599823 0.04592049 0.6095654 0.06270712 0.6095654 0.06270712 0.8599823 0.04592049 0.9751491 0.03299474 0.9751491 0.03299474 0.8599823 0.04592049 0.8729878 0.09197002 0.9716882 0.9497733 0.8595077 0.9429728 0.6087543 0.9309715 0.8595077 0.9429728 0.8328945 0.90803 0.6087543 0.9309715 0.9167889 0.9071074 0.8595077 0.9429728 0.9716882 0.9497733 0.6087543 0.9309715 0.8328945 0.90803 0.7325906 0.5344285 0.02971106 0.2596434 0.02804523 0.9401286 0.07166844 0.8800711 0.02971106 0.2596434 0.07166844 0.8800711 0.3073529 0.805 0.07233685 0.0888369 0.05294114 0.1775 0.3061765 0.1929999 0.02740764 0.05576974 0.07233685 0.0888369 0.3014706 0.01868271 0.6087543 0.9309715 0.7325906 0.5344285 0.3073529 0.805 0.7325906 0.5344285 0.6918707 0.4983922 0.3073529 0.805 0.3061765 0.1929999 0.3073529 0.805 0.6918707 0.4983922 0.3061765 0.1929999 0.6918707 0.4983922 0.7314074 0.4659264 0.8328945 0.90803 0.9167889 0.9071074 0.7325906 0.5344285 0.6095654 0.06270712 0.7314074 0.4659264 0.8394278 0.09116303 0.7325906 0.5344285 0.9482177 0.8659206 0.9605655 0.1022191 0.7325906 0.5344285 0.9605655 0.1022191 0.7314074 0.4659264 0.7314074 0.4659264 0.9605655 0.1022191 0.9276631 0.1111631 0.3047794 0.1906249 0.3014706 0.01868271 0.3061765 0.1929999 0.6095654 0.06270712 0.9751491 0.03299474 0.6084267 0.0982598 0.6084267 0.0982598 0.9751491 0.03299474 0.9715594 0.04666686 0.6084267 0.0982598 0.9715594 0.04666686 0.3014706 0.01868271 0.3014706 0.01868271 0.9715594 0.04666686 0.02519196 0.0347746 0.3014706 0.01868271 0.02519196 0.0347746 0.02740764 0.05576974 0.6095654 0.06270712 0.6084267 0.0982598 0.3061765 0.1929999 0.3061765 0.1929999 0.6084267 0.0982598 0.3047794 0.1906249 0.3047794 0.1906249 0.6084267 0.0982598 0.3014706 0.01868271 0.02118766 0.9591332 0.02804523 0.9401286 0.02519196 0.0347746 0.02519196 0.0347746 0.02804523 0.9401286 0.02740764 0.05576974 0.02118766 0.9591332 0.1475263 0.9502834 0.9745654 0.9680473 0.9745654 0.9680473 0.9605799 0.8978199 0.9715594 0.04666686 0.9745654 0.9680473 0.9041 0.9440794 0.9605799 0.8978199 0.9605799 0.8978199 0.9482177 0.1340794 0.9715594 0.04666686 0.9167889 0.09289258 0.9482177 0.1340794 0.9605799 0.8978199 0.7097368 0.3882777 0.06057214 0.2661631 0.0450012 0.2168292 0.02744394 0.2585588 0.06057214 0.2661631 0.0476433 0.8727728 0.02519196 0.0347746 0.02744394 0.2585588 0.02118766 0.9591332 0.6548693 0.5184475 0.1475263 0.9502834 0.1700467 0.9080301 0.6548693 0.5184475 0.1700467 0.9080301 0.1037368 0.8899973 0.6548693 0.5184475 0.1037368 0.8899973 0.0476433 0.8727728 0.1475263 0.9502834 0.05609208 0.9294909 0.1037368 0.8899973 0.8595077 0.05702722 0.02519196 0.0347746 0.9715594 0.04666686 0.9167889 0.09289258 0.8595077 0.05702722 0.9715594 0.04666686 0.02519196 0.0347746 0.8595077 0.05702722 0.8328945 0.09196996 0.8328945 0.09196996 0.9167889 0.09289258 0.7097368 0.3882777 0.9276631 0.8888369 0.8729879 0.90803 0.8394278 0.908837 0.9041 0.9440794 0.8729879 0.90803 0.9276631 0.8888369 0.8394278 0.908837 0.9041 0.9440794 0.1475263 0.9502834 0.1475263 0.9502834 0.9041 0.9440794 0.9745654 0.9680473 0.02744394 0.2585588 0.0476433 0.8727728 0.02118766 0.9591332 0.02118766 0.9591332 0.0476433 0.8727728 0.05609208 0.9294909 0.02118766 0.9591332 0.05609208 0.9294909 0.1475263 0.9502834 0.02519196 0.0347746 0.04147583 0.09535664 0.0450012 0.2168292 0.7097368 0.3882777 0.07483947 0.08099371 0.02519196 0.0347746 0.02519196 0.0347746 0.07483947 0.08099371 0.04147583 0.09535664 0.0450012 0.2168292 0.04147583 0.09535664 0.06586468 0.1340795 0.0450012 0.2168292 0.06586468 0.1340795 0.7097368 0.3882777 0.9167889 0.09289258 0.9605799 0.8978199 0.9276631 0.8888369 0.9167889 0.09289258 0.9276631 0.8888369 0.8394278 0.908837 0.02519196 0.0347746 0.8328945 0.09196996 0.7097368 0.3882777 0.07483947 0.08099371 0.7097368 0.3882777 0.06586468 0.1340795 0.758968 0.546413 0.7097368 0.3882777 0.9167889 0.09289258 0.8394278 0.908837 0.758968 0.546413 0.9167889 0.09289258 0.6548693 0.5184475 0.758968 0.546413 0.8394278 0.908837 0.6548693 0.5184475 0.8394278 0.908837 0.1475263 0.9502834 0.02519196 0.0347746 0.0450012 0.2168292 0.02744394 0.2585588 0.7097368 0.3882777 0.0476433 0.8727728 0.06057214 0.2661631 0.7097368 0.3882777 0.6548693 0.5184475 0.0476433 0.8727728 0.07094991 0.07554519 0.02998375 0.0401135 0.0232166 0.1563938 0.07094991 0.07554519 0.0232166 0.1563938 0.014656 0.1174082 0.014656 0.1174082 0.0232166 0.1563938 0.0617634 0.1761578 0.014656 0.1174082 0.0617634 0.1761578 0.06989037 0.1757224 0.06989037 0.1757224 0.0617634 0.1761578 0.07094991 0.07554519 0.07094991 0.07554519 0.0617634 0.1761578 0.02998375 0.0401135 0.03670382 0.9025761 0.06116944 0.8549434 0.03690886 0.9125 0.03670382 0.9025761 0.03690886 0.9125 0.07576102 0.9638411 0.07576102 0.9638411 0.03690886 0.9125 0.09660166 0.924481 0.07576102 0.9638411 0.09660166 0.924481 0.09005594 0.8938644 0.09005594 0.8938644 0.09660166 0.924481 0.06116944 0.8549434 0.09005594 0.8938644 0.06116944 0.8549434 0.03670382 0.9025761 0.9257485 0.03672629 0.9555618 0.07938504 0.9034487 0.08663731 0.9257485 0.03672629 0.9034487 0.08663731 0.910511 0.1070001 0.910511 0.1070001 0.9034487 0.08663731 0.9388306 0.1450565 0.910511 0.1070001 0.9388306 0.1450565 0.9633212 0.09730887 0.9633212 0.09730887 0.9388306 0.1450565 0.9555618 0.07938504 0.9633212 0.09730887 0.9555618 0.07938504 0.9257485 0.03672629 0.9533028 0.8755453 0.9444736 0.8474196 0.916354 0.9265303 0.9533028 0.8755453 0.916354 0.9265303 0.8849734 0.8711534 0.8849734 0.8711534 0.916354 0.9265303 0.9265424 0.9659028 0.9265424 0.9659028 0.916354 0.9265303 0.9739037 0.9558985 0.9265424 0.9659028 0.9739037 0.9558985 0.9533028 0.8755453 0.9533028 0.8755453 0.9739037 0.9558985 0.9444736 0.8474196 0.9739037 0.9558985 0.1577852 0.9565597 0.02376306 0.9570253 0.02998375 0.0401135 0.02376306 0.9570253 0.0232166 0.1563938 0.02998375 0.0401135 0.03072476 0.005378603 0.014656 0.1174082 0.02467018 0.281657 0.06622934 0.309541 0.05875355 0.3187662 0.07811349 0.2320188 0.06989037 0.1757224 0.05875355 0.3187662 0.07811349 0.2320188 0.05875355 0.3187662 0.06622934 0.309541 0.06989037 0.1757224 0.07811349 0.2320188 0.014656 0.1174082 0.014656 0.1174082 0.07811349 0.2320188 0.02467018 0.281657 0.02467018 0.281657 0.05875355 0.3187662 0.03670382 0.9025761 0.014656 0.1174082 0.02467018 0.281657 0.02998375 0.0401135 0.02998375 0.0401135 0.02467018 0.281657 0.02376306 0.9570253 0.02376306 0.9570253 0.02467018 0.281657 0.03670382 0.9025761 0.9265424 0.9659028 0.8812319 0.8971833 0.8849734 0.8711534 0.827042 0.8791341 0.8196362 0.8516266 0.8849734 0.8711534 0.827042 0.8791341 0.8849734 0.8711534 0.8812319 0.8971833 0.8196362 0.8516266 0.827042 0.8791341 0.833458 0.9668486 0.1671389 0.959506 0.178342 0.8779 0.1792432 0.8432341 0.1241008 0.8791341 0.09005594 0.8938644 0.1792432 0.8432341 0.1241008 0.8791341 0.1792432 0.8432341 0.178342 0.8779 0.09005594 0.8938644 0.1241008 0.8791341 0.07576102 0.9638411 0.07576102 0.9638411 0.1241008 0.8791341 0.1671389 0.959506 0.02376306 0.9570253 0.03670382 0.9025761 0.07576102 0.9638411 0.07576102 0.9638411 0.1671389 0.959506 0.02376306 0.9570253 0.02376306 0.9570253 0.1671389 0.959506 0.9739037 0.9558985 0.9265424 0.9659028 0.9808775 0.9743236 0.8812319 0.8971833 0.8812319 0.8971833 0.9808775 0.9743236 0.9739037 0.9558985 0.8812319 0.8971833 0.9739037 0.9558985 0.833458 0.9668486 0.833458 0.9668486 0.9739037 0.9558985 0.1671389 0.959506 0.833458 0.9668486 0.1671389 0.959506 0.1792432 0.8432341 0.9747753 0.03881043 0.997496 0.499677 0.9633212 0.09730887 0.9633212 0.09730887 0.997496 0.499677 0.9459182 0.4973462 0.9808775 0.9743236 0.9459182 0.4973462 0.9739037 0.9558985 0.9739037 0.9558985 0.9459182 0.4973462 0.997496 0.499677 0.8372607 0.04193931 0.8049952 0.05040246 0.03072476 0.005378603 0.9747753 0.03881043 0.9633212 0.09730887 0.9257485 0.03672629 0.9257485 0.03672629 0.8372607 0.04193931 0.9747753 0.03881043 0.9747753 0.03881043 0.8372607 0.04193931 0.02998375 0.0401135 0.02998375 0.0401135 0.8372607 0.04193931 0.03072476 0.005378603 0.1352941 0.00999999 0.03072476 0.005378603 0.8049952 0.05040246 0.910511 0.1070001 0.8788403 0.1208658 0.9257485 0.03672629 0.9257485 0.03672629 0.8788403 0.1208658 0.8372607 0.04193931 0.8788403 0.1208658 0.910511 0.1070001 0.848493 0.1684195 0.8788403 0.1208658 0.848493 0.1684195 0.8245992 0.1221 0.8245992 0.1221 0.848493 0.1684195 0.8049952 0.05040246 0.8372607 0.04193931 0.8245992 0.1221 0.8049952 0.05040246 0.8372607 0.04193931 0.8426125 0.04338449 0.8474231 0.1071391 0.8372607 0.04193931 0.8474231 0.1071391 0.8245992 0.1221 0.8812319 0.8971833 0.8584592 0.8928609 0.827042 0.8791341 0.827042 0.8791341 0.8584592 0.8928609 0.8314027 0.9375588 0.827042 0.8791341 0.8314027 0.9375588 0.833458 0.9668486 0.833458 0.9668486 0.8314027 0.9375588 0.916354 0.9265303 0.833458 0.9668486 0.916354 0.9265303 0.8812319 0.8971833 0.8812319 0.8971833 0.916354 0.9265303 0.8584592 0.8928609 0.07811349 0.2320188 0.0617634 0.1761578 0.02467018 0.281657 0.02467018 0.281657 0.0617634 0.1761578 0.0232166 0.1563938 0.02467018 0.281657 0.0232166 0.1563938 0.05738759 0.2916154 0.02467018 0.281657 0.05738759 0.2916154 0.06622934 0.309541 0.06622934 0.309541 0.05738759 0.2916154 0.0617634 0.1761578 0.06622934 0.309541 0.0617634 0.1761578 0.07811349 0.2320188 0.178342 0.8779 0.155518 0.8928609 0.1241008 0.8791341 0.1241008 0.8791341 0.155518 0.8928609 0.09660166 0.924481 0.1241008 0.8791341 0.09660166 0.924481 0.1671389 0.959506 0.1671389 0.959506 0.09660166 0.924481 0.1577852 0.9565597 0.1671389 0.959506 0.1577852 0.9565597 0.155518 0.8928609 0.1671389 0.959506 0.155518 0.8928609 0.178342 0.8779 0.8245992 0.1221 0.8474231 0.1071391 0.8788403 0.1208658 0.8788403 0.1208658 0.8474231 0.1071391 0.9034487 0.08663731 0.8788403 0.1208658 0.9034487 0.08663731 0.8372607 0.04193931 0.8372607 0.04193931 0.9034487 0.08663731 0.8426125 0.04338449 0.7214107 0.7310101 0.6290383 0.6663579 0.672246 0.6333472 0.672246 0.6333472 0.6290383 0.6663579 0.5847 0.501398 0.672246 0.6333472 0.5847 0.501398 0.6427136 0.4180958 0.5847 0.501398 0.6227641 0.3443741 0.6427136 0.4180958 0.6427136 0.4180958 0.6227641 0.3443741 0.7196998 0.2689096 0.7196998 0.2689096 0.7689305 0.3666529 0.6427136 0.4180958 0.7196998 0.2689096 0.8121328 0.333699 0.7689305 0.3666529 0.7689305 0.3666529 0.8121328 0.333699 0.8564766 0.4986019 0.7689305 0.3666529 0.8564766 0.4986019 0.7990277 0.5821818 0.8564766 0.4986019 0.8184124 0.6556258 0.7990277 0.5821818 0.7990277 0.5821818 0.8184124 0.6556258 0.7214107 0.7310101 0.7214107 0.7310101 0.672246 0.6333472 0.7990277 0.5821818 0.9034487 0.08663731 0.9555618 0.07938504 0.9747753 0.03881043 0.9444736 0.8474196 0.9555618 0.07938504 0.9388306 0.1450565 0.9388306 0.1450565 0.9034487 0.08663731 0.9444736 0.8474196 0.9747753 0.03881043 0.9555618 0.07938504 0.9444736 0.8474196 0.8584592 0.8928609 0.916354 0.9265303 0.9444736 0.8474196 0.9034487 0.08663731 0.8474231 0.1071391 0.9444736 0.8474196 0.6427136 0.4180958 0.8474231 0.1071391 0.8426125 0.04338449 0.6427136 0.4180958 0.8426125 0.04338449 0.02998375 0.0401135 0.02998375 0.0401135 0.8426125 0.04338449 0.9747753 0.03881043 0.9747753 0.03881043 0.8426125 0.04338449 0.9034487 0.08663731 0.9739037 0.9558985 0.916354 0.9265303 0.1577852 0.9565597 0.1577852 0.9565597 0.916354 0.9265303 0.8314027 0.9375588 0.1577852 0.9565597 0.8314027 0.9375588 0.8584592 0.8928609 0.6427136 0.4180958 0.0617634 0.1761578 0.05738759 0.2916154 0.05738759 0.2916154 0.0232166 0.1563938 0.02376306 0.9570253 0.02376306 0.9570253 0.1577852 0.9565597 0.09660166 0.924481 0.02376306 0.9570253 0.09660166 0.924481 0.03690886 0.9125 0.02376306 0.9570253 0.03690886 0.9125 0.05738759 0.2916154 0.09660166 0.924481 0.155518 0.8928609 0.06116944 0.8549434 0.06116944 0.8549434 0.155518 0.8928609 0.05738759 0.2916154 0.03690886 0.9125 0.06116944 0.8549434 0.05738759 0.2916154 0.6427136 0.4180958 0.02998375 0.0401135 0.0617634 0.1761578 0.155518 0.8928609 0.672246 0.6333472 0.6427136 0.4180958 0.05738759 0.2916154 0.155518 0.8928609 0.6427136 0.4180958 0.8474231 0.1071391 0.7990277 0.5821818 0.8584592 0.8928609 0.8474231 0.1071391 0.6427136 0.4180958 0.7689305 0.3666529 0.8474231 0.1071391 0.7689305 0.3666529 0.7990277 0.5821818 0.8584592 0.8928609 0.7990277 0.5821818 0.672246 0.6333472 0.155518 0.8928609 0.1577852 0.9565597 0.8584592 0.8928609 0.155518 0.8928609 0.8584592 0.8928609 0.672246 0.6333472 0.8584592 0.8928609 0.9444736 0.8474196 0.8474231 0.1071391 0.9747753 0.03881043 0.9444736 0.8474196 0.9739037 0.9558985 0.9739037 0.9558985 0.997496 0.499677 0.9747753 0.03881043 0.6227641 0.3443741 0.6930827 0.1743912 0.7196998 0.2689096 0.7196998 0.2689096 0.6930827 0.1743912 0.8121328 0.333699 0.5847 0.501398 0.5312526 0.4204488 0.6227641 0.3443741 0.6227641 0.3443741 0.5312526 0.4204488 0.6930827 0.1743912 0.6930827 0.1743912 0.848493 0.1684195 0.8121328 0.333699 0.8121328 0.333699 0.848493 0.1684195 0.8564766 0.4986019 0.7214107 0.7310101 0.5783116 0.7307757 0.6290383 0.6663579 0.6290383 0.6663579 0.5783116 0.7307757 0.5847 0.501398 0.5847 0.501398 0.5783116 0.7307757 0.5312526 0.4204488 0.8184124 0.6556258 0.8196362 0.8516266 0.7214107 0.7310101 0.7214107 0.7310101 0.8196362 0.8516266 0.5783116 0.7307757 0.8564766 0.4986019 0.848493 0.1684195 0.9459182 0.4973462 0.8564766 0.4986019 0.9459182 0.4973462 0.8196362 0.8516266 0.8564766 0.4986019 0.8196362 0.8516266 0.8184124 0.6556258 0.1877298 0.1767175 0.3475631 0.1767154 0.1792432 0.8432341 0.1792432 0.8432341 0.3475631 0.1767154 0.3475155 0.8233655 0.8849734 0.8711534 0.8196362 0.8516266 0.9459182 0.4973462 0.833458 0.9668486 0.1792432 0.8432341 0.8196362 0.8516266 0.8049952 0.05040246 0.3475631 0.1767154 0.1352941 0.00999999 0.1352941 0.00999999 0.3475631 0.1767154 0.1877298 0.1767175 0.1792432 0.8432341 0.3475155 0.8233655 0.8196362 0.8516266 0.1352941 0.00999999 0.1877298 0.1767175 0.1792432 0.8432341 0.9633212 0.09730887 0.9459182 0.4973462 0.848493 0.1684195 0.9633212 0.09730887 0.848493 0.1684195 0.910511 0.1070001 0.6930827 0.1743912 0.8049952 0.05040246 0.848493 0.1684195 0.8049952 0.05040246 0.6930827 0.1743912 0.3475631 0.1767154 0.5783116 0.7307757 0.3475155 0.8233655 0.5312526 0.4204488 0.8196362 0.8516266 0.3475155 0.8233655 0.5783116 0.7307757 0.6930827 0.1743912 0.5312526 0.4204488 0.3475631 0.1767154 0.3475631 0.1767154 0.5312526 0.4204488 0.3475155 0.8233655 0.03072476 0.005378603 0.07094991 0.07554519 0.014656 0.1174082 0.1352941 0.00999999 0.07094991 0.07554519 0.03072476 0.005378603 0.06989037 0.1757224 0.1352941 0.00999999 0.05875355 0.3187662 0.05875355 0.3187662 0.1352941 0.00999999 0.1792432 0.8432341 0.06989037 0.1757224 0.07094991 0.07554519 0.1352941 0.00999999 0.1792432 0.8432341 0.09005594 0.8938644 0.03670382 0.9025761 0.1792432 0.8432341 0.03670382 0.9025761 0.05875355 0.3187662 0.9533028 0.8755453 0.9459182 0.4973462 0.9808775 0.9743236 0.9459182 0.4973462 0.9533028 0.8755453 0.8849734 0.8711534 0.9808775 0.9743236 0.9265424 0.9659028 0.9533028 0.8755453 0.8161596 0.6208339 0.9960121 0.6528397 0.9959545 0.3468744 0.8161596 0.6208339 0.9959545 0.3468744 0.8161596 0.2509194 0.01392668 0.1945638 0.04166662 0.4568279 0.02794373 0.4999994 0.01010137 0.7493538 0.02794373 0.4999994 0.04166662 0.4568279 0.01010137 0.7493538 0.016465 0.4986466 0.02794373 0.4999994 0.01392668 0.1945638 0.02794373 0.4999994 0.016465 0.4986466 0.01392668 0.1945638 0.0329582 0.118279 0.04166662 0.4568279 0.016465 0.4986466 0.01010137 0.7493538 0.02688831 0.9245079 0.016465 0.4986466 0.0495966 0.6077082 0.05014145 0.1704847 0.016465 0.4986466 0.05014145 0.1704847 0.01392668 0.1945638 0.02688831 0.9245079 0.0495966 0.6077082 0.016465 0.4986466 0.05014145 0.1704847 0.0329582 0.118279 0.01392668 0.1945638 0.04917407 0.8534169 0.0495966 0.6077082 0.02688831 0.9245079 0.04166662 0.4568279 0.04917407 0.8534169 0.01010137 0.7493538 0.04917407 0.8534169 0.02688831 0.9245079 0.01010137 0.7493538 0.05014145 0.1704847 0.04166662 0.4568279 0.0329582 0.118279 0.05014145 0.1704847 0.0495966 0.6077082 0.04917407 0.8534169 0.05014145 0.1704847 0.8161596 0.6208339 0.8161596 0.2509194 0.05014145 0.1704847 0.8161596 0.2509194 0.8161596 0.4767172 0.05014145 0.1704847 0.8161596 0.4767172 0.04166662 0.4568279 0.04166662 0.4568279 0.8161596 0.4767172 0.8161596 0.6208339 0.04166662 0.4568279 0.8161596 0.6208339 0.04917407 0.8534169 0.04917407 0.8534169 0.8161596 0.6208339 0.05014145 0.1704847 0.8161596 0.2509194 0.9959545 0.3468744 0.8161596 0.4767172 0.8161596 0.4767172 0.9959545 0.3468744 0.9960121 0.6528397 0.8161596 0.4767172 0.9960121 0.6528397 0.8161596 0.6208339 0 0.2018454 1 0.6485015 1 0.1593334 0 0.2018454 1 0.1593334 0 0.03805422 0 0.03805422 1 0.1593334 1 0.5959424 0 0.03805422 1 0.5959424 0 0.3795208 0 0.3795208 1 0.5959424 0 0.7981557 0 0.7981557 1 0.5959424 0 0.9619454 0 0.9619454 1 0.5959424 1 0.6485015 0 0.9619454 1 0.6485015 0 0.620479 0 0.620479 1 0.6485015 0 0.2018454 0.5140503 0.09618312 0.6147878 0.04839575 0.4861373 0.09618312 0.5140503 0.09618312 0.4861373 0.09618312 0.3471964 0.1018048 0.3471964 0.1018048 0.4861373 0.09618312 0.4684653 0.2447028 0.3471964 0.1018048 0.4684653 0.2447028 0.5150591 0.1675162 0.5150591 0.1675162 0.4684653 0.2447028 0.6147878 0.04839575 0.5150591 0.1675162 0.6147878 0.04839575 0.5140503 0.09618312 0.8901295 0.5426099 0.7570648 0.5813129 0.9544301 0.4970573 0.8901295 0.5426099 0.9544301 0.4970573 0.9177715 0.4850339 0.9177715 0.4850339 0.9544301 0.4970573 0.8464429 0.4860427 0.8464429 0.4860427 0.9544301 0.4970573 0.8325569 0.4850338 0.8464429 0.4860427 0.8325569 0.4850338 0.7570648 0.5813129 0.8464429 0.4860427 0.7570648 0.5813129 0.8901295 0.5426099 0.4349642 0.9175474 0.4201701 0.7900075 0.5140502 0.9038168 0.4349642 0.9175474 0.5140502 0.9038168 0.6288627 0.9356947 0.6288627 0.9356947 0.5140502 0.9038168 0.5610381 0.748585 0.6288627 0.9356947 0.5610381 0.748585 0.5585404 0.7034518 0.5585404 0.7034518 0.5610381 0.748585 0.4201701 0.7900075 0.5585404 0.7034518 0.4201701 0.7900075 0.4349642 0.9175474 0.09630215 0.4860427 0.03324359 0.4384985 0.05757915 0.5269816 0.09630215 0.4860427 0.05757915 0.5269816 0.1399887 0.5426099 0.1399887 0.5426099 0.05757915 0.5269816 0.2430388 0.5409095 0.1399887 0.5426099 0.2430388 0.5409095 0.1676307 0.4850338 0.1676307 0.4850338 0.2430388 0.5409095 0.03324359 0.4384985 0.1676307 0.4850338 0.03324359 0.4384985 0.09630215 0.4860427 0.4821312 0.5529966 0.6231924 0.5100364 0.6259675 0.5665144 0.6080452 0.4190229 0.6231924 0.5100364 0.4934563 0.4056695 0.6080452 0.4190229 0.4934563 0.4056695 0.4047662 0.4152468 0.4047662 0.4152468 0.4934563 0.4056695 0.4821312 0.5529966 0.4821312 0.5529966 0.4934563 0.4056695 0.4002005 0.5452122 0.4821312 0.5529966 0.4002005 0.5452122 0.6231924 0.5100364 0.4002005 0.5452122 0.3982101 0.6518409 0.6518624 0.6027876 0.4002005 0.5452122 0.6518624 0.6027876 0.6231924 0.5100364 0.6019775 0.348159 0.6231924 0.5100364 0.6518624 0.6027876 0.2924 0.5687696 0.2430388 0.5409095 0.4201701 0.7900075 0.2924 0.5687696 0.4201701 0.7900075 0.3982101 0.6518409 0.3982101 0.6518409 0.4201701 0.7900075 0.5610381 0.748585 0.3982101 0.6518409 0.5610381 0.748585 0.568859 0.7077068 0.568859 0.7077068 0.5610381 0.748585 0.6518624 0.6027876 0.6518624 0.6027876 0.5610381 0.748585 0.7570648 0.5813129 0.6518624 0.6027876 0.7570648 0.5813129 0.7077876 0.4312304 0.7077876 0.4312304 0.7570648 0.5813129 0.6828026 0.3545537 0.7077876 0.4312304 0.6828026 0.3545537 0.6019775 0.348159 0.6019775 0.348159 0.6828026 0.3545537 0.4684653 0.2447028 0.6019775 0.348159 0.4684653 0.2447028 0.4313285 0.2922932 0.4313285 0.2922932 0.4684653 0.2447028 0.3023247 0.3582719 0.4313285 0.2922932 0.3023247 0.3582719 0.3483251 0.3972125 0.3483251 0.3972125 0.3023247 0.3582719 0.2430388 0.5409095 0.3483251 0.3972125 0.2430388 0.5409095 0.2924 0.5687696 0.2924 0.5687696 0.3982101 0.6518409 0.3483251 0.3972125 0.7077876 0.4312304 0.6019775 0.348159 0.6518624 0.6027876 0.568859 0.7077068 0.6518624 0.6027876 0.3982101 0.6518409 0.4313285 0.2922932 0.3483251 0.3972125 0.6019775 0.348159 0.6231924 0.5100364 0.6019775 0.348159 0.4934563 0.4056695 0.4934563 0.4056695 0.6019775 0.348159 0.3483251 0.3972125 0.4934563 0.4056695 0.3483251 0.3972125 0.4002005 0.5452122 0.3982101 0.6518409 0.4002005 0.5452122 0.3483251 0.3972125 0.6259675 0.5665144 0.6231924 0.5100364 0.6080452 0.4190229 0.6259675 0.5665144 0.395251 0.6277734 0.4821312 0.5529966 0.4821312 0.5529966 0.395251 0.6277734 0.4047662 0.4152468 0.395251 0.6277734 0.3580793 0.4187347 0.4047662 0.4152468 0.4047662 0.4152468 0.3580793 0.4187347 0.5979772 0.38117 0.4047662 0.4152468 0.5979772 0.38117 0.6080452 0.4190229 0.6080452 0.4190229 0.5979772 0.38117 0.6259675 0.5665144 0.6259675 0.5665144 0.5979772 0.38117 0.5585404 0.7034518 0.6259675 0.5665144 0.5585404 0.7034518 0.395251 0.6277734 0.9177715 0.4850339 0.8464429 0.4860427 0.9865099 0.4773156 0.9128008 0.7433431 0.8901295 0.5426099 0.9865099 0.4773156 0.9865099 0.4773156 0.8901295 0.5426099 0.9177715 0.4850339 0.8901295 0.5426099 0.9128008 0.7433431 0.8464429 0.4860427 0.8464429 0.4860427 0.9128008 0.7433431 0.6288627 0.9356947 0.5979772 0.38117 0.8464429 0.4860427 0.5585404 0.7034518 0.9865099 0.4773156 0.8464429 0.4860427 0.5979772 0.38117 0.9865099 0.4773156 0.5979772 0.38117 0.7221913 0.09347724 0.7221913 0.09347724 0.5140503 0.09618312 0.3471964 0.1018048 0.3471964 0.1018048 0.3580793 0.4187347 0.01400244 0.4355187 0.5979772 0.38117 0.5150591 0.1675162 0.5140503 0.09618312 0.5979772 0.38117 0.5140503 0.09618312 0.7221913 0.09347724 0.5150591 0.1675162 0.5979772 0.38117 0.3471964 0.1018048 0.3471964 0.1018048 0.5979772 0.38117 0.3580793 0.4187347 0.6288627 0.9356947 0.5585404 0.7034518 0.8464429 0.4860427 0.09630215 0.4860427 0.01400244 0.4355187 0.3580793 0.4187347 0.09630215 0.4860427 0.3580793 0.4187347 0.1676307 0.4850338 0.01400244 0.4355187 0.09630215 0.4860427 0.02105569 0.5761891 0.02105569 0.5761891 0.09630215 0.4860427 0.1399887 0.5426099 0.1399887 0.5426099 0.395251 0.6277734 0.5585404 0.7034518 0.1676307 0.4850338 0.3580793 0.4187347 0.1399887 0.5426099 0.1399887 0.5426099 0.3580793 0.4187347 0.395251 0.6277734 0.02105569 0.5761891 0.1399887 0.5426099 0.4349642 0.9175474 0.1399887 0.5426099 0.5585404 0.7034518 0.4349642 0.9175474 0.9544301 0.4970573 0.9865099 0.4773156 0.9011466 0.2461398 0.9011466 0.2461398 0.9865099 0.4773156 0.7221913 0.09347724 0.9011466 0.2461398 0.7221913 0.09347724 0.6147878 0.04839575 0.6147878 0.04839575 0.7221913 0.09347724 0.3471964 0.1018048 0.6147878 0.04839575 0.3471964 0.1018048 0.2677902 0.07824438 0.2677902 0.07824438 0.3471964 0.1018048 0.01400244 0.4355187 0.2677902 0.07824438 0.01400244 0.4355187 0.03324359 0.4384985 0.03324359 0.4384985 0.01400244 0.4355187 0.05757915 0.5269816 0.05757915 0.5269816 0.01400244 0.4355187 0.02105569 0.5761891 0.05757915 0.5269816 0.02105569 0.5761891 0.1419293 0.8161638 0.1419293 0.8161638 0.02105569 0.5761891 0.4349642 0.9175474 0.1419293 0.8161638 0.4349642 0.9175474 0.4935375 0.9832026 0.4935375 0.9832026 0.4349642 0.9175474 0.6288627 0.9356947 0.4935375 0.9832026 0.6288627 0.9356947 0.8113232 0.8562027 0.8113232 0.8562027 0.6288627 0.9356947 0.9128008 0.7433431 0.8113232 0.8562027 0.9128008 0.7433431 0.9544301 0.4970573 0.9544301 0.4970573 0.9128008 0.7433431 0.9865099 0.4773156 0.8113232 0.8562027 0.9544301 0.4970573 0.7570648 0.5813129 0.8325569 0.4850338 0.6828026 0.3545537 0.7570648 0.5813129 0.9544301 0.4970573 0.9011466 0.2461398 0.6828026 0.3545537 0.9544301 0.4970573 0.6828026 0.3545537 0.8325569 0.4850338 0.7570648 0.5813129 0.4935375 0.9832026 0.8113232 0.8562027 0.2430388 0.5409095 0.05757915 0.5269816 0.1419293 0.8161638 0.7570648 0.5813129 0.5610381 0.748585 0.5140502 0.9038168 0.7570648 0.5813129 0.5140502 0.9038168 0.4935375 0.9832026 0.4935375 0.9832026 0.5140502 0.9038168 0.4201701 0.7900075 0.4935375 0.9832026 0.4201701 0.7900075 0.2430388 0.5409095 0.4935375 0.9832026 0.2430388 0.5409095 0.1419293 0.8161638 0.03324359 0.4384985 0.2430388 0.5409095 0.3023247 0.3582719 0.4861373 0.09618312 0.6147878 0.04839575 0.2677902 0.07824438 0.4684653 0.2447028 0.03324359 0.4384985 0.3023247 0.3582719 0.2677902 0.07824438 0.03324359 0.4384985 0.4861373 0.09618312 0.4861373 0.09618312 0.03324359 0.4384985 0.4684653 0.2447028 0.6147878 0.04839575 0.4684653 0.2447028 0.6828026 0.3545537 0.6828026 0.3545537 0.9011466 0.2461398 0.6147878 0.04839575 0.7450104 0.4734635 0.6976804 0.5037683 0.7403329 0.4879437 0.7403329 0.4879437 0.6976804 0.5037683 0.7008435 0.5120562 0.6976804 0.5037683 0.6994698 0.6164422 0.7008435 0.5120562 0.7008435 0.5120562 0.6994698 0.6164422 0.7403329 0.4879437 0.7403329 0.4879437 0.6994698 0.6164422 0.7450104 0.4734635 0.6994698 0.6164422 0.7992453 0.5063365 0.7450104 0.4734635 0.7450104 0.4734635 0.7992453 0.5063365 0.7143005 0.3733721 0.7450104 0.4734635 0.7143005 0.3733721 0.6976804 0.5037683 0.6976804 0.5037683 0.7143005 0.3733721 0.6419311 0.4936635 0.6976804 0.5037683 0.6419311 0.4936635 0.6994698 0.6164422 0.6994698 0.6164422 0.7499741 0.6288204 0.7992453 0.5063365 0.7143005 0.3733721 0.7840802 0.3887541 0.6551495 0.3920636 0.7143005 0.3733721 0.6551495 0.3920636 0.6419311 0.4936635 0.6419311 0.4936635 0.6551495 0.3920636 0.6570963 0.6112459 0.6419311 0.4936635 0.6570963 0.6112459 0.6994698 0.6164422 0.6994698 0.6164422 0.6570963 0.6112459 0.7499741 0.6288204 0.7499741 0.6288204 0.6570963 0.6112459 0.786027 0.6079363 0.7499741 0.6288204 0.786027 0.6079363 0.7992453 0.5063365 0.7992453 0.5063365 0.786027 0.6079363 0.7840802 0.3887541 0.7992453 0.5063365 0.7840802 0.3887541 0.7143005 0.3733721 0.6009245 0.4038724 0.5303249 0.4379281 0.6640626 0.7034625 0.6640626 0.7034625 0.5303249 0.4379281 0.6040801 0.8272737 0.7771138 0.2965375 0.6295315 0.174254 0.6009245 0.4038724 0.6009245 0.4038724 0.6295315 0.174254 0.5303249 0.4379281 0.7771138 0.2965375 0.8710338 0.1673111 0.6295315 0.174254 0.8402519 0.5961276 0.9273489 0.3841747 0.7771138 0.2965375 0.7771138 0.2965375 0.9273489 0.3841747 0.8710338 0.1673111 0.6640626 0.7034625 0.6040801 0.8272737 0.7641066 0.8258703 0.6640626 0.7034625 0.7641066 0.8258703 0.8402519 0.5961276 0.8402519 0.5961276 0.7641066 0.8258703 0.9589136 0.635967 0.8402519 0.5961276 0.9589136 0.635967 0.9273489 0.3841747 0.1499999 0.92 0.1555564 0.9475809 0.1363541 0.9081836 0.1499999 0.92 0.1363541 0.9081836 0.184829 0.8852924 0.1499999 0.92 0.184829 0.8852924 0.1555564 0.9475809 0.04705876 0.255 0.05775529 0.2809065 0.03124445 0.2619176 0.04705876 0.255 0.03124445 0.2619176 0.05428391 0.181342 0.04705876 0.255 0.05428391 0.181342 0.05775529 0.2809065 0.8529412 0.07999998 0.8791766 0.1029042 0.8422446 0.05409348 0.8529412 0.07999998 0.8422446 0.05409348 0.8847277 0.06020623 0.8529412 0.07999998 0.8847277 0.06020623 0.8791766 0.1029042 0.8529413 0.92 0.8636377 0.9459064 0.837702 0.9381841 0.8529413 0.92 0.837702 0.9381841 0.8552556 0.8979675 0.8529413 0.92 0.8552556 0.8979675 0.8636377 0.9459064 0.07094991 0.9244548 0.06116944 0.9450566 0.03231966 0.9039881 0.07094991 0.9244548 0.03231966 0.9039881 0.02176177 0.943016 0.02176177 0.943016 0.03231966 0.9039881 0.07094991 0.8755452 0.02176177 0.943016 0.07094991 0.8755452 0.06116944 0.8549434 0.06116944 0.8549434 0.07094991 0.8755452 0.07094991 0.9244548 0.07094991 0.9244548 0.07094991 0.8755452 0.06116944 0.9450566 0.0558511 0.1494517 0.05428391 0.181342 0.03566074 0.05759549 0.03566074 0.05759549 0.05428391 0.181342 0.04886686 0.06424981 0.03566074 0.05759549 0.04886686 0.06424981 0.08532732 0.09601193 0.03566074 0.05759549 0.08532732 0.09601193 0.08532732 0.103988 0.08532732 0.103988 0.08532732 0.09601193 0.05428391 0.181342 0.08532732 0.103988 0.05428391 0.181342 0.0558511 0.1494517 0.9630338 0.9392933 0.9555616 0.920615 0.9146726 0.9039881 0.9630338 0.9392933 0.9146726 0.9039881 0.9146726 0.896012 0.9146726 0.896012 0.9146726 0.9039881 0.9443938 0.8070162 0.9146726 0.896012 0.9443938 0.8070162 0.9435224 0.8549435 0.9435224 0.8549435 0.9443938 0.8070162 0.9555616 0.920615 0.9435224 0.8549435 0.9555616 0.920615 0.9630338 0.9392933 0.8710338 0.1673111 0.9571872 0.1459316 0.8791766 0.1029042 0.8710338 0.1673111 0.8791766 0.1029042 0.9146726 0.09601193 0.9146726 0.09601193 0.8791766 0.1029042 0.8847277 0.06020623 0.9146726 0.09601193 0.8847277 0.06020623 0.9636132 0.06411558 0.7182677 0.3911593 0.7219418 0.6088407 0.6544399 0.4993963 0.7219418 0.6088407 0.7182677 0.3911593 0.7867366 0.5006036 0.9443938 0.8070162 0.9411765 0.375 0.9589136 0.635967 0.9589136 0.635967 0.9411765 0.375 0.9273489 0.3841747 0.6040801 0.8272737 0.3023489 0.8045953 0.3189144 0.8128429 0.5927868 0.8131822 0.6040801 0.8272737 0.3189144 0.8128429 0.5927868 0.8131822 0.3189144 0.8128429 0.613138 0.8884663 0.613138 0.8884663 0.3189144 0.8128429 0.2975642 0.860491 0.3189144 0.8128429 0.3023489 0.8045953 0.2885019 0.9783911 0.2885019 0.9783911 0.3023489 0.8045953 0.2985454 0.9950273 0.2975642 0.860491 0.3189144 0.8128429 0.2885019 0.9783911 0.9752219 0.9703039 0.9443938 0.8070162 0.9571872 0.1459316 0.9752219 0.9703039 0.9571872 0.1459316 0.9769228 0.03267037 0.6142871 0.1185512 0.6245951 0.05138367 0.2967373 0.1402078 0.2967373 0.1402078 0.6245951 0.05138367 0.2860082 0.07254135 0.5928503 0.1871572 0.6295315 0.174254 0.6245951 0.05138367 0.6142871 0.1185512 0.5928503 0.1871572 0.6245951 0.05138367 0.3029748 0.1482293 0.6295315 0.174254 0.5928503 0.1871572 0.3183198 0.1868014 0.3029748 0.1482293 0.5928503 0.1871572 0.3183198 0.1868014 0.5928503 0.1871572 0.2967373 0.1402078 0.2967373 0.1402078 0.5928503 0.1871572 0.6142871 0.1185512 0.3183198 0.1868014 0.2967373 0.1402078 0.2860082 0.07254135 0.3183198 0.1868014 0.2860082 0.07254135 0.3029748 0.1482293 0.6245951 0.05138367 0.6295315 0.174254 0.9769228 0.03267037 0.9769228 0.03267037 0.6295315 0.174254 0.9636132 0.06411558 0.02231967 0.03581684 0.03566074 0.05759549 0.2860082 0.07254135 0.2860082 0.07254135 0.03566074 0.05759549 0.3029748 0.1482293 0.0558511 0.1494517 0.03566074 0.05759549 0.02176177 0.943016 0.01748067 0.9585741 0.02176177 0.943016 0.02231967 0.03581684 0.02231967 0.03581684 0.02176177 0.943016 0.03566074 0.05759549 0.2885019 0.9783911 0.2985454 0.9950273 0.01748067 0.9585741 0.01748067 0.9585741 0.2985454 0.9950273 0.02176177 0.943016 0.9752219 0.9703039 0.9630338 0.9392933 0.6242057 0.9815493 0.6242057 0.9815493 0.9630338 0.9392933 0.6040801 0.8272737 0.6040801 0.8272737 0.5927868 0.8131822 0.6242057 0.9815493 0.6242057 0.9815493 0.5927868 0.8131822 0.613138 0.8884663 0.613138 0.8884663 0.6287941 0.765 0.6242057 0.9815493 0.184829 0.8852924 0.6287941 0.765 0.2975642 0.860491 0.2975642 0.860491 0.2885019 0.9783911 0.184829 0.8852924 0.6287941 0.765 0.613138 0.8884663 0.2975642 0.860491 0.9589136 0.635967 0.9630338 0.9392933 0.9752219 0.9703039 0.9589136 0.635967 0.9752219 0.9703039 0.9940867 0.3692072 0.9940867 0.3692072 0.9752219 0.9703039 0.9769228 0.03267037 0.9940867 0.3692072 0.9769228 0.03267037 0.9636132 0.06411558 0.9940867 0.3692072 0.9273489 0.3841747 0.9571872 0.1459316 0.9571872 0.1459316 0.9273489 0.3841747 0.9411765 0.375 0.9589136 0.635967 0.9940867 0.3692072 0.9443938 0.8070162 0.9443938 0.8070162 0.9940867 0.3692072 0.9571872 0.1459316 0.2885019 0.9783911 0.1555564 0.9475809 0.184829 0.8852924 0.06116944 0.9450566 0.1363541 0.9081836 0.1555564 0.9475809 0.2860082 0.07254135 0.184829 0.8852924 0.1363541 0.9081836 0.6287941 0.765 0.184829 0.8852924 0.9443938 0.8070162 0.6287941 0.765 0.9443938 0.8070162 0.6242057 0.9815493 0.9752219 0.9703039 0.9555616 0.920615 0.9443938 0.8070162 0.9769228 0.03267037 0.9571872 0.1459316 0.8847277 0.06020623 0.01748067 0.9585741 0.03231966 0.9039881 0.06116944 0.9450566 0.01748067 0.9585741 0.06116944 0.9450566 0.2885019 0.9783911 0.2885019 0.9783911 0.06116944 0.9450566 0.1555564 0.9475809 0.9443938 0.8070162 0.9146726 0.9039881 0.8636377 0.9459064 0.8636377 0.9459064 0.9146726 0.9039881 0.9555616 0.920615 0.8636377 0.9459064 0.8552556 0.8979675 0.9443938 0.8070162 0.8552556 0.8979675 0.837702 0.9381841 0.6242057 0.9815493 0.9443938 0.8070162 0.8552556 0.8979675 0.6242057 0.9815493 0.6242057 0.9815493 0.837702 0.9381841 0.8636377 0.9459064 0.6242057 0.9815493 0.8636377 0.9459064 0.9752219 0.9703039 0.8847277 0.06020623 0.8422446 0.05409348 0.9769228 0.03267037 0.9769228 0.03267037 0.8422446 0.05409348 0.6245951 0.05138367 0.6245951 0.05138367 0.8422446 0.05409348 0.8791766 0.1029042 0.6245951 0.05138367 0.8791766 0.1029042 0.9411765 0.375 0.2860082 0.07254135 0.05775529 0.2809065 0.05428391 0.181342 0.03231966 0.9039881 0.03124445 0.2619176 0.05775529 0.2809065 0.03231966 0.9039881 0.05775529 0.2809065 0.2860082 0.07254135 0.05428391 0.181342 0.03124445 0.2619176 0.02231967 0.03581684 0.02231967 0.03581684 0.03124445 0.2619176 0.01748067 0.9585741 0.01748067 0.9585741 0.03124445 0.2619176 0.03231966 0.9039881 0.8791766 0.1029042 0.9571872 0.1459316 0.9411765 0.375 0.9555616 0.920615 0.9752219 0.9703039 0.8636377 0.9459064 0.6245951 0.05138367 0.9411765 0.375 0.2860082 0.07254135 0.2860082 0.07254135 0.9411765 0.375 0.7182677 0.3911593 0.7182677 0.3911593 0.6544399 0.4993963 0.2860082 0.07254135 0.184829 0.8852924 0.6544399 0.4993963 0.7219418 0.6088407 0.7867366 0.5006036 0.7182677 0.3911593 0.9411765 0.375 0.184829 0.8852924 0.7219418 0.6088407 0.9443938 0.8070162 0.9443938 0.8070162 0.7219418 0.6088407 0.7867366 0.5006036 0.9443938 0.8070162 0.7867366 0.5006036 0.9411765 0.375 0.02231967 0.03581684 0.2860082 0.07254135 0.04886686 0.06424981 0.04886686 0.06424981 0.05428391 0.181342 0.02231967 0.03581684 0.2860082 0.07254135 0.08532732 0.09601193 0.04886686 0.06424981 0.2860082 0.07254135 0.05428391 0.181342 0.08532732 0.09601193 0.06116944 0.9450566 0.07094991 0.8755452 0.2860082 0.07254135 0.06116944 0.9450566 0.2860082 0.07254135 0.1363541 0.9081836 0.2860082 0.07254135 0.07094991 0.8755452 0.03231966 0.9039881 0.2860082 0.07254135 0.6544399 0.4993963 0.184829 0.8852924 0.9636132 0.06411558 0.8847277 0.06020623 0.9571872 0.1459316 0.9636132 0.06411558 0.9571872 0.1459316 0.8710338 0.1673111 0.786027 0.6079363 0.6570963 0.6112459 0.6640626 0.7034625 0.6640626 0.7034625 0.6570963 0.6112459 0.6009245 0.4038724 0.6551495 0.3920636 0.7840802 0.3887541 0.7771138 0.2965375 0.6009245 0.4038724 0.6551495 0.3920636 0.7771138 0.2965375 0.7840802 0.3887541 0.786027 0.6079363 0.8402519 0.5961276 0.6570963 0.6112459 0.6551495 0.3920636 0.6009245 0.4038724 0.7771138 0.2965375 0.7840802 0.3887541 0.8402519 0.5961276 0.8402519 0.5961276 0.786027 0.6079363 0.6640626 0.7034625 0.6040801 0.8272737 0.5303249 0.4379281 0.3023489 0.8045953 0.3023489 0.8045953 0.5303249 0.4379281 0.3029748 0.1482293 0.9589136 0.635967 0.7641066 0.8258703 0.9146726 0.896012 0.9630338 0.9392933 0.9146726 0.896012 0.6040801 0.8272737 0.9589136 0.635967 0.9435224 0.8549435 0.9630338 0.9392933 0.9146726 0.896012 0.7641066 0.8258703 0.6040801 0.8272737 0.9589136 0.635967 0.9146726 0.896012 0.9435224 0.8549435 0.0558511 0.1494517 0.3023489 0.8045953 0.3029748 0.1482293 0.3023489 0.8045953 0.07094991 0.9244548 0.2985454 0.9950273 0.2985454 0.9950273 0.07094991 0.9244548 0.02176177 0.943016 0.02176177 0.943016 0.06116944 0.8549434 0.0558511 0.1494517 0.0558511 0.1494517 0.06116944 0.8549434 0.3023489 0.8045953 0.3023489 0.8045953 0.06116944 0.8549434 0.07094991 0.9244548 0.3029748 0.1482293 0.03566074 0.05759549 0.08532732 0.103988 0.3029748 0.1482293 0.08532732 0.103988 0.0558511 0.1494517 0.9146726 0.09601193 0.9636132 0.06411558 0.6295315 0.174254 0.3029748 0.1482293 0.5303249 0.4379281 0.6295315 0.174254 0.9636132 0.06411558 0.8710338 0.1673111 0.9940867 0.3692072 0.9940867 0.3692072 0.8710338 0.1673111 0.9273489 0.3841747 0.9146726 0.09601193 0.6295315 0.174254 0.8710338 0.1673111 0 0.7829719 0 0.00333482 1 0.7546929 1 0.7546929 0 0.00333482 1 0.002638638 1 0.7546929 1 0.002638638 0 0.7829719 0 0.7829719 1 0.002638638 0 0.00333482 0.9679039 0.5654444 0.9200209 0.5920936 0.9884198 0.6940777 0.9884198 0.6940777 0.9200209 0.5920936 0.9679038 0.4345555 0.9200209 0.5920936 0.9779682 0.4062437 0.9586719 0.172326 0.9200209 0.5920936 0.9586719 0.172326 0.9845966 0.4098547 0.9200209 0.5920936 0.9679039 0.5654444 0.9779682 0.4062437 0.9845966 0.4098547 0.9679038 0.4345555 0.9200209 0.5920936 0.9884198 0.6940777 0.9098618 0.8676785 0.9145682 0.9587331 0.9884198 0.6940777 0.9145682 0.9587331 0.9679039 0.5654444 0.9586719 0.172326 0.9679039 0.5654444 0.8835074 0.4336991 0.9679039 0.5654444 0.9586719 0.172326 0.9779682 0.4062437 0.9586719 0.172326 0.9145683 0.04126685 0.9679038 0.4345555 0.9098618 0.8676785 0.9884198 0.6940777 0.9679038 0.4345555 0.9098618 0.8676785 0.9679038 0.4345555 0.8835075 0.5663009 0.9679038 0.4345555 0.9845966 0.4098547 0.9586719 0.172326 0.9098618 0.8676785 0.8531805 0.9188225 0.9145682 0.9587331 0.9145683 0.04126685 0.8528239 0.09090954 0.8840556 0.2242218 0.9679038 0.4345555 0.8840556 0.2242218 0.8835075 0.5663009 0.9679038 0.4345555 0.9145683 0.04126685 0.8840556 0.2242218 0.8781657 0.1297673 0.8528239 0.09090954 0.9145683 0.04126685 0.9145682 0.9587331 0.8531805 0.9188225 0.8840555 0.7757782 0.9679039 0.5654444 0.8840555 0.7757782 0.8835074 0.4336991 0.8835074 0.4336991 0.8781657 0.1297673 0.9586719 0.172326 0.9586719 0.172326 0.8781657 0.1297673 0.9145683 0.04126685 0.9679039 0.5654444 0.9145682 0.9587331 0.8840555 0.7757782 0.8363826 0.4785431 0.8840555 0.7757782 0.8531805 0.9188225 0.8363826 0.4785431 0.8528239 0.09090954 0.8781657 0.1297673 0.8531805 0.9188225 0.9098618 0.8676785 0.8835075 0.5663009 0.8528239 0.09090954 0.8835075 0.5663009 0.8840556 0.2242218 0.8531805 0.9188225 0.8835075 0.5663009 0.8528239 0.09090954 0.8363826 0.4785431 0.8835074 0.4336991 0.8840555 0.7757782 0.8363826 0.4785431 0.8781657 0.1297673 0.8835074 0.4336991 0.8363826 0.4785431 0.01243597 0.3623306 0.8528239 0.09090954 0.8528239 0.09090954 0.01243597 0.3623306 0.01244086 0.6376706 0.8528239 0.09090954 0.01244086 0.6376706 0.8531805 0.9188225 0.8531805 0.9188225 0.01244086 0.6376706 0.8363826 0.4785431 0.8363826 0.4785431 0.01244086 0.6376706 0.01243597 0.3623306 1 0.9187424 0 0.9187425 0 0.6758245 1 0.9187424 0 0.6758245 1 0.2105689 1 0.2105689 0 0.6758245 0 0.2105689 1 0.2105689 0 0.2105689 1 0.6758245 1 0.6758245 0 0.2105689 0 0.9187425 1 0.6758245 0 0.9187425 1 0.9187424 0.8161595 0.7490807 0.9959039 0.5646439 0.8161596 0.5232827 0.8161596 0.5232827 0.9959039 0.5646439 0.8161595 0.3791661 0.8161595 0.3791661 0.9959039 0.5646439 0.996005 0.4350581 0.01010137 0.2506462 0.03940719 0.4266095 0.02794373 0.5000002 0.01227533 0.7803241 0.02794373 0.5000002 0.03940719 0.4266095 0.01227533 0.7803241 0.04039317 0.5411615 0.02794373 0.5000002 0.01010137 0.2506462 0.02794373 0.5000002 0.04039317 0.5411615 0.03940719 0.4266095 0.01010137 0.2506462 0.02688837 0.07549202 0.01227533 0.7803241 0.0329582 0.8817207 0.04039317 0.5411615 0.04039317 0.5411615 0.05014145 0.1704848 0.01010137 0.2506462 0.05014145 0.1704848 0.02688837 0.07549202 0.01010137 0.2506462 0.04858326 0.8661838 0.04039317 0.5411615 0.0329582 0.8817207 0.03940719 0.4266095 0.04858326 0.8661838 0.01227533 0.7803241 0.04858326 0.8661838 0.0329582 0.8817207 0.01227533 0.7803241 0.05014145 0.1704848 0.03940719 0.4266095 0.02688837 0.07549202 0.04039317 0.5411615 0.04858326 0.8661838 0.03940719 0.4266095 0.05014145 0.1704848 0.8161596 0.5232827 0.8161595 0.3791661 0.05014145 0.1704848 0.8161595 0.3791661 0.03940719 0.4266095 0.03940719 0.4266095 0.8161595 0.3791661 0.8161595 0.7490807 0.03940719 0.4266095 0.8161595 0.7490807 0.04039317 0.5411615 0.04039317 0.5411615 0.8161595 0.7490807 0.8161596 0.5232827 0.04039317 0.5411615 0.8161596 0.5232827 0.05014145 0.1704848 0.8161595 0.3791661 0.996005 0.4350581 0.8161595 0.7490807 0.8161595 0.7490807 0.996005 0.4350581 0.9959039 0.5646439 0 0.2018437 1 0.404057 0 0.03805392 0 0.03805392 1 0.404057 1 0.3514981 0 0.03805392 1 0.3514981 0 0.3795208 0 0.3795208 1 0.3514981 0 0.7981539 0 0.7981539 1 0.3514981 1 0.8406662 0 0.7981539 1 0.8406662 0 0.9619458 0 0.9619458 1 0.8406662 1 0.404057 0 0.9619458 1 0.404057 0 0.6204787 0 0.6204787 1 0.404057 0 0.2018437 0.8161596 0.7490807 0.9960336 0.5642392 0.8161596 0.5232828 0.8161596 0.5232828 0.9960336 0.5642392 0.8161596 0.3791662 0.8161596 0.3791662 0.9960336 0.5642392 0.9959039 0.4353561 0.01245677 0.2167457 0.04258775 0.4340412 0.02794373 0.5000005 0.01227533 0.7803241 0.02794373 0.5000005 0.04258775 0.4340412 0.01227533 0.7803241 0.04039323 0.5411605 0.02794373 0.5000005 0.01245677 0.2167457 0.02794373 0.5000005 0.04039323 0.5411605 0.01245677 0.2167457 0.0292986 0.1569741 0.04258775 0.4340412 0.01227533 0.7803241 0.0329582 0.881721 0.04039323 0.5411605 0.04039323 0.5411605 0.05014145 0.1704848 0.01245677 0.2167457 0.05014145 0.1704848 0.0292986 0.1569741 0.01245677 0.2167457 0.0485832 0.8661834 0.04039323 0.5411605 0.0329582 0.881721 0.04258775 0.4340412 0.0485832 0.8661834 0.01227533 0.7803241 0.0485832 0.8661834 0.0329582 0.881721 0.01227533 0.7803241 0.05014145 0.1704848 0.04258775 0.4340412 0.0292986 0.1569741 0.04039323 0.5411605 0.0485832 0.8661834 0.04258775 0.4340412 0.05014145 0.1704848 0.8161596 0.5232828 0.8161596 0.3791662 0.05014145 0.1704848 0.8161596 0.3791662 0.04258775 0.4340412 0.04258775 0.4340412 0.8161596 0.3791662 0.8161596 0.7490807 0.04258775 0.4340412 0.8161596 0.7490807 0.04039323 0.5411605 0.04039323 0.5411605 0.8161596 0.7490807 0.8161596 0.5232828 0.04039323 0.5411605 0.8161596 0.5232828 0.05014145 0.1704848 0.8161596 0.3791662 0.9959039 0.4353561 0.8161596 0.7490807 0.8161596 0.7490807 0.9959039 0.4353561 0.9960336 0.5642392 0 0.2018443 1 0.4040577 0 0.03805452 0 0.03805452 1 0.4040577 1 0.3514986 0 0.03805452 1 0.3514986 0 0.3795207 0 0.3795207 1 0.3514986 0 0.7981547 0 0.7981547 1 0.3514986 1 0.8406667 0 0.7981547 1 0.8406667 0 0.9619457 0 0.9619457 1 0.8406667 1 0.4040577 0 0.9619457 1 0.4040577 0 0.6204789 0 0.6204789 1 0.4040577 0 0.2018443 0.7858505 0.5535331 0.8235349 0.2787493 0.5111079 0.8523252 0.5111079 0.8523252 0.8235349 0.2787493 0.8113831 0.8247624 0.5111079 0.8523252 0.8113831 0.8247624 0.1764651 0.7212507 0.5111079 0.8523252 0.1764651 0.7212507 0.2141494 0.4464669 0.2141494 0.4464669 0.1764651 0.7212507 0.4888921 0.1476748 0.4888921 0.1476748 0.1764651 0.7212507 0.1886169 0.1752377 0.4888921 0.1476748 0.1886169 0.1752377 0.8235349 0.2787493 0.4888921 0.1476748 0.8235349 0.2787493 0.7858505 0.5535331 0.2141494 0.4464669 0.4888921 0.1476748 0.6345167 0.3507618 0.6345167 0.3507618 0.4888921 0.1476748 0.7858505 0.5535331 0.3654833 0.6492382 0.5111079 0.8523252 0.2141494 0.4464669 0.7858505 0.5535331 0.5111079 0.8523252 0.3654833 0.6492382 0.8004345 0.465167 0.6345167 0.3507618 0.7858505 0.5535331 0.8004345 0.465167 0.7858505 0.5535331 0.5148759 0.7723317 0.5148759 0.7723317 0.7858505 0.5535331 0.3654833 0.6492382 0.5148759 0.7723317 0.3654833 0.6492382 0.1995655 0.534833 0.1995655 0.534833 0.3654833 0.6492382 0.2141494 0.4464669 0.1995655 0.534833 0.2141494 0.4464669 0.4851241 0.2276683 0.4851241 0.2276683 0.2141494 0.4464669 0.6345167 0.3507618 0.4851241 0.2276683 0.6345167 0.3507618 0.8004345 0.465167 0.5148759 0.7723317 0.8076268 0.6061754 0.8004345 0.465167 0.5148759 0.7723317 0.3938246 0.8076267 0.8076268 0.6061754 0.1995655 0.534833 0.3938246 0.8076267 0.5148759 0.7723317 0.1995655 0.534833 0.1923732 0.3938246 0.3938246 0.8076267 0.4851241 0.2276683 0.1923732 0.3938246 0.1995655 0.534833 0.4851241 0.2276683 0.6061753 0.1923732 0.1923732 0.3938246 0.8004345 0.465167 0.6061753 0.1923732 0.4851241 0.2276683 0.8004345 0.465167 0.8076268 0.6061754 0.6061753 0.1923732 0.1577532 0.2067922 0.1764651 0.7212507 0.2067923 0.8422467 0.2067923 0.8422467 0.1764651 0.7212507 0.8113831 0.8247624 0.2067923 0.8422467 0.8113831 0.8247624 0.8422467 0.7932077 0.8422467 0.7932077 0.8113831 0.8247624 0.8235349 0.2787493 0.2067923 0.8422467 0.1923732 0.3938246 0.1577532 0.2067922 0.7932077 0.1577532 0.8076268 0.6061754 0.8422467 0.7932077 0.1577532 0.2067922 0.1923732 0.3938246 0.6061753 0.1923732 0.7932077 0.1577532 0.6061753 0.1923732 0.8076268 0.6061754 0.1577532 0.2067922 0.6061753 0.1923732 0.7932077 0.1577532 0.8422467 0.7932077 0.8076268 0.6061754 0.3938246 0.8076267 0.2067923 0.8422467 0.3938246 0.8076267 0.1923732 0.3938246 0.8422467 0.7932077 0.3938246 0.8076267 0.2067923 0.8422467 0.8422467 0.7932077 0.8235349 0.2787493 0.7932077 0.1577532 0.7932077 0.1577532 0.8235349 0.2787493 0.1886169 0.1752377 0.7932077 0.1577532 0.1886169 0.1752377 0.1577532 0.2067922 0.1577532 0.2067922 0.1886169 0.1752377 0.1764651 0.7212507 0.5 0 0.6838905 0.1839567 0.2939735 0.2342651 0.5 0 0.2939735 0.2342651 0.5106667 0.3478261 0.5 0 0.5106667 0.3478261 0.6838905 0.1839567 0.6838905 0.1839567 0.9538548 0.4207379 0.8650254 0.4102153 0.6838905 0.1839567 0.1206346 0.4400259 0.2939735 0.2342651 0.9538548 0.4207379 0.2939735 0.2342651 0.04191154 0.4230217 0.1206346 0.4400259 0.04191154 0.4230217 0.2939735 0.2342651 0.8650254 0.4102153 0.1206346 0.4400259 0.6838905 0.1839567 0.6838905 0.1839567 0.5106667 0.3478261 0.9538548 0.4207379 0.9538548 0.4207379 0.5106667 0.3478261 0.2939735 0.2342651 0.9520086 0.9526402 0.9538548 0.4207379 0.04476404 0.9436725 0.04476404 0.9436725 0.9538548 0.4207379 0.04191154 0.4230217 0.25 0.9456521 0.406 0.5108696 0.1426666 0.5108696 0.25 0.9456521 0.1426666 0.5108696 0.1206346 0.4400259 0.25 0.9456521 0.1206346 0.4400259 0.406 0.5108696 0.5 0.9456522 0.656 0.5108696 0.406 0.5108696 0.5 0.9456522 0.406 0.5108696 0.6356666 0.5108696 0.5 0.9456522 0.6356666 0.5108696 0.656 0.5108696 0.75 0.9456522 0.895731 0.5108696 0.656 0.5108696 0.75 0.9456522 0.656 0.5108696 0.6356666 0.5108696 0.75 0.9456522 0.6356666 0.5108696 0.895731 0.5108696 0.04476404 0.9436725 0.04191154 0.4230217 0.1426666 0.5108696 0.06239992 0.5108696 0.04476404 0.9436725 0.1426666 0.5108696 0.06239992 0.5108696 0.1426666 0.5108696 0.406 0.5108696 0.656 0.5108696 0.06239992 0.5108696 0.406 0.5108696 0.8650254 0.4102153 0.895731 0.5108696 0.6356666 0.5108696 0.406 0.5108696 0.1206346 0.4400259 0.6356666 0.5108696 0.6356666 0.5108696 0.1206346 0.4400259 0.8650254 0.4102153 0.06239992 0.5108696 0.656 0.5108696 0.895731 0.5108696 0.895731 0.5108696 0.9520086 0.9526402 0.06239992 0.5108696 0.06239992 0.5108696 0.9520086 0.9526402 0.04476404 0.9436725 0.9520086 0.9526402 0.895731 0.5108696 0.9538548 0.4207379 0.9538548 0.4207379 0.9475632 0.8528473 0.8650254 0.4102153 0.895731 0.5108696 0.9475632 0.8528473 0.9538548 0.4207379 0.895731 0.5108696 0.8650254 0.4102153 0.9475632 0.8528473 0.04191154 0.4230217 0.1206346 0.4400259 0.05243676 0.8528472 0.1426666 0.5108696 0.04191154 0.4230217 0.05243676 0.8528472 0.1426666 0.5108696 0.05243676 0.8528472 0.1206346 0.4400259 0.03209614 0.4345555 0.07997906 0.4079064 0.01158016 0.305922 0.01158016 0.305922 0.07997906 0.4079064 0.03209614 0.5654446 0.07997906 0.4079064 0.02203178 0.5937563 0.04132801 0.827674 0.07997906 0.4079064 0.04132801 0.827674 0.01540344 0.5901454 0.07997906 0.4079064 0.03209614 0.4345555 0.02203178 0.5937563 0.01540344 0.5901454 0.03209614 0.5654446 0.07997906 0.4079064 0.01158016 0.305922 0.09013801 0.1323215 0.08543181 0.04126685 0.01158016 0.305922 0.08543181 0.04126685 0.03209614 0.4345555 0.04132801 0.827674 0.03209614 0.4345555 0.1164926 0.5663009 0.03209614 0.4345555 0.04132801 0.827674 0.02203178 0.5937563 0.04132801 0.827674 0.08543181 0.9587332 0.03209614 0.5654446 0.09013801 0.1323215 0.01158016 0.305922 0.03209614 0.5654446 0.09013801 0.1323215 0.03209614 0.5654446 0.1164926 0.4336991 0.03209614 0.5654446 0.01540344 0.5901454 0.04132801 0.827674 0.09013801 0.1323215 0.1471762 0.09090983 0.08543181 0.04126685 0.08543181 0.9587332 0.1468195 0.9188223 0.1159445 0.775778 0.03209614 0.5654446 0.1159445 0.775778 0.1164926 0.4336991 0.03209614 0.5654446 0.08543181 0.9587332 0.1159445 0.775778 0.121834 0.8702328 0.1468195 0.9188223 0.08543181 0.9587332 0.08543181 0.04126685 0.1471762 0.09090983 0.1159445 0.2242219 0.03209614 0.4345555 0.1159445 0.2242219 0.1164926 0.5663009 0.1164926 0.5663009 0.121834 0.8702328 0.04132801 0.827674 0.04132801 0.827674 0.121834 0.8702328 0.08543181 0.9587332 0.03209614 0.4345555 0.08543181 0.04126685 0.1159445 0.2242219 0.1636173 0.4785431 0.1164926 0.4336991 0.1159445 0.775778 0.1636173 0.4785431 0.1159445 0.775778 0.1468195 0.9188223 0.1636173 0.4785431 0.09013801 0.1323215 0.1164926 0.4336991 0.1636173 0.4785431 0.1471762 0.09090983 0.09013801 0.1323215 0.1468195 0.9188223 0.121834 0.8702328 0.1164926 0.5663009 0.1471762 0.09090983 0.1164926 0.5663009 0.1159445 0.2242219 0.1468195 0.9188223 0.1164926 0.5663009 0.1471762 0.09090983 0.1468195 0.9188223 0.9875655 0.6377136 0.1636173 0.4785431 0.1636173 0.4785431 0.9875655 0.6377136 0.9875655 0.3622863 0.1636173 0.4785431 0.9875655 0.3622863 0.1471762 0.09090983 0.1471762 0.09090983 0.9875655 0.3622863 0.9875655 0.6377136 0.1471762 0.09090983 0.9875655 0.6377136 0.1468195 0.9188223 0 0.2105689 1 0.08125758 1 0.3241755 0 0.2105689 1 0.3241755 0 0.6758245 0 0.6758245 1 0.3241755 1 0.7894311 0 0.6758245 1 0.7894311 0 0.9187424 0 0.9187424 1 0.7894311 0 0.2105689 0 0.2105689 1 0.7894311 1 0.08125758 0.8161596 0.4797814 0.9959717 0.5636948 0.8161595 0.2812536 0.8161595 0.2812536 0.9959717 0.5636948 0.9959717 0.4363051 0.8161595 0.2812536 0.9959717 0.4363051 0.8161596 0.6329767 0.009545028 0.4373657 0.03715515 0.8982959 0.02794373 0.5000001 0.009545028 0.5626328 0.02794373 0.5000001 0.03715515 0.8982959 0.009545028 0.5626328 0.02709609 0.07376384 0.02794373 0.5000001 0.009545028 0.4373657 0.02794373 0.5000001 0.02709609 0.07376384 0.03715515 0.8982959 0.009545028 0.4373657 0.02688837 0.6206951 0.02709609 0.07376384 0.009545028 0.5626328 0.02688837 0.3793047 0.05296766 0.1517217 0.05014145 0.3066521 0.02709609 0.07376384 0.02688837 0.3793047 0.05296766 0.1517217 0.02709609 0.07376384 0.0485832 0.7304901 0.05296766 0.1517217 0.02688837 0.3793047 0.05014145 0.3066521 0.009545028 0.4373657 0.02709609 0.07376384 0.05014145 0.3066521 0.02688837 0.6206951 0.009545028 0.4373657 0.05014145 0.3066521 0.03715515 0.8982959 0.02688837 0.6206951 0.0485832 0.7304901 0.009545028 0.5626328 0.03715515 0.8982959 0.0485832 0.7304901 0.02688837 0.3793047 0.009545028 0.5626328 0.05296766 0.1517217 0.0485832 0.7304901 0.03715515 0.8982959 0.05014145 0.3066521 0.8161595 0.2812536 0.8161596 0.6329767 0.05014145 0.3066521 0.8161596 0.6329767 0.03715515 0.8982959 0.03715515 0.8982959 0.8161596 0.6329767 0.8161596 0.4797814 0.03715515 0.8982959 0.8161596 0.4797814 0.05296766 0.1517217 0.05296766 0.1517217 0.8161596 0.4797814 0.8161595 0.2812536 0.05296766 0.1517217 0.8161595 0.2812536 0.05014145 0.3066521 0.8161596 0.6329767 0.9959717 0.4363051 0.9959717 0.5636948 0.8161596 0.6329767 0.9959717 0.5636948 0.8161596 0.4797814 0 0.8820099 1 0.8406663 1 0.4040577 0 0.8820099 1 0.4040577 0 0.4432107 0 0.4432107 1 0.4040577 0 0.03743773 0 0.03743773 1 0.4040577 0 0.117989 0 0.117989 1 0.4040577 1 0.3514989 0 0.117989 1 0.3514989 0 0.5567892 0 0.5567892 1 0.3514989 1 0.8406663 0 0.5567892 1 0.8406663 0 0.9625616 0 0.9625616 1 0.8406663 0 0.8820099 0.6855648 0.474256 0.6525646 0.4089982 0.5660272 0.6539474 0.6855648 0.474256 0.5660272 0.6539474 0.5256865 0.6890619 0.3474354 0.5910019 0.5256865 0.6890619 0.5660272 0.6539474 0.5256865 0.6890619 0.3474354 0.5910019 0.3154524 0.5540696 0.3154524 0.5540696 0.3474354 0.5910019 0.4339728 0.3460526 0.4339728 0.3460526 0.2839037 0.4156325 0.3154524 0.5540696 0.4339728 0.3460526 0.5226716 0.3010519 0.2839037 0.4156325 0.6525646 0.4089982 0.5226716 0.3010519 0.4339728 0.3460526 0.5226716 0.3010519 0.6525646 0.4089982 0.6855648 0.474256 0.3474354 0.5910019 0.3783754 0.3836333 0.4339728 0.3460526 0.4339728 0.3460526 0.3783754 0.3836333 0.6233423 0.3741807 0.4339728 0.3460526 0.6233423 0.3741807 0.6525646 0.4089982 0.6216246 0.6163668 0.6525646 0.4089982 0.6233423 0.3741807 0.6525646 0.4089982 0.6216246 0.6163668 0.5660272 0.6539474 0.5660272 0.6539474 0.6216246 0.6163668 0.3766577 0.6258193 0.5660272 0.6539474 0.3766577 0.6258193 0.3474354 0.5910019 0.3783754 0.3836333 0.3474354 0.5910019 0.3766577 0.6258193 0.6233423 0.3741807 0.74673 0.5594859 0.6216246 0.6163668 0.74673 0.5594859 0.4728434 0.7575142 0.6216246 0.6163668 0.6216246 0.6163668 0.4728434 0.7575142 0.3766577 0.6258193 0.4728434 0.7575142 0.301835 0.5720733 0.3766577 0.6258193 0.3766577 0.6258193 0.301835 0.5720733 0.3783754 0.3836333 0.3783754 0.3836333 0.301835 0.5720733 0.2087053 0.4602926 0.2087053 0.4602926 0.504154 0.2495142 0.3783754 0.3836333 0.3783754 0.3836333 0.504154 0.2495142 0.6233423 0.3741807 0.6233423 0.3741807 0.504154 0.2495142 0.7871981 0.4167808 0.7871981 0.4167808 0.74673 0.5594859 0.6233423 0.3741807 0.9179591 0.3198405 0.952667 0.3386588 0.5587785 0.0904482 0.9179591 0.3198405 0.5587785 0.0904482 0.4955545 0.01831531 0.4955545 0.01831531 0.5587785 0.0904482 0.4490738 0.03122919 0.4955545 0.01831531 0.4490738 0.03122919 0.1139547 0.230894 0.4955545 0.01831531 0.1139547 0.230894 0.1050407 0.2424466 0.1050407 0.2424466 0.1139547 0.230894 0.09307229 0.7343505 0.1050407 0.2424466 0.09307229 0.7343505 0.06328666 0.5376326 0.1399625 0.457326 0.1100375 0.457326 0.2087053 0.4602926 0.1399625 0.457326 0.2087053 0.4602926 0.2839037 0.4156325 0.2839037 0.4156325 0.2087053 0.4602926 0.1000888 0.5273433 0.2839037 0.4156325 0.1000888 0.5273433 0.06328666 0.5376326 0.06328666 0.5376326 0.1000888 0.5273433 0.1100375 0.457326 0.06328666 0.5376326 0.1100375 0.457326 0.1399625 0.457326 0.4574007 0.8606687 0.4860461 0.9044236 0.4728434 0.7575142 0.4574007 0.8606687 0.4728434 0.7575142 0.5149625 0.8329834 0.5149625 0.8329834 0.4728434 0.7575142 0.5425993 0.8606687 0.5149625 0.8329834 0.5425993 0.8606687 0.5436033 0.9338229 0.5436033 0.9338229 0.5425993 0.8606687 0.4860461 0.9044236 0.5436033 0.9338229 0.4860461 0.9044236 0.4574007 0.8606687 0.8600376 0.542674 0.903716 0.5139783 0.74673 0.5594859 0.8600376 0.542674 0.74673 0.5594859 0.8324007 0.4850113 0.8324007 0.4850113 0.74673 0.5594859 0.7871981 0.4167808 0.8324007 0.4850113 0.7871981 0.4167808 0.9037159 0.4860217 0.9037159 0.4860217 0.7871981 0.4167808 0.903716 0.5139783 0.9037159 0.4860217 0.903716 0.5139783 0.8600376 0.542674 0.5425993 0.1393313 0.5587785 0.0904482 0.504154 0.2495142 0.5425993 0.1393313 0.504154 0.2495142 0.4850375 0.1670166 0.4850375 0.1670166 0.504154 0.2495142 0.4490738 0.03122919 0.4850375 0.1670166 0.4490738 0.03122919 0.4860462 0.09557634 0.4860462 0.09557634 0.4490738 0.03122919 0.5587785 0.0904482 0.4860462 0.09557634 0.5587785 0.0904482 0.5425993 0.1393313 0.1100375 0.457326 0.1139547 0.230894 0.2087053 0.4602926 0.2087053 0.4602926 0.1139547 0.230894 0.4490738 0.03122919 0.1139547 0.230894 0.1100375 0.457326 0.1000888 0.5273433 0.1139547 0.230894 0.1000888 0.5273433 0.09307229 0.7343505 0.301835 0.5720733 0.1000888 0.5273433 0.2087053 0.4602926 0.4490738 0.03122919 0.504154 0.2495142 0.2087053 0.4602926 0.7871981 0.4167808 0.504154 0.2495142 0.5587785 0.0904482 0.8285841 0.8177935 0.5425993 0.8606687 0.74673 0.5594859 0.8285841 0.8177935 0.4098577 0.9799987 0.4860461 0.9044236 0.09307229 0.7343505 0.1000888 0.5273433 0.301835 0.5720733 0.09307229 0.7343505 0.301835 0.5720733 0.4728434 0.7575142 0.8285841 0.8177935 0.4860461 0.9044236 0.5425993 0.8606687 0.5425993 0.8606687 0.4728434 0.7575142 0.74673 0.5594859 0.09307229 0.7343505 0.4860461 0.9044236 0.4098577 0.9799987 0.4860461 0.9044236 0.09307229 0.7343505 0.4728434 0.7575142 0.8285841 0.8177935 0.903716 0.5139783 0.952667 0.3386588 0.8285841 0.8177935 0.74673 0.5594859 0.903716 0.5139783 0.952667 0.3386588 0.903716 0.5139783 0.7871981 0.4167808 0.952667 0.3386588 0.7871981 0.4167808 0.5587785 0.0904482 0.06328666 0.5376326 0.09307229 0.7343505 0.2038566 0.8670658 0.2038566 0.8670658 0.09307229 0.7343505 0.4098577 0.9799987 0.2038566 0.8670658 0.4098577 0.9799987 0.5436033 0.9338229 0.5436033 0.9338229 0.4098577 0.9799987 0.8285841 0.8177935 0.5436033 0.9338229 0.8285841 0.8177935 0.8707733 0.8059651 0.8707733 0.8059651 0.8285841 0.8177935 0.9179591 0.3198405 0.9179591 0.3198405 0.8285841 0.8177935 0.952667 0.3386588 0.2839037 0.4156325 0.5425993 0.1393313 0.1399625 0.457326 0.1399625 0.457326 0.5425993 0.1393313 0.4850375 0.1670166 0.1050407 0.2424466 0.06328666 0.5376326 0.1399625 0.457326 0.4955545 0.01831531 0.4860462 0.09557634 0.5425993 0.1393313 0.4860462 0.09557634 0.4955545 0.01831531 0.1050407 0.2424466 0.4860462 0.09557634 0.1050407 0.2424466 0.1399625 0.457326 0.1399625 0.457326 0.4850375 0.1670166 0.4860462 0.09557634 0.3154524 0.5540696 0.2839037 0.4156325 0.06328666 0.5376326 0.5425993 0.1393313 0.2839037 0.4156325 0.5226716 0.3010519 0.5425993 0.1393313 0.5226716 0.3010519 0.6855648 0.474256 0.8324007 0.4850113 0.6855648 0.474256 0.8600376 0.542674 0.4955545 0.01831531 0.5425993 0.1393313 0.6855648 0.474256 0.4955545 0.01831531 0.6855648 0.474256 0.8324007 0.4850113 0.9037159 0.4860217 0.9179591 0.3198405 0.8324007 0.4850113 0.8324007 0.4850113 0.9179591 0.3198405 0.4955545 0.01831531 0.9179591 0.3198405 0.9037159 0.4860217 0.8707733 0.8059651 0.8707733 0.8059651 0.9037159 0.4860217 0.8600376 0.542674 0.8707733 0.8059651 0.8600376 0.542674 0.6855648 0.474256 0.5436033 0.9338229 0.8707733 0.8059651 0.5256865 0.6890619 0.5256865 0.6890619 0.8707733 0.8059651 0.6855648 0.474256 0.5149625 0.8329834 0.5256865 0.6890619 0.4574007 0.8606687 0.06328666 0.5376326 0.4574007 0.8606687 0.3154524 0.5540696 0.3154524 0.5540696 0.4574007 0.8606687 0.5256865 0.6890619 0.4574007 0.8606687 0.06328666 0.5376326 0.2038566 0.8670658 0.5256865 0.6890619 0.5149625 0.8329834 0.5436033 0.9338229 0.2038566 0.8670658 0.5436033 0.9338229 0.4574007 0.8606687 0.7010782 0.1810243 0.7571111 0.3478261 0.9351399 0.4577386 0.5000001 0 0.7571111 0.3478261 0.7010782 0.1810243 0.5000001 0 0.7010782 0.1810243 0.2995129 0.2131421 0.5000001 0 0.2995129 0.2131421 0.7571111 0.3478261 0.09782427 0.3883161 0.2995129 0.2131421 0.9351399 0.4577386 0.9351399 0.4577386 0.2995129 0.2131421 0.7010782 0.1810243 0.2995129 0.2131421 0.09782427 0.3883161 0.7571111 0.3478261 0.04799127 0.9526402 0.09782427 0.3883161 0.9552358 0.9436725 0.9552358 0.9436725 0.09782427 0.3883161 0.9351399 0.4577386 0.75 0.9456522 0.6356666 0.5108696 0.9351399 0.4577386 0.75 0.9456522 0.9351399 0.4577386 0.7385889 0.5108696 0.75 0.9456522 0.7385889 0.5108696 0.6356666 0.5108696 0.5000001 0.9456522 0.6356666 0.5108696 0.7385889 0.5108696 0.5000001 0.9456522 0.7385889 0.5108696 0.3307999 0.5108696 0.5000001 0.9456522 0.3307999 0.5108696 0.6356666 0.5108696 0.25 0.9456521 0.1042689 0.5108696 0.282 0.5108696 0.25 0.9456521 0.282 0.5108696 0.3307999 0.5108696 0.25 0.9456521 0.3307999 0.5108696 0.1042689 0.5108696 0.9376 0.5108696 0.9552358 0.9436725 0.9351399 0.4577386 0.1042689 0.5108696 0.3307999 0.5108696 0.09782427 0.3883161 0.09782427 0.3883161 0.3307999 0.5108696 0.7385889 0.5108696 0.1042689 0.5108696 0.9376 0.5108696 0.282 0.5108696 0.282 0.5108696 0.9376 0.5108696 0.6356666 0.5108696 0.282 0.5108696 0.6356666 0.5108696 0.3307999 0.5108696 0.6356666 0.5108696 0.9376 0.5108696 0.9351399 0.4577386 0.1042689 0.5108696 0.04799127 0.9526402 0.9376 0.5108696 0.9376 0.5108696 0.04799127 0.9526402 0.9552358 0.9436725 0.04799127 0.9526402 0.1042689 0.5108696 0.04181116 0.7835501 0.04181116 0.7835501 0.09782427 0.3883161 0.04799127 0.9526402 0.1042689 0.5108696 0.09782427 0.3883161 0.04181116 0.7835501 0.7385889 0.5108696 0.9475632 0.8528473 0.7571111 0.3478261 0.7385889 0.5108696 0.7571111 0.3478261 0.09782427 0.3883161 0.9351399 0.4577386 0.7571111 0.3478261 0.9475632 0.8528473 0.9351399 0.4577386 0.9475632 0.8528473 0.7385889 0.5108696 0.90625 0.1166512 0.90625 0.09370875 1 0.03829199 0.8807561 0.08699434 0.90625 0.1166512 1 0.03829199 0.8568177 0.08699434 0.9217642 0.08699434 0.78125 0.04349714 0.8568177 0.08699434 0.78125 0.04349714 0.7178058 0.116492 0.8807561 0.08699434 1 0.03829199 0.9217642 0.08699434 0.90625 0.1166512 0.8807561 0.08699434 0.8568177 0.08699434 0.90625 0.1166512 0.8568177 0.08699434 0.7178058 0.116492 0.03125 0.08699434 0.1326963 0.08699429 0.21875 0.04349714 0 0.0302717 0.09448754 0.08699434 0.03125 0.08699434 0.09448754 0.08699434 0.1326963 0.08699429 0.03125 0.08699434 0.09375 0.0914362 0.09375 0.1162645 0 0.0302717 0 0.0302717 0.09375 0.1162645 0.136702 0.08699434 0 0.0302717 0.136702 0.08699434 0.09448754 0.08699434 0.136702 0.08699434 0.09375 0.1162645 0.2914311 0.1196532 0.21875 0.04349714 0.1326963 0.08699429 0.2914311 0.1196532 0.2914311 0.1196532 0.1326963 0.08699429 0.136702 0.08699434 0.7178058 0.116492 0.2914311 0.1196532 0.697391 0.1243571 0.697391 0.1243571 0.2914311 0.1196532 0.3030335 0.1245564 0.8673037 0 0.78125 0.04349714 0.96875 0 0.21875 0.04349714 0.1431822 0 0.07823586 0 1 0.03829199 0.8632981 0 0.9055125 0 0.9055125 0 0.8673037 0 0.96875 0 0.07823586 0 0.1192438 0 0 0.0302717 0.1192438 0 0.1431822 0 0.255793 0 1 0.03829199 0.9055125 0 0.96875 0 0.78125 0.04349714 0.8673037 0 0.7456135 0 0.8673037 0 0.8632981 0 0.7456135 0 0.255793 0 0.1431822 0 0.21875 0.04349714 0.1192438 0 0.255793 0 0 0.0302717 0 0.0302717 0.255793 0 1 0.03829199 1 0.03829199 0.255793 0 0.7456135 0 0.7456135 0 0.8632981 0 1 0.03829199 0.9217642 0.08699434 1 0.03829199 0.96875 0 0.78125 0.04349714 0.9217642 0.08699434 0.96875 0 0.7178058 0.116492 0.78125 0.04349714 0.7456135 0 0.7178058 0.116492 0.7456135 0 0.255793 0 0.7178058 0.116492 0.255793 0 0.2914311 0.1196532 0.255793 0 0.21875 0.04349714 0.2914311 0.1196532 0.03125 0.08699434 0.21875 0.04349714 0.07823586 0 0 0.0302717 0.03125 0.08699434 0.07823586 0 0 0.0302717 1 0.03829199 0.90625 0.09370875 0.90625 0.09370875 0.697391 0.1243571 0 0.0302717 0 0.0302717 0.697391 0.1243571 0.3030335 0.1245564 0 0.0302717 0.3030335 0.1245564 0.09375 0.0914362 0.1326963 0.08699429 0.1431822 0 0.136702 0.08699434 0.136702 0.08699434 0.1431822 0 0.1192438 0 0.136702 0.08699434 0.1192438 0 0.09448754 0.08699434 0.09448754 0.08699434 0.1192438 0 0.07823586 0 0.09448754 0.08699434 0.07823586 0 0.1326963 0.08699429 0.1326963 0.08699429 0.07823586 0 0.1431822 0 0.8568177 0.08699434 0.8673037 0 0.9217642 0.08699434 0.9217642 0.08699434 0.8673037 0 0.9055125 0 0.9217642 0.08699434 0.9055125 0 0.8807561 0.08699434 0.8807561 0.08699434 0.9055125 0 0.8632981 0 0.8807561 0.08699434 0.8632981 0 0.8568177 0.08699434 0.8568177 0.08699434 0.8632981 0 0.8673037 0 0.1308414 0.8975581 0.1284374 0.9512736 0.09375 0.739452 0.09375 0.739452 0.1284374 0.9512736 0.1678996 0.8395985 0.09375 0.739452 0.1678996 0.8395985 0.09375 0.0914362 0.1678996 0.8395985 0.09375 0.1162645 0.09375 0.0914362 0.8691585 0.8975582 0.8715626 0.9512736 0.8117944 0.8361954 0.8117944 0.8361954 0.8715626 0.9512736 0.90625 0.739452 0.8117944 0.8361954 0.90625 0.739452 0.90625 0.1166512 0.90625 0.1166512 0.90625 0.739452 0.90625 0.09370875 0.90625 0.1166512 0.7178058 0.116492 0.8117944 0.8361954 0.8117944 0.8361954 0.7178058 0.116492 0.6941316 0.6221038 0.2914311 0.1196532 0.09375 0.1162645 0.3060117 0.6233865 0.3060117 0.6233865 0.09375 0.1162645 0.1678996 0.8395985 0.8117944 0.8361954 0.6941316 0.6221038 0.1678996 0.8395985 0.1678996 0.8395985 0.6941316 0.6221038 0.3060117 0.6233865 0.697391 0.1243571 0.90625 0.09370875 0.6938603 0.6235073 0.6938603 0.6235073 0.90625 0.09370875 0.90625 0.739452 0.09375 0.0914362 0.3030335 0.1245564 0.09375 0.739452 0.09375 0.739452 0.3030335 0.1245564 0.3059185 0.6221437 0.09375 0.739452 0.3059185 0.6221437 0.90625 0.739452 0.90625 0.739452 0.3059185 0.6221437 0.6938603 0.6235073 0.1284374 0.9512736 0.1308414 0.8975581 0.197063 0.9841467 0.1284374 0.9512736 0.197063 0.9841467 0.2811764 0.9127026 0.2811764 0.9127026 0.197063 0.9841467 0.233233 0.8994541 0.233233 0.8994541 0.7545707 0.9113785 0.2811764 0.9127026 0.2811764 0.9127026 0.7545707 0.9113785 0.7822731 0.9643589 0.7822731 0.9643589 0.7545707 0.9113785 0.8715626 0.9512736 0.7822731 0.9643589 0.8715626 0.9512736 0.8691585 0.8975582 0.1678996 0.8395985 0.2156603 0.8734129 0.8117944 0.8361954 0.1678996 0.8395985 0.1284374 0.9512736 0.1850075 0.9091402 0.1850075 0.9091402 0.1284374 0.9512736 0.2811764 0.9127026 0.1850075 0.9091402 0.2811764 0.9127026 0.2156603 0.8734129 0.7822731 0.9643589 0.8117944 0.8361954 0.2811764 0.9127026 0.2811764 0.9127026 0.8117944 0.8361954 0.2156603 0.8734129 0.7822731 0.9643589 0.8691585 0.8975582 0.8100076 0.9091402 0.7822731 0.9643589 0.8100076 0.9091402 0.8117944 0.8361954 0.8715626 0.9512736 0.8390188 0.8614132 0.90625 0.739452 0.90625 0.739452 0.8390188 0.8614132 0.7940105 0.8541515 0.7940105 0.8541515 0.1988457 0.8442079 0.90625 0.739452 0.8390188 0.8614132 0.8715626 0.9512736 0.7545707 0.9113785 0.1988457 0.8442079 0.7940105 0.8541515 0.233233 0.8994541 0.09375 0.739452 0.1988457 0.8442079 0.1308414 0.8975581 0.7940105 0.8541515 0.7545707 0.9113785 0.233233 0.8994541 0.90625 0.739452 0.1988457 0.8442079 0.09375 0.739452 0.233233 0.8994541 0.197063 0.9841467 0.1308414 0.8975581 0.2156603 0.8734129 0.1988457 0.8442079 0.233233 0.8994541 0.2156603 0.8734129 0.233233 0.8994541 0.1850075 0.9091402 0.1850075 0.9091402 0.233233 0.8994541 0.1308414 0.8975581 0.1850075 0.9091402 0.1308414 0.8975581 0.1678996 0.8395985 0.1678996 0.8395985 0.1308414 0.8975581 0.1988457 0.8442079 0.1678996 0.8395985 0.1988457 0.8442079 0.2156603 0.8734129 0.8691585 0.8975582 0.8390188 0.8614132 0.7545707 0.9113785 0.8691585 0.8975582 0.7545707 0.9113785 0.8100076 0.9091402 0.8100076 0.9091402 0.7545707 0.9113785 0.7940105 0.8541515 0.8100076 0.9091402 0.7940105 0.8541515 0.8117944 0.8361954 0.8117944 0.8361954 0.7940105 0.8541515 0.8390188 0.8614132 0.8117944 0.8361954 0.8390188 0.8614132 0.8691585 0.8975582 0.6938603 0.6235073 0.6941316 0.6221038 0.697391 0.1243571 0.697391 0.1243571 0.6941316 0.6221038 0.7178058 0.116492 0.3030335 0.1245564 0.2914311 0.1196532 0.3059185 0.6221437 0.3059185 0.6221437 0.2914311 0.1196532 0.3060117 0.6233865 0.3060117 0.6233865 0.6941316 0.6221038 0.3059185 0.6221437 0.3059185 0.6221437 0.6941316 0.6221038 0.6938603 0.6235073 0 0.2823721 0.02108538 0.7516328 0.02700525 0.2387485 0.4628149 0.8993157 0.4526316 0.7513602 0.4526316 0.2486398 0.4628149 0.8993157 0.4526316 0.2486398 0.46238 0.09994757 0.5789474 0.7513602 0.5789474 0.9026116 0.5789474 0.2486398 0.5789474 0.2486398 0.5789474 0.9026116 0.5789474 0.09738844 0.4526316 0.7513602 0.4628149 0.8993157 0.5789474 0.7513602 0.5789474 0.7513602 0.4628149 0.8993157 0.5789474 0.9026116 0.2421053 0.8933297 0.4628149 0.8993157 0.2227503 0.7829162 0.2227503 0.7829162 0.4628149 0.8993157 0.46238 0.09994757 0.2227503 0.7829162 0.46238 0.09994757 0.229965 0.2170838 0.229965 0.2170838 0.46238 0.09994757 0.2421053 0.09738844 0.2421053 0.8933297 0.2227503 0.7829162 0.1933643 0.7829162 0.02108538 0.7516328 0.02194476 0.7330572 0.1330481 0.8050146 0.1330481 0.8050146 0.02194476 0.7330572 0.1759273 0.8430393 0.7982838 0.7927211 0.4602212 0.7829162 0.1330481 0.8050146 0.1330481 0.8050146 0.4602212 0.7829162 0.1941868 0.7829162 0.1330481 0.8050146 0.1941868 0.7829162 0.02108538 0.7516328 0.02108538 0.7516328 0.1941868 0.7829162 0.1933643 0.7829162 0.02108538 0.7516328 0.1933643 0.7829162 0.2227503 0.7829162 0.1176248 0.2153832 0.02578198 0.2685371 0.1326414 0.1954818 0.1326414 0.1954818 0.02578198 0.2685371 0.02700525 0.2387485 0.4602443 0.2170838 0.79904 0.2077475 0.1326414 0.1954818 0.2040514 0.2111576 0.02700525 0.2387485 0.229965 0.2170838 0.1326414 0.1954818 0.1944553 0.2170838 0.4602443 0.2170838 0.02700525 0.2387485 0.2040514 0.2111576 0.1326414 0.1954818 0.1326414 0.1954818 0.2040514 0.2111576 0.1944553 0.2170838 0.2040514 0.2111576 0.2421053 0.09738844 0.46238 0.09994757 0.06998336 0.6776509 0 0.7176279 0.1941337 0.7176279 0.7178947 0.7176279 0.4597936 0.7318616 0.02108538 0.7516328 0.4597936 0.7318616 0.1943299 0.7284135 0.02108538 0.7516328 0.7105321 0.7031614 0.4579113 0.7176279 0.7178947 0.7176279 0.7178947 0.7176279 0.4579113 0.7176279 0.4597936 0.7318616 0.06998336 0.6776509 0.1941337 0.7176279 0.7105321 0.7031614 0.7105321 0.7031614 0.1941337 0.7176279 0.4579113 0.7176279 0.02108538 0.7516328 0.1943299 0.7284135 0 0.7176279 0 0.7176279 0.1943299 0.7284135 0.1941337 0.7176279 0.9200573 0.2409937 0.9643607 0.6719573 0.9843164 0.3893727 0.7894737 0.7717974 0.7894737 0.7594176 0.7894737 0.9026116 0.7894737 0.2405824 0.79904 0.2077475 0.7894737 0.2282025 0.7894737 0.09738844 0.7894737 0.2282025 0.79904 0.2077475 0.7894737 0.6135081 0.7894737 0.9026116 0.7894737 0.7594176 0.7894737 0.9026116 0.7894737 0.6135081 0.7894737 0.09738844 0.7894737 0.09738844 0.7894737 0.6135081 0.7894738 0.384696 0.7894737 0.09738844 0.7894738 0.384696 0.7894737 0.2282025 0.7982838 0.7927211 0.7894737 0.7717974 0.7894737 0.9026116 0.7894737 0.2584577 0.7894737 0.2282025 0.7894738 0.384696 0.7894737 0.7717974 0.7982838 0.7927211 0.79904 0.2077475 0.7894738 0.3861262 0.7894737 0.2405824 0.7894737 0.2584577 0.7894737 0.6135081 0.7894737 0.7594176 0.7894737 0.7415423 0.7894737 0.6135081 0.7894737 0.7415423 0.7894737 0.6157127 0.7894737 0.2405824 0.7894738 0.3861262 0.79904 0.2077475 0.7894738 0.3861262 0.7894737 0.2584577 0.7894738 0.384696 0.7894738 0.3861262 0.7894737 0.6157127 0.79904 0.2077475 0.7894737 0.6157127 0.7894737 0.7415423 0.79904 0.2077475 0.79904 0.2077475 0.7894737 0.7415423 0.7894737 0.7717974 0.7105321 0.7031614 0.6611245 0.6850408 0.06998336 0.6776509 0.6562152 0.6509919 0.7105321 0.7031614 0.7138556 0.5107383 0.06998336 0.6776509 0.6611245 0.6850408 0.4367175 0.6531062 0.4367175 0.6531062 0.6611245 0.6850408 0.6562152 0.6509919 0.3793582 0.4265626 0.06998336 0.6776509 0.4367175 0.6531062 0.711494 0.2962339 0.6487581 0.3466502 0.7138556 0.5107383 0.0533809 0.3138068 0.6661069 0.3077654 0.711494 0.2962339 0.0533809 0.3138068 0.3793582 0.4265626 0.6487581 0.3466502 0.6487581 0.3466502 0.6661069 0.3077654 0.0533809 0.3138068 0.06998336 0.6776509 0.02954548 0.685041 0 0.7176279 0.03861951 0.355208 0.02954548 0.685041 0.04415214 0.6501865 0 0.7176279 0.02954548 0.685041 0.03861951 0.355208 0.03861951 0.355208 0.04415214 0.6501865 0.3793582 0.4265626 0.3793582 0.4265626 0.04415214 0.6501865 0.06998336 0.6776509 0.03861951 0.355208 0.3793582 0.4265626 0.0533809 0.3138068 0.5437638 0.9885132 0.1759273 0.8430393 0.1176248 0.2153832 0.6630852 0.2965105 0.6402705 0.02889335 0.8772354 0.1733984 0.6630852 0.2965105 0.8772354 0.1733984 0.6972662 0.3535252 0.6948574 0.7031054 0.8096677 0.8922289 0.5437638 0.9885132 0.02194476 0.7330572 0.07925277 0.681338 0.1759273 0.8430393 0.1176248 0.2153832 0.1759273 0.8430393 0.07925277 0.681338 0.1176248 0.2153832 0.07925277 0.681338 0.07925277 0.3331334 0.1176248 0.2153832 0.07925277 0.3331334 0.02578198 0.2685371 0.07925277 0.3331334 0.07925277 0.681338 0.02653259 0.6358534 0.6948574 0.7031054 0.9598432 0.6700577 0.8096677 0.8922289 0.6402705 0.02889335 0.6630852 0.2965105 0.4733674 0.3412439 0.6402705 0.02889335 0.4733674 0.3412439 0.3124346 0.05484688 0.9598432 0.6700577 0.6948574 0.7031054 0.7006799 0.6165065 0.4733674 0.3412439 0.6630852 0.2965105 0.6532216 0.3684437 0.8772354 0.1733984 0.9843164 0.3893727 0.6972662 0.3535252 0.6972662 0.3535252 0.9843164 0.3893727 0.9598432 0.6700577 0.6972662 0.3535252 0.9598432 0.6700577 0.7006799 0.6165065 0.3124346 0.05484688 0.4733674 0.3412439 0.1176248 0.2153832 0.1176248 0.2153832 0.4733674 0.3412439 0.3792639 0.5734274 0.1176248 0.2153832 0.3792639 0.5734274 0.5437638 0.9885132 0.5437638 0.9885132 0.3792639 0.5734274 0.6320856 0.6705691 0.5437638 0.9885132 0.6320856 0.6705691 0.6948574 0.7031054 0.02653259 0.6358534 0.01052367 0.3470282 0.07925277 0.3331334 0.7006799 0.6165065 0.6532216 0.3684437 0.6972662 0.3535252 0.007170736 0.2980253 0.02578198 0.2685371 0.01052367 0.3470282 0.007170736 0.2980253 0.01052367 0.3470282 0.03861951 0.355208 0.02990168 0.7074834 0.02194476 0.7330572 0 0.7176279 0.02990168 0.7074834 0 0.7176279 0.02385187 0.6527608 0.02385187 0.6527608 0 0.7176279 0.03861951 0.355208 0.02385187 0.6527608 0.03861951 0.355208 0.02653259 0.6358534 0.02653259 0.6358534 0.03861951 0.355208 0.01052367 0.3470282 0.2227503 0.7829162 0.229965 0.2170838 0.02700525 0.2387485 0.02108538 0.7516328 0.2227503 0.7829162 0.02700525 0.2387485 0.7105321 0.7031614 0.7178948 0.6138738 0.7138556 0.5107383 0.7138556 0.5107383 0.7178948 0.6138738 0.7178948 0.3842873 0.7138556 0.5107383 0.7178948 0.3842873 0.711494 0.2962339 0.711494 0.2962339 0.7178948 0.3842873 0.7178947 0.2823721 0.7178947 0.2823721 0.7178948 0.3842873 0.7178948 0.3864919 0.7178947 0.2823721 0.7178948 0.3864919 0.7178947 0.7176279 0.7178947 0.7176279 0.7178948 0.3864919 0.7178947 0.615304 0.7178947 0.7176279 0.7178947 0.615304 0.7178948 0.6138738 0.7178947 0.7176279 0.7178948 0.6138738 0.7105321 0.7031614 0.0533809 0.3138068 0.1937191 0.2823721 0.007170736 0.2980253 0.1937191 0.2823721 0.0533809 0.3138068 0.4575113 0.2823722 0.4575113 0.2823722 0.0533809 0.3138068 0.711494 0.2962339 0.7178947 0.2823721 0.4583494 0.2718512 0.711494 0.2962339 0.711494 0.2962339 0.4583494 0.2718512 0.4575113 0.2823722 0.007170736 0.2980253 0.1937191 0.2823721 0 0.2823721 0 0.2823721 0.1937191 0.2823721 0.1927555 0.2675048 0 0.2823721 0.1927555 0.2675048 0.4583494 0.2718512 0 0.2823721 0.4583494 0.2718512 0.7178947 0.2823721 0.7178947 0.2823721 0.7178947 0.7176279 0 0.2823721 0 0.2823721 0.7178947 0.7176279 0.02108538 0.7516328 0.3792639 0.5734274 0.3793582 0.4265626 0.4367175 0.6531062 0.3792639 0.5734274 0.4367175 0.6531062 0.6320856 0.6705691 0.6320856 0.6705691 0.4367175 0.6531062 0.6562152 0.6509919 0.6320856 0.6705691 0.6562152 0.6509919 0.7138556 0.5107383 0.6320856 0.6705691 0.7138556 0.5107383 0.7006799 0.6165065 0.7006799 0.6165065 0.7138556 0.5107383 0.6532216 0.3684437 0.6532216 0.3684437 0.7138556 0.5107383 0.6487581 0.3466502 0.6532216 0.3684437 0.6487581 0.3466502 0.4733674 0.3412439 0.4733674 0.3412439 0.6487581 0.3466502 0.3793582 0.4265626 0.4733674 0.3412439 0.3793582 0.4265626 0.3792639 0.5734274 0.6562152 0.6509919 0.6615568 0.6395993 0.7070613 0.6615658 0.6562152 0.6509919 0.7070613 0.6615658 0.7105321 0.7031614 0.7105321 0.7031614 0.7070613 0.6615658 0.6858117 0.7086052 0.7105321 0.7031614 0.6858117 0.7086052 0.6611245 0.6850408 0.6611245 0.6850408 0.6858117 0.7086052 0.6403072 0.6866388 0.6611245 0.6850408 0.6403072 0.6866388 0.6615568 0.6395993 0.6611245 0.6850408 0.6615568 0.6395993 0.6562152 0.6509919 0.6615568 0.6395993 0.6320856 0.6705691 0.7006799 0.6165065 0.6615568 0.6395993 0.7006799 0.6165065 0.7070613 0.6615658 0.7070613 0.6615658 0.7006799 0.6165065 0.6948574 0.7031054 0.7070613 0.6615658 0.6948574 0.7031054 0.6858117 0.7086052 0.6858117 0.7086052 0.6948574 0.7031054 0.6403072 0.6866388 0.6403072 0.6866388 0.6948574 0.7031054 0.6320856 0.6705691 0.6403072 0.6866388 0.6320856 0.6705691 0.6615568 0.6395993 0.6661069 0.3077654 0.6615567 0.2913948 0.7070613 0.3133612 0.6661069 0.3077654 0.7070613 0.3133612 0.711494 0.2962339 0.711494 0.2962339 0.7070613 0.3133612 0.6972662 0.3535252 0.711494 0.2962339 0.6972662 0.3535252 0.6487581 0.3466502 0.6487581 0.3466502 0.6972662 0.3535252 0.6403071 0.3384343 0.6487581 0.3466502 0.6403071 0.3384343 0.6661069 0.3077654 0.6661069 0.3077654 0.6403071 0.3384343 0.6615567 0.2913948 0.6615567 0.2913948 0.6630852 0.2965105 0.7070613 0.3133612 0.7070613 0.3133612 0.6630852 0.2965105 0.6972662 0.3535252 0.6972662 0.3535252 0.6532216 0.3684437 0.6403071 0.3384343 0.6403071 0.3384343 0.6532216 0.3684437 0.6630852 0.2965105 0.6403071 0.3384343 0.6630852 0.2965105 0.6615567 0.2913948 0.01052367 0.3470282 0.02578198 0.2685371 0.03063416 0.3029344 0.03063416 0.3029344 0.02578198 0.2685371 0.07306951 0.3209213 0.07306951 0.3209213 0.02578198 0.2685371 0.07925277 0.3331334 0.07306951 0.3209213 0.07925277 0.3331334 0.0423696 0.3607665 0.0423696 0.3607665 0.07925277 0.3331334 0.01052367 0.3470282 0.03063416 0.3029344 0.0423696 0.3607665 0.01052367 0.3470282 0.0533809 0.3138068 0.03063416 0.3029344 0.07306951 0.3209213 0.0533809 0.3138068 0.07306951 0.3209213 0.0423696 0.3607665 0.0533809 0.3138068 0.0423696 0.3607665 0.03861951 0.355208 0.03861951 0.355208 0.0423696 0.3607665 0.03063416 0.3029344 0.03861951 0.355208 0.03063416 0.3029344 0.007170736 0.2980253 0.007170736 0.2980253 0.03063416 0.3029344 0.0533809 0.3138068 0.02385187 0.6527608 0.02653259 0.6358534 0.07306951 0.6691258 0.07306951 0.6691258 0.02653259 0.6358534 0.07925277 0.681338 0.07306951 0.6691258 0.07925277 0.681338 0.02990168 0.7074834 0.02990168 0.7074834 0.07925277 0.681338 0.02194476 0.7330572 0.04415214 0.6501865 0.02385187 0.6527608 0.07306951 0.6691258 0.04415214 0.6501865 0.07306951 0.6691258 0.06998336 0.6776509 0.06998336 0.6776509 0.07306951 0.6691258 0.02990168 0.7074834 0.06998336 0.6776509 0.02990168 0.7074834 0.02954548 0.685041 0.02954548 0.685041 0.02990168 0.7074834 0.02385187 0.6527608 0.02954548 0.685041 0.02385187 0.6527608 0.04415214 0.6501865 0.1759273 0.8430393 0.2922595 0.9353773 0.1330481 0.8050146 0.5437638 0.9885132 0.2922595 0.9353773 0.1759273 0.8430393 0.8096677 0.8922289 0.8306009 0.8653902 0.5437638 0.9885132 0.9598432 0.6700577 0.8306009 0.8653902 0.8096677 0.8922289 0.9643607 0.6719573 0.8306009 0.8653902 0.9598432 0.6700577 0.9598432 0.6700577 0.9843164 0.3893727 0.9643607 0.6719573 0.8772354 0.1733984 0.9200573 0.2409937 0.9843164 0.3893727 0.8772354 0.1733984 0.8113336 0.1221447 0.9200573 0.2409937 0.6402705 0.02889335 0.8113336 0.1221447 0.8772354 0.1733984 0.8113336 0.1221447 0.6402705 0.02889335 0.4438892 0.01570385 0.4438892 0.01570385 0.6402705 0.02889335 0.3124346 0.05484688 0.1176248 0.2153832 0.1326414 0.1954818 0.3124346 0.05484688 0.2922595 0.9353773 0.5437638 0.9885132 0.8306009 0.8653902 0.8272872 0.8279905 0.2922595 0.9353773 0.8306009 0.8653902 0.8272872 0.8279905 0.1330481 0.8050146 0.2922595 0.9353773 0.7982838 0.7927211 0.1330481 0.8050146 0.8272872 0.8279905 0.9643607 0.6719573 0.9200573 0.2409937 0.8306009 0.8653902 0.8306009 0.8653902 0.9200573 0.2409937 0.8272872 0.8279905 0.8272872 0.8279905 0.9200573 0.2409937 0.8298621 0.1744709 0.8272872 0.8279905 0.8298621 0.1744709 0.7982838 0.7927211 0.7982838 0.7927211 0.8298621 0.1744709 0.79904 0.2077475 0.8298621 0.1744709 0.9200573 0.2409937 0.8113336 0.1221447 0.8298621 0.1744709 0.1326414 0.1954818 0.79904 0.2077475 0.8113336 0.1221447 0.3124346 0.05484688 0.8298621 0.1744709 0.8298621 0.1744709 0.3124346 0.05484688 0.1326414 0.1954818 0.4438892 0.01570385 0.3124346 0.05484688 0.8113336 0.1221447 0.4602443 0.2170838 0.1944553 0.2170838 0.4575113 0.2823722 0.4575113 0.2823722 0.1944553 0.2170838 0.1937191 0.2823721 0.4575113 0.2823722 0.4583494 0.2718512 0.4602443 0.2170838 0.4602443 0.2170838 0.4583494 0.2718512 0.4657067 0.2170838 0.4657067 0.2170838 0.46238 0.09994757 0.4602443 0.2170838 0.1927555 0.2675048 0.1937191 0.2823721 0.1944553 0.2170838 0.1927555 0.2675048 0.1944553 0.2170838 0.2040514 0.2111576 0.4657067 0.2170838 0.4583494 0.2718512 0.2040514 0.2111576 0.2040514 0.2111576 0.4583494 0.2718512 0.1927555 0.2675048 0.1941337 0.7176279 0.1943299 0.7284135 0.1941868 0.7829162 0.1941868 0.7829162 0.1943299 0.7284135 0.1933643 0.7829162 0.4597936 0.7318616 0.4579113 0.7176279 0.4602212 0.7829162 0.4597936 0.7318616 0.4602212 0.7829162 0.4669877 0.7829162 0.4669877 0.7829162 0.4602212 0.7829162 0.4628149 0.8993157 0.4602212 0.7829162 0.4579113 0.7176279 0.1941868 0.7829162 0.1941868 0.7829162 0.4579113 0.7176279 0.1941337 0.7176279 0.1933643 0.7829162 0.1943299 0.7284135 0.4597936 0.7318616 0.1933643 0.7829162 0.4597936 0.7318616 0.4669877 0.7829162 0.7894737 0.6157127 0.7894738 0.3861262 0.7178948 0.6138738 0.7178948 0.6138738 0.7894738 0.3861262 0.7178948 0.3842873 0.7178948 0.6138738 0.7178947 0.615304 0.7894737 0.6157127 0.7894737 0.6157127 0.7178947 0.615304 0.7894737 0.6135081 0.7894738 0.384696 0.7894737 0.6135081 0.7178948 0.3864919 0.7178948 0.3864919 0.7894737 0.6135081 0.7178947 0.615304 0.7178948 0.3864919 0.7178948 0.3842873 0.7894738 0.384696 0.7894738 0.384696 0.7178948 0.3842873 0.7894738 0.3861262 0.5789474 0.9026116 0.4628149 0.8993157 0.7894737 0.9026116 0.46238 0.09994757 0.5789474 0.09738844 0.7894737 0.09738844 0.229965 0.2170838 0.2421053 0.09738844 0.2040514 0.2111576 0.5789474 0.9026116 0.7894737 0.9026116 0.5789474 0.09738844 0.5789474 0.09738844 0.7894737 0.9026116 0.7894737 0.09738844 0.4602443 0.2170838 0.46238 0.09994757 0.79904 0.2077475 0.79904 0.2077475 0.46238 0.09994757 0.7894737 0.09738844 0.4628149 0.8993157 0.4602212 0.7829162 0.7894737 0.9026116 0.7894737 0.9026116 0.4602212 0.7829162 0.7982838 0.7927211 0.4657067 0.2170838 0.2040514 0.2111576 0.46238 0.09994757 0.4669877 0.7829162 0.4628149 0.8993157 0.2421053 0.8933297 0.4669877 0.7829162 0.2421053 0.8933297 0.1933643 0.7829162 0.6842105 0.7717975 0.7894737 0.7594176 0.7894737 0.7717974 0.6842105 0.7717975 0.7894737 0.7717974 0.6842105 0.7505094 0.6842105 0.7505094 0.7894737 0.7717974 0.7894737 0.7415423 0.6842105 0.7505094 0.7894737 0.7415423 0.7894737 0.7594176 0.6842105 0.7505094 0.7894737 0.7594176 0.6842105 0.7717975 0.6842105 0.2494906 0.7894737 0.2282025 0.7894737 0.2584577 0.6842105 0.2494906 0.7894737 0.2584577 0.7894737 0.2405824 0.6842105 0.2494906 0.7894737 0.2405824 0.6842105 0.2282024 0.6842105 0.2282024 0.7894737 0.2405824 0.7894737 0.2282025 0.6842105 0.2282024 0.7894737 0.2282025 0.6842105 0.2494906 0.5789474 0.09738844 0.46238 0.09994757 0.5789474 0.2486398 0.5789474 0.2486398 0.46238 0.09994757 0.4526316 0.2486398 0.4526316 0.2486398 0.4526316 0.7513602 0.5789474 0.2486398 0.5789474 0.2486398 0.4526316 0.7513602 0.5789474 0.7513602 0 0.2823721 0.02700525 0.2387485 0.007170736 0.2980253 0.007170736 0.2980253 0.02700525 0.2387485 0.02578198 0.2685371 0 0.7176279 0.02194476 0.7330572 0.02108538 0.7516328 0 0.4166667 0.1878378 0.425926 0.04320847 0.8810927 0.5049768 0.7777779 0.3737643 0.4156684 0.5093837 0.2166666 0.5093837 0.2166666 0.3737643 0.4156684 0.4053256 0.2165425 0.1878378 0.425926 0.1463423 0.7150627 0.04320847 0.8810927 0.04320847 0.8810927 0.1463423 0.7150627 0.1281688 0.821815 0.1281688 0.821815 0.2320358 0.8404932 0.2295191 0.973238 0.2295191 0.973238 0.2320358 0.8404932 0.4039688 0.7846853 0.2320358 0.8404932 0.2502095 0.7337409 0.4039688 0.7846853 0.4039688 0.7846853 0.2502095 0.7337409 0.5049768 0.7777779 0.5049768 0.7777779 0.2502095 0.7337409 0.3737643 0.4156684 0.1463423 0.7150627 0.1878378 0.425926 0.2502095 0.7337409 0.2502095 0.7337409 0.1878378 0.425926 0.3737643 0.4156684 0.1281688 0.821815 0.2295191 0.973238 0.04320847 0.8810927 1 0.4166666 0.8121622 0.4351854 0.9567915 0.8810927 0.7679641 0.8404932 0.7497906 0.7337408 0.5960312 0.7846853 0.5960312 0.7846853 0.7497906 0.7337408 0.4949157 0.7777778 0.7497906 0.7337408 0.6242813 0.4143875 0.4949157 0.7777778 0.4949157 0.7777778 0.6242813 0.4143875 0.5095264 0.2166666 0.8536576 0.7150627 0.9567915 0.8810927 0.8121622 0.4351854 0.8718312 0.821815 0.7679641 0.8404932 0.7708742 0.9733497 0.7679641 0.8404932 0.5960312 0.7846853 0.7708742 0.9733497 0.9567915 0.8810927 0.8536576 0.7150627 0.8718312 0.821815 0.8536576 0.7150627 0.8121622 0.4351854 0.7497906 0.7337408 0.7497906 0.7337408 0.8121622 0.4351854 0.6242813 0.4143875 0.8718312 0.821815 0.7708742 0.9733497 0.9567915 0.8810927 0.04558259 0.1579315 0 0.5833333 0.1885591 0.5657852 0.04558259 0.1579315 0.2236601 0.09576046 0.2033843 0.02655148 0.3124102 0.2297261 0.3950753 0.207681 0.2236601 0.09576046 0.2236601 0.09576046 0.3950753 0.207681 0.2033843 0.02655148 0.3556958 0.6536816 0.3124102 0.2297261 0.1326758 0.3272232 0.1326758 0.3272232 0.1885591 0.5657852 0.3556958 0.6536816 0.1885591 0.5657852 0.1326758 0.3272232 0.04558259 0.1579315 0.1878378 0.4351854 0.1751741 0.2103244 0.1916967 0.2485176 0.1878378 0.4351854 0.1916967 0.2485176 0.3774071 0.4119246 0.4053256 0.2165425 0.3774071 0.4119246 0.2147738 0.2196453 0.2147738 0.2196453 0.3774071 0.4119246 0.1916967 0.2485176 0.1751741 0.2103244 0.2566736 0.0396595 0.2147738 0.2196453 0.2147738 0.2196453 0.2566736 0.0396595 0.4053256 0.2165425 0.1878378 0.4351854 0 0.4166667 0.1751741 0.2103244 0.1751741 0.2103244 0 0.4166667 0.04518467 0.1188446 0.2566736 0.0396595 0.1751741 0.2103244 0.04518467 0.1188446 0.3737643 0.4156684 0.3774071 0.4119246 0.4053256 0.2165425 0.04320847 0.8810927 0.04518461 0.8811552 0 0.4166667 0 0.4166667 0.04518461 0.8811552 0 0.5833333 0 0.4166667 0 0.5833333 0.04518467 0.1188446 0.04518467 0.1188446 0 0.5833333 0.04558259 0.1579315 0.2295191 0.973238 0.2072209 0.9821879 0.04518461 0.8811552 0.2295191 0.973238 0.04518461 0.8811552 0.04320847 0.8810927 0.4039688 0.7846853 0.3971645 0.8036218 0.2295191 0.973238 0.2295191 0.973238 0.3971645 0.8036218 0.2072209 0.9821879 0.2320358 0.8404932 0.1463425 0.8404932 0.2502095 0.8218153 0.2320358 0.8404932 0.2502095 0.8218153 0.2502095 0.7337409 0.2502095 0.7337409 0.2502095 0.8218153 0.232036 0.7150627 0.2502095 0.7337409 0.232036 0.7150627 0.1463423 0.7150627 0.1463423 0.7150627 0.232036 0.7150627 0.1281688 0.7337409 0.1463423 0.7150627 0.1281688 0.7337409 0.1281688 0.821815 0.1281688 0.821815 0.1281688 0.7337409 0.1463425 0.8404932 0.1281688 0.821815 0.1463425 0.8404932 0.2320358 0.8404932 0.6257387 0.4152067 0.8121622 0.425926 0.5049768 0.7777779 0.8121622 0.425926 1 0.4166666 0.9548154 0.8811551 0.8536576 0.8404932 0.8718312 0.7337408 0.9548154 0.8811551 0.5049768 0.7777779 0.7925209 0.9821173 0.6263914 0.8800662 0.6257387 0.4152067 0.5049768 0.7777779 0.5093837 0.2166666 0.8121622 0.425926 0.8718312 0.7337408 0.767964 0.7150627 0.9548154 0.8811551 0.8718312 0.7337408 0.8121622 0.425926 0.8121622 0.425926 0.767964 0.7150627 0.5049768 0.7777779 0.5049768 0.7777779 0.767964 0.7150627 0.7497904 0.821815 0.7497904 0.821815 0.7925209 0.9821173 0.5049768 0.7777779 0.7925209 0.9821173 0.7497904 0.821815 0.8536576 0.8404932 0.7925209 0.9821173 0.8536576 0.8404932 0.9548154 0.8811551 0.04518467 0.1188446 0.04558259 0.1579315 0.2033843 0.02655148 0.04518467 0.1188446 0.2033843 0.02655148 0.2566736 0.0396595 0.4053256 0.2165425 0.2566736 0.0396595 0.3950753 0.207681 0.3950753 0.207681 0.2566736 0.0396595 0.2033843 0.02655148 0.1916967 0.2485176 0.1866818 0.2485176 0.2032042 0.2103244 0.1916967 0.2485176 0.2032042 0.2103244 0.2147738 0.2196453 0.2147738 0.2196453 0.2032042 0.2103244 0.1751741 0.2103244 0.1751741 0.2103244 0.2032042 0.2103244 0.1636044 0.2196453 0.1751741 0.2103244 0.1636044 0.2196453 0.1866818 0.2485176 0.1751741 0.2103244 0.1866818 0.2485176 0.1916967 0.2485176 1 0.5166329 0.9859468 0.160187 0.81159 0.5664528 0.7111693 0.1446706 0.6820363 0.058375 0.6066834 0.2117934 0.7111693 0.1446706 0.8249283 0.02398055 0.6820363 0.058375 0.8249283 0.02398055 0.7111693 0.1446706 0.910279 0.1510171 0.910279 0.1510171 0.9859468 0.160187 0.8249283 0.02398055 0.645179 0.6504064 0.7147392 0.3094075 0.7111693 0.1446706 0.910279 0.1510171 0.8740231 0.3284755 0.9859468 0.160187 0.9859468 0.160187 0.8740231 0.3284755 0.81159 0.5664528 0.7147392 0.3094075 0.645179 0.6504064 0.8740231 0.3284755 0.8740231 0.3284755 0.645179 0.6504064 0.81159 0.5664528 0.9544174 0.1579315 1 0.5833333 0.811441 0.5657853 0.9544174 0.1579315 0.77634 0.09576046 0.7970114 0.02644383 0.6818508 0.2206813 0.5968977 0.2040333 0.77634 0.09576046 0.77634 0.09576046 0.5968977 0.2040333 0.7970114 0.02644383 0.6578748 0.6297253 0.6818508 0.2206813 0.8673241 0.3272232 0.8673241 0.3272232 0.811441 0.5657853 0.6578748 0.6297253 0.811441 0.5657853 0.8673241 0.3272232 0.9544174 0.1579315 0.9548154 0.8811551 0.9567916 0.8810928 0.783185 0.9775629 0.9548154 0.8811551 0.783185 0.9775629 0.7925209 0.9821173 0.7925209 0.9821173 0.783185 0.9775629 0.6263914 0.8800662 0.6263914 0.8800662 0.783185 0.9775629 0.5995775 0.7962113 0.6263914 0.8800662 0.5995775 0.7962113 0.5049768 0.7777779 0.8536576 0.8404932 0.7679641 0.8404931 0.8718311 0.8218153 0.8536576 0.8404932 0.8718311 0.8218153 0.8718312 0.7337408 0.8718312 0.7337408 0.8718311 0.8218153 0.8536576 0.7150627 0.8718312 0.7337408 0.8536576 0.7150627 0.767964 0.7150627 0.767964 0.7150627 0.8536576 0.7150627 0.7497904 0.7337409 0.767964 0.7150627 0.7497904 0.7337409 0.7497904 0.821815 0.7497904 0.821815 0.7497904 0.7337409 0.7679641 0.8404931 0.7497904 0.821815 0.7679641 0.8404931 0.8536576 0.8404932 0.5947231 0.2162885 0.6820363 0.058375 0.7616894 0.02886211 0.7616894 0.02886211 0.6820363 0.058375 0.8249283 0.02398055 0.5947231 0.2162885 0.6066834 0.2117934 0.6820363 0.058375 0.7616894 0.02886211 0.8249283 0.02398055 0.9567915 0.1189071 0.9567915 0.1189071 0.8249283 0.02398055 0.9859468 0.160187 0.8133184 0.2485176 0.8083034 0.2485176 0.8248259 0.2103244 0.8133184 0.2485176 0.8248259 0.2103244 0.8363955 0.2196453 0.8363955 0.2196453 0.8248259 0.2103244 0.7967958 0.2103245 0.7967958 0.2103245 0.8248259 0.2103244 0.7852261 0.2196453 0.7967958 0.2103245 0.7852261 0.2196453 0.8083034 0.2485176 0.7967958 0.2103245 0.8083034 0.2485176 0.8133184 0.2485176 0.5960312 0.7846853 0.4949157 0.7777778 0.6028354 0.8036218 0.5049768 0.7777779 0.4044107 0.7691845 0.3971645 0.8036218 0.6028354 0.8036218 0.4949157 0.7777778 0.5960237 0.7655039 0.4039688 0.7846853 0.5049768 0.7777779 0.3971645 0.8036218 0.4044107 0.7691845 0.5049768 0.7777779 0.4949157 0.7777778 0.4044107 0.7691845 0.4949157 0.7777778 0.4004225 0.7962113 0.4949157 0.7777778 0.5049768 0.7777779 0.5960237 0.7655039 0.5960237 0.7655039 0.5049768 0.7777779 0.5995775 0.7962113 0.9567915 0.1189071 0.9859468 0.160187 1 0.5166329 1 0.4166666 1 0.5166329 0.9548154 0.8811551 0.9548154 0.8811551 1 0.5166329 0.9567916 0.8810928 0.6230422 0.4124353 0.5947231 0.2162885 0.8121622 0.4351854 0.8133184 0.2485176 0.8363955 0.2196453 1 0.5166329 1 0.5166329 0.8363955 0.2196453 0.9567915 0.1189071 0.7967958 0.2103245 0.7616894 0.02886211 0.9567915 0.1189071 0.7967958 0.2103245 0.9567915 0.1189071 0.8363955 0.2196453 0.7616894 0.02886211 0.7967958 0.2103245 0.5947231 0.2162885 0.5947231 0.2162885 0.7967958 0.2103245 0.8121622 0.4351854 0.8121622 0.4351854 0.7967958 0.2103245 0.8133184 0.2485176 0.8121622 0.4351854 0.8133184 0.2485176 1 0.5166329 1 0.4166666 0.8121622 0.425926 1 0.5166329 1 0.5166329 0.8121622 0.425926 0.8121622 0.4351854 0.6257387 0.4152067 0.5093837 0.2166666 0.6230422 0.4124353 0.6230422 0.4124353 0.5093837 0.2166666 0.5947231 0.2162885 0.6230422 0.4124353 0.8121622 0.4351854 0.6257387 0.4152067 0.6257387 0.4152067 0.8121622 0.4351854 0.8121622 0.425926 0.7497904 0.7337409 0.6712628 0.6294651 0.5995775 0.7962113 0.7497904 0.7337409 0.5995775 0.7962113 0.7679641 0.8404931 0.7497904 0.7337409 0.8121582 0.569462 0.6712628 0.6294651 0.7679641 0.8404931 0.783185 0.9775629 0.8718311 0.8218153 0.783185 0.9775629 0.7679641 0.8404931 0.5995775 0.7962113 1 0.5166329 0.8536576 0.7150627 0.9567916 0.8810928 0.7497904 0.7337409 0.8536576 0.7150627 0.8121582 0.569462 0.8121582 0.569462 0.8536576 0.7150627 1 0.5166329 0.9567916 0.8810928 0.8536576 0.7150627 0.8718311 0.8218153 0.8718311 0.8218153 0.783185 0.9775629 0.9567916 0.8810928 0.6712628 0.6294651 0.645179 0.6504064 0.5995775 0.7962113 0.5995775 0.7962113 0.645179 0.6504064 0.5960237 0.7655039 0.8121582 0.569462 0.81159 0.5664528 0.6712628 0.6294651 0.6712628 0.6294651 0.81159 0.5664528 0.645179 0.6504064 0.8121582 0.569462 1 0.5166329 0.81159 0.5664528 0.7708742 0.9733497 0.7925207 0.9821178 0.9548154 0.8811551 0.7708742 0.9733497 0.9548154 0.8811551 0.9567915 0.8810927 0.5960312 0.7846853 0.6028354 0.8036218 0.7708742 0.9733497 0.7708742 0.9733497 0.6028354 0.8036218 0.7925207 0.9821178 0.7679641 0.8404932 0.8536575 0.8404931 0.7497906 0.8218153 0.7679641 0.8404932 0.7497906 0.8218153 0.7497906 0.7337408 0.7497906 0.7337408 0.7497906 0.8218153 0.767964 0.7150627 0.7497906 0.7337408 0.767964 0.7150627 0.8536576 0.7150627 0.8536576 0.7150627 0.767964 0.7150627 0.8718312 0.7337409 0.8536576 0.7150627 0.8718312 0.7337409 0.8718312 0.821815 0.8718312 0.821815 0.8718312 0.7337409 0.8536575 0.8404931 0.8718312 0.821815 0.8536575 0.8404931 0.7679641 0.8404932 0.5946953 0.2163577 0.743165 0.0397033 0.5968977 0.2040333 0.5968977 0.2040333 0.743165 0.0397033 0.7970114 0.02644383 0.9548153 0.1188446 0.9544174 0.1579315 0.7970114 0.02644383 0.9548153 0.1188446 0.7970114 0.02644383 0.743165 0.0397033 0.3742613 0.4152067 0.1878378 0.425926 0.4949157 0.7777778 0.1878378 0.425926 0 0.4166666 0.04518455 0.8811551 0.1463425 0.8404932 0.1281688 0.7337408 0.04518455 0.8811551 0.4949157 0.7777778 0.2074791 0.9821174 0.3736086 0.8800662 0.3742613 0.4152067 0.4949157 0.7777778 0.5095264 0.2166666 0.3742613 0.4152067 0.5095264 0.2166666 0.4051232 0.2154046 0.1878378 0.425926 0.1281688 0.7337408 0.232036 0.7150627 0.04518455 0.8811551 0.1281688 0.7337408 0.1878378 0.425926 0.232036 0.7150627 0.4949157 0.7777778 0.1878378 0.425926 0.4949157 0.7777778 0.232036 0.7150627 0.2502096 0.821815 0.2502096 0.821815 0.2074791 0.9821174 0.4949157 0.7777778 0.1463425 0.8404932 0.04518455 0.8811551 0.2074791 0.9821174 0.1463425 0.8404932 0.2074791 0.9821174 0.2502096 0.821815 0.9544174 0.1579315 0.9548153 0.1188446 1 0.5833333 1 0.5833333 0.9548153 0.1188446 1 0.4166666 1 0.5833333 1 0.4166666 0.9548154 0.8811551 0.9548154 0.8811551 1 0.4166666 0.9567915 0.8810927 0.8121622 0.425926 0.8248259 0.2103244 0.8083034 0.2485176 0.8248259 0.2103244 0.743165 0.0397033 0.7852261 0.2196453 0.7852261 0.2196453 0.743165 0.0397033 0.5946953 0.2163577 0.8121622 0.425926 0.8083034 0.2485176 0.6244593 0.4132254 0.7852261 0.2196453 0.5946953 0.2163577 0.6244593 0.4132254 0.7852261 0.2196453 0.6244593 0.4132254 0.8083034 0.2485176 0.743165 0.0397033 0.8248259 0.2103244 0.9548153 0.1188446 0.8121622 0.425926 1 0.4166666 0.8248259 0.2103244 0.8248259 0.2103244 1 0.4166666 0.9548153 0.1188446 0.8121622 0.4351854 1 0.4166666 0.8121622 0.425926 0.6242813 0.4143875 0.6244593 0.4132254 0.5095264 0.2166666 0.5095264 0.2166666 0.6244593 0.4132254 0.5946953 0.2163577 0.6242813 0.4143875 0.8121622 0.4351854 0.6244593 0.4132254 0.6244593 0.4132254 0.8121622 0.4351854 0.8121622 0.425926 0.81159 0.5664528 0.6028354 0.8036218 0.6602087 0.6309071 0.8718312 0.7337409 1 0.5833333 0.9548154 0.8811551 0.8718312 0.7337409 0.9548154 0.8811551 0.8536575 0.8404931 1 0.5833333 0.8718312 0.7337409 0.81159 0.5664528 0.81159 0.5664528 0.8718312 0.7337409 0.767964 0.7150627 0.767964 0.7150627 0.6028354 0.8036218 0.81159 0.5664528 0.8536575 0.8404931 0.9548154 0.8811551 0.7925207 0.9821178 0.8536575 0.8404931 0.7925207 0.9821178 0.7497906 0.8218153 0.6028354 0.8036218 0.767964 0.7150627 0.7497906 0.8218153 0.6028354 0.8036218 0.7497906 0.8218153 0.7925207 0.9821178 0.811441 0.5657853 0.81159 0.5664528 0.6578748 0.6297253 0.6578748 0.6297253 0.81159 0.5664528 0.6602087 0.6309071 0.6028354 0.8036218 0.5960237 0.7655039 0.6602087 0.6309071 0.6602087 0.6309071 0.5960237 0.7655039 0.6578748 0.6297253 1 0.5833333 0.81159 0.5664528 0.811441 0.5657853 0.5968977 0.2040333 0.5960237 0.7655039 0.6066834 0.2117934 0.6066834 0.2117934 0.5960237 0.7655039 0.645179 0.6504064 0.6066834 0.2117934 0.645179 0.6504064 0.7111693 0.1446706 0.6818508 0.2206813 0.6578748 0.6297253 0.5968977 0.2040333 0.5968977 0.2040333 0.6578748 0.6297253 0.5960237 0.7655039 0.7111693 0.1446706 0.6818508 0.2206813 0.77634 0.09576046 0.7111693 0.1446706 0.77634 0.09576046 0.910279 0.1510171 0.910279 0.1510171 0.77634 0.09576046 0.9544174 0.1579315 0.910279 0.1510171 0.9544174 0.1579315 0.8673241 0.3272232 0.910279 0.1510171 0.8673241 0.3272232 0.8740231 0.3284755 0.8740231 0.3284755 0.8673241 0.3272232 0.7147392 0.3094075 0.7147392 0.3094075 0.8673241 0.3272232 0.6818508 0.2206813 0.7147392 0.3094075 0.6818508 0.2206813 0.7111693 0.1446706 0.5946953 0.2163577 0.5968977 0.2040333 0.3910893 0.2115388 0.5946953 0.2163577 0.3910893 0.2115388 0.5095264 0.2166666 0.4053256 0.2165425 0.3950753 0.207681 0.5947231 0.2162885 0.5947231 0.2162885 0.3950753 0.207681 0.3910893 0.2115388 0.5947231 0.2162885 0.3910893 0.2115388 0.6066834 0.2117934 0.6066834 0.2117934 0.3910893 0.2115388 0.5968977 0.2040333 0.4051232 0.2154046 0.5095264 0.2166666 0.3910893 0.2115388 0.5947231 0.2162885 0.5093837 0.2166666 0.4053256 0.2165425 0.1878378 0.425926 0 0.4166667 0.1878378 0.4351854 0.1878378 0.425926 0.1878378 0.4351854 0.3737643 0.4156684 0.3737643 0.4156684 0.1878378 0.4351854 0.3774071 0.4119246 0.3971645 0.8036218 0.3397913 0.6309071 0.1884101 0.5664528 0.1463425 0.8404932 0.1281688 0.7337409 0.04518461 0.8811552 0.04518461 0.8811552 0.1281688 0.7337409 0 0.5833333 0 0.5833333 0.1281688 0.7337409 0.1884101 0.5664528 0.1884101 0.5664528 0.1281688 0.7337409 0.232036 0.7150627 0.232036 0.7150627 0.3971645 0.8036218 0.1884101 0.5664528 0.3971645 0.8036218 0.232036 0.7150627 0.2502095 0.8218153 0.1463425 0.8404932 0.04518461 0.8811552 0.2072209 0.9821879 0.1463425 0.8404932 0.2072209 0.9821879 0.2502095 0.8218153 0.3971645 0.8036218 0.2502095 0.8218153 0.2072209 0.9821879 0 0.5833333 0.1884101 0.5664528 0.1885591 0.5657852 0.3971645 0.8036218 0.3556958 0.6536816 0.3397913 0.6309071 0.4044107 0.7691845 0.3556958 0.6536816 0.3971645 0.8036218 0.3397913 0.6309071 0.3556958 0.6536816 0.1884101 0.5664528 0.1884101 0.5664528 0.3556958 0.6536816 0.1885591 0.5657852 0 0.5166329 0.01405316 0.160187 0.1884101 0.5664528 0.2546965 0.1128051 0.3179637 0.058375 0.3000783 0.2708111 0.3000783 0.2708111 0.3179637 0.058375 0.3910893 0.2115388 0.2546965 0.1128051 0.1750717 0.02398055 0.3179637 0.058375 0.1750717 0.02398055 0.2546965 0.1128051 0.0897209 0.1510171 0.0897209 0.1510171 0.01405316 0.160187 0.1750717 0.02398055 0.0897209 0.1510171 0.1259769 0.3284755 0.01405316 0.160187 0.01405316 0.160187 0.1259769 0.3284755 0.1884101 0.5664528 0.3000783 0.2708111 0.3448483 0.6318591 0.1259769 0.3284755 0.1259769 0.3284755 0.3448483 0.6318591 0.1884101 0.5664528 0.04518455 0.8811551 0.04320842 0.8810928 0.216815 0.9775629 0.04518455 0.8811551 0.216815 0.9775629 0.2074791 0.9821174 0.2074791 0.9821174 0.216815 0.9775629 0.3736086 0.8800662 0.3736086 0.8800662 0.216815 0.9775629 0.4004225 0.7962113 0.3736086 0.8800662 0.4004225 0.7962113 0.4949157 0.7777778 0.1463425 0.8404932 0.2320358 0.8404931 0.1281689 0.8218153 0.1463425 0.8404932 0.1281689 0.8218153 0.1281688 0.7337408 0.1281688 0.7337408 0.1281689 0.8218153 0.1463423 0.7150627 0.1281688 0.7337408 0.1463423 0.7150627 0.232036 0.7150627 0.232036 0.7150627 0.1463423 0.7150627 0.2502095 0.7337409 0.232036 0.7150627 0.2502095 0.7337409 0.2502096 0.821815 0.2502096 0.821815 0.2502095 0.7337409 0.2320358 0.8404931 0.2502096 0.821815 0.2320358 0.8404931 0.1463425 0.8404932 0.4051232 0.2154046 0.3179637 0.058375 0.2383106 0.02886211 0.2383106 0.02886211 0.3179637 0.058375 0.1750717 0.02398055 0.4051232 0.2154046 0.3910893 0.2115388 0.3179637 0.058375 0.2383106 0.02886211 0.1750717 0.02398055 0.04320847 0.1189071 0.04320847 0.1189071 0.1750717 0.02398055 0.01405316 0.160187 0.04320847 0.1189071 0.01405316 0.160187 0 0.5166329 0 0.4166666 0 0.5166329 0.04518455 0.8811551 0.04518455 0.8811551 0 0.5166329 0.04320842 0.8810928 0.4051232 0.2154046 0.1878378 0.4351854 0.3769578 0.4124352 0.2032042 0.2103244 0.2383106 0.02886211 0.04320847 0.1189071 0.2032042 0.2103244 0.04320847 0.1189071 0.1636044 0.2196453 0.1866818 0.2485176 0 0.5166329 0.1878378 0.4351854 0 0.5166329 0.1866818 0.2485176 0.1636044 0.2196453 0 0.5166329 0.1636044 0.2196453 0.04320847 0.1189071 0.4051232 0.2154046 0.2032042 0.2103244 0.1878378 0.4351854 0.1878378 0.4351854 0.2032042 0.2103244 0.1866818 0.2485176 0.2383106 0.02886211 0.2032042 0.2103244 0.4051232 0.2154046 0 0.4166666 0.1878378 0.425926 0 0.5166329 0 0.5166329 0.1878378 0.425926 0.1878378 0.4351854 0.3742613 0.4152067 0.4051232 0.2154046 0.3769578 0.4124352 0.3769578 0.4124352 0.1878378 0.4351854 0.3742613 0.4152067 0.3742613 0.4152067 0.1878378 0.4351854 0.1878378 0.425926 0.2502095 0.7337409 0.3287372 0.6294652 0.4004225 0.7962113 0.2502095 0.7337409 0.4004225 0.7962113 0.2320358 0.8404931 0.1281689 0.8218153 0.2320358 0.8404931 0.216815 0.9775629 0.216815 0.9775629 0.2320358 0.8404931 0.4004225 0.7962113 0 0.5166329 0.1463423 0.7150627 0.04320842 0.8810928 0.2502095 0.7337409 0.1878417 0.569462 0.3287372 0.6294652 0.1878417 0.569462 0.2502095 0.7337409 0.1463423 0.7150627 0.1878417 0.569462 0.1463423 0.7150627 0 0.5166329 0.04320842 0.8810928 0.1463423 0.7150627 0.1281689 0.8218153 0.1281689 0.8218153 0.216815 0.9775629 0.04320842 0.8810928 0.3287372 0.6294652 0.4044107 0.7691845 0.4004225 0.7962113 0.3287372 0.6294652 0.3448483 0.6318591 0.4044107 0.7691845 0.1878417 0.569462 0.1884101 0.5664528 0.3287372 0.6294652 0.3287372 0.6294652 0.1884101 0.5664528 0.3448483 0.6318591 0.1878417 0.569462 0 0.5166329 0.1884101 0.5664528 0.3448483 0.6318591 0.3910893 0.2115388 0.4044107 0.7691845 0.3000783 0.2708111 0.3910893 0.2115388 0.3448483 0.6318591 0.3950753 0.207681 0.4044107 0.7691845 0.3910893 0.2115388 0.3950753 0.207681 0.3556958 0.6536816 0.4044107 0.7691845 0.3124102 0.2297261 0.3556958 0.6536816 0.3950753 0.207681 0.3000783 0.2708111 0.3124102 0.2297261 0.2546965 0.1128051 0.2546965 0.1128051 0.3124102 0.2297261 0.2236601 0.09576046 0.2546965 0.1128051 0.2236601 0.09576046 0.0897209 0.1510171 0.0897209 0.1510171 0.2236601 0.09576046 0.04558259 0.1579315 0.0897209 0.1510171 0.04558259 0.1579315 0.1326758 0.3272232 0.0897209 0.1510171 0.1326758 0.3272232 0.1259769 0.3284755 0.1259769 0.3284755 0.1326758 0.3272232 0.3000783 0.2708111 0.3000783 0.2708111 0.1326758 0.3272232 0.3124102 0.2297261 0 0.4166667 0.1878378 0.425926 0.05692821 0.8927009 0.1878378 0.425926 0.1463419 0.7150624 0.05692821 0.8927009 0.5049727 0.7777778 0.3737643 0.4156686 0.5093683 0.2166666 0.5093683 0.2166666 0.3737643 0.4156686 0.4052941 0.2162598 0.1281691 0.8218153 0.2320363 0.8404932 0.1926547 0.9933727 0.1926547 0.9933727 0.2320363 0.8404932 0.3846147 0.8306813 0.3846147 0.8306813 0.2320363 0.8404932 0.2502094 0.7337407 0.3846147 0.8306813 0.2502094 0.7337407 0.5049727 0.7777778 0.5049727 0.7777778 0.2502094 0.7337407 0.3737643 0.4156686 0.05692821 0.8927009 0.1463419 0.7150624 0.1281691 0.8218153 0.1463419 0.7150624 0.1878378 0.425926 0.2502094 0.7337407 0.2502094 0.7337407 0.1878378 0.425926 0.3737643 0.4156686 0.1926547 0.9933727 0.05692821 0.8927009 0.1281691 0.8218153 1 0.4166666 0.8121622 0.4351854 0.9430718 0.8927009 0.7679637 0.8404932 0.7497906 0.7337407 0.5992441 0.7949782 0.5992441 0.7949782 0.7497906 0.7337407 0.4949141 0.7777778 0.7497906 0.7337407 0.6242813 0.4143877 0.4949141 0.7777778 0.4949141 0.7777778 0.6242813 0.4143877 0.5095264 0.2166666 0.8536581 0.7150623 0.9430718 0.8927009 0.8121622 0.4351854 0.8718309 0.8218153 0.7679637 0.8404932 0.7877508 0.9804852 0.7877508 0.9804852 0.7679637 0.8404932 0.5992441 0.7949782 0.8536581 0.7150623 0.8121622 0.4351854 0.7497906 0.7337407 0.7497906 0.7337407 0.8121622 0.4351854 0.6242813 0.4143877 0.9430718 0.8927009 0.8536581 0.7150623 0.8718309 0.8218153 0.8718309 0.8218153 0.7877508 0.9804852 0.9430718 0.8927009 0.0163387 0.1686818 0 0.5833333 0.1885592 0.5657853 0.0163387 0.1686818 0.2236611 0.09576088 0.2037864 0.02316951 0.3215422 0.1988241 0.395199 0.2078585 0.2236611 0.09576088 0.2236611 0.09576088 0.395199 0.2078585 0.2037864 0.02316951 0.3556958 0.6536815 0.3215422 0.1988241 0.1860589 0.3425903 0.1885592 0.5657853 0.1860589 0.3425903 0.0163387 0.1686818 0.1860589 0.3425903 0.1885592 0.5657853 0.3556958 0.6536815 0.4052941 0.2162598 0.377407 0.4119246 0.2032042 0.2341202 0.1878378 0.4351854 0.1636044 0.2247995 0.2032042 0.2341202 0.1878378 0.4351854 0.2032042 0.2341202 0.377407 0.4119246 0.1838735 0.01982188 0.3184843 0.05928909 0.4052941 0.2162598 0.1636044 0.2247995 0.02302098 0.1444761 0.1866818 0.1959266 0.1866818 0.1959266 0.02302098 0.1444761 0.1838735 0.01982188 0.4052941 0.2162598 0.2032042 0.2341202 0.1838735 0.01982188 0.1838735 0.01982188 0.2032042 0.2341202 0.1866818 0.1959266 0.1878378 0.4351854 0 0.4166667 0.1636044 0.2247995 0.1636044 0.2247995 0 0.4166667 0.02302098 0.1444761 0.3737643 0.4156686 0.377407 0.4119246 0.4052941 0.2162598 0.05692821 0.8927009 0.02302092 0.8555238 0 0.4166667 0 0.4166667 0.02302092 0.8555238 0 0.5833333 0 0.4166667 0 0.5833333 0.02302098 0.1444761 0.02302098 0.1444761 0 0.5833333 0.0163387 0.1686818 0.1926547 0.9933727 0.2035462 0.9808307 0.05692821 0.8927009 0.05692821 0.8927009 0.2035462 0.9808307 0.02302092 0.8555238 0.3846147 0.8306813 0.3971645 0.8036212 0.2035462 0.9808307 0.3846147 0.8306813 0.2035462 0.9808307 0.1926547 0.9933727 0.2320363 0.8404932 0.146342 0.8404931 0.2502093 0.8218153 0.2320363 0.8404932 0.2502093 0.8218153 0.2502094 0.7337407 0.2502094 0.7337407 0.2502093 0.8218153 0.2320366 0.7150626 0.2502094 0.7337407 0.2320366 0.7150626 0.1463419 0.7150624 0.1463419 0.7150624 0.2320366 0.7150626 0.1281687 0.7337409 0.1463419 0.7150624 0.1281687 0.7337409 0.1281691 0.8218153 0.1281691 0.8218153 0.1281687 0.7337409 0.146342 0.8404931 0.1281691 0.8218153 0.146342 0.8404931 0.2320363 0.8404932 0.6257387 0.4152067 0.8121622 0.425926 0.5049727 0.7777778 0.8121622 0.425926 1 0.4166666 0.976979 0.8555239 0.853658 0.8404931 0.871831 0.7337407 0.976979 0.8555239 0.5049727 0.7777778 0.796213 0.9807653 0.6263917 0.8800659 0.8121622 0.425926 0.871831 0.7337407 0.7679635 0.7150623 0.6257387 0.4152067 0.5049727 0.7777778 0.5093683 0.2166666 0.976979 0.8555239 0.871831 0.7337407 0.8121622 0.425926 0.8121622 0.425926 0.7679635 0.7150623 0.5049727 0.7777778 0.5049727 0.7777778 0.7679635 0.7150623 0.7497908 0.8218153 0.7497908 0.8218153 0.796213 0.9807653 0.5049727 0.7777778 0.796213 0.9807653 0.7497908 0.8218153 0.853658 0.8404931 0.853658 0.8404931 0.976979 0.8555239 0.796213 0.9807653 0.02302098 0.1444761 0.0163387 0.1686818 0.2037864 0.02316951 0.02302098 0.1444761 0.2037864 0.02316951 0.1838735 0.01982188 0.4052941 0.2162598 0.3184843 0.05928909 0.395199 0.2078585 0.395199 0.2078585 0.3184843 0.05928909 0.2037864 0.02316951 0.2037864 0.02316951 0.3184843 0.05928909 0.1838735 0.01982188 0.2032042 0.2341202 0.1751741 0.2341202 0.2147737 0.2247994 0.2032042 0.2341202 0.2147737 0.2247994 0.1916966 0.1959265 0.2032042 0.2341202 0.1916966 0.1959265 0.1866818 0.1959266 0.1866818 0.1959266 0.1916966 0.1959265 0.1751741 0.2341202 0.1866818 0.1959266 0.1751741 0.2341202 0.1636044 0.2247995 0.1636044 0.2247995 0.1751741 0.2341202 0.2032042 0.2341202 1 0.5166329 0.9476869 0.2417299 0.8115898 0.566453 0.7111691 0.1446706 0.6820359 0.05837512 0.6065022 0.2121888 0.7111691 0.1446706 0.8248671 0.03545528 0.6820359 0.05837512 0.9476869 0.2417299 0.9359408 0.08610498 0.8248671 0.03545528 0.6451788 0.6504067 0.7528741 0.3267285 0.7111691 0.1446706 0.9476869 0.2417299 0.7528741 0.3267285 0.8115898 0.566453 0.7528741 0.3267285 0.6451788 0.6504067 0.8115898 0.566453 0.9836612 0.1686818 0.7763388 0.09576088 0.796379 0.02319437 0.6729915 0.1931573 0.6036356 0.2048389 0.7763388 0.09576088 0.7763388 0.09576088 0.6036356 0.2048389 0.796379 0.02319437 0.6578747 0.6297254 0.6729915 0.1931573 0.813941 0.3425903 0.813941 0.3425903 0.8114408 0.5657852 0.6578747 0.6297254 0.813941 0.3425903 0.9836612 0.1686818 0.8114408 0.5657852 0.8114408 0.5657852 0.9836612 0.1686818 1 0.5833333 0.976979 0.8555239 0.9430718 0.8927008 0.796213 0.9807653 0.796213 0.9807653 0.9430718 0.8927008 0.7877507 0.9804849 0.796213 0.9807653 0.7877507 0.9804849 0.6263917 0.8800659 0.6263917 0.8800659 0.7877507 0.9804849 0.5995774 0.796211 0.6263917 0.8800659 0.5995774 0.796211 0.5049727 0.7777778 0.853658 0.8404931 0.7679637 0.8404931 0.8718309 0.8218153 0.853658 0.8404931 0.8718309 0.8218153 0.871831 0.7337407 0.871831 0.7337407 0.8718309 0.8218153 0.8536583 0.7150626 0.871831 0.7337407 0.8536583 0.7150626 0.7679635 0.7150623 0.7679635 0.7150623 0.8536583 0.7150626 0.7497903 0.7337409 0.7679635 0.7150623 0.7497903 0.7337409 0.7497908 0.8218153 0.7497908 0.8218153 0.7497903 0.7337409 0.7679637 0.8404931 0.7497908 0.8218153 0.7679637 0.8404931 0.853658 0.8404931 0.5948695 0.2154217 0.6820359 0.05837512 0.7631103 0.02510935 0.7631103 0.02510935 0.6820359 0.05837512 0.8248671 0.03545528 0.5948695 0.2154217 0.6065022 0.2121888 0.6820359 0.05837512 0.7631103 0.02510935 0.8248671 0.03545528 0.9430717 0.1072996 0.9430717 0.1072996 0.8248671 0.03545528 0.9359408 0.08610498 0.9430717 0.1072996 0.9359408 0.08610498 0.9476869 0.2417299 0.8248258 0.2341202 0.7967957 0.2341202 0.8363954 0.2247994 0.8248258 0.2341202 0.8363954 0.2247994 0.8133183 0.1959265 0.8248258 0.2341202 0.8133183 0.1959265 0.8083034 0.1959266 0.8083034 0.1959266 0.8133183 0.1959265 0.7967957 0.2341202 0.8083034 0.1959266 0.7967957 0.2341202 0.785226 0.2247995 0.785226 0.2247995 0.7967957 0.2341202 0.8248258 0.2341202 0.5992441 0.7949782 0.4949141 0.7777778 0.6028355 0.8036213 0.5049727 0.7777778 0.4044108 0.7691842 0.3971645 0.8036212 0.6028355 0.8036213 0.4949141 0.7777778 0.5960237 0.7655035 0.3846147 0.8306813 0.5049727 0.7777778 0.3971645 0.8036212 0.4044108 0.7691842 0.5049727 0.7777778 0.4949141 0.7777778 0.4044108 0.7691842 0.4949141 0.7777778 0.4004226 0.7962109 0.4949141 0.7777778 0.5049727 0.7777778 0.5960237 0.7655035 0.5960237 0.7655035 0.5049727 0.7777778 0.5995774 0.796211 0.9430717 0.1072996 0.9476869 0.2417299 1 0.5166329 1 0.4166666 1 0.5166329 0.976979 0.8555239 0.976979 0.8555239 1 0.5166329 0.9430718 0.8927008 0.8121622 0.4351854 0.6230424 0.4124353 0.5948695 0.2154217 1 0.5166329 0.8248258 0.2341202 0.9430717 0.1072996 0.7631103 0.02510935 0.9430717 0.1072996 0.8083034 0.1959266 0.8083034 0.1959266 0.9430717 0.1072996 0.8248258 0.2341202 0.7631103 0.02510935 0.8083034 0.1959266 0.5948695 0.2154217 0.8083034 0.1959266 0.785226 0.2247995 0.5948695 0.2154217 0.5948695 0.2154217 0.785226 0.2247995 0.8121622 0.4351854 0.8121622 0.4351854 0.785226 0.2247995 0.8248258 0.2341202 0.8121622 0.4351854 0.8248258 0.2341202 1 0.5166329 1 0.4166666 0.8121622 0.425926 1 0.5166329 1 0.5166329 0.8121622 0.425926 0.8121622 0.4351854 0.6257387 0.4152067 0.5093683 0.2166666 0.6230424 0.4124353 0.6230424 0.4124353 0.5093683 0.2166666 0.5948695 0.2154217 0.6230424 0.4124353 0.8121622 0.4351854 0.6257387 0.4152067 0.6257387 0.4152067 0.8121622 0.4351854 0.8121622 0.425926 0.7497903 0.7337409 0.6712633 0.6294647 0.5995774 0.796211 0.7497903 0.7337409 0.5995774 0.796211 0.7679637 0.8404931 0.7679637 0.8404931 0.5995774 0.796211 0.7877507 0.9804849 0.7497903 0.7337409 0.8121584 0.5694619 0.6712633 0.6294647 0.8718309 0.8218153 0.7679637 0.8404931 0.7877507 0.9804849 1 0.5166329 0.8536583 0.7150626 0.9430718 0.8927008 0.8121584 0.5694619 0.7497903 0.7337409 0.8536583 0.7150626 0.8121584 0.5694619 0.8536583 0.7150626 1 0.5166329 0.9430718 0.8927008 0.8536583 0.7150626 0.8718309 0.8218153 0.7877507 0.9804849 0.9430718 0.8927008 0.8718309 0.8218153 0.6712633 0.6294647 0.6451788 0.6504067 0.5995774 0.796211 0.5995774 0.796211 0.6451788 0.6504067 0.5960237 0.7655035 0.8121584 0.5694619 0.8115898 0.566453 0.6712633 0.6294647 0.6712633 0.6294647 0.8115898 0.566453 0.6451788 0.6504067 0.8121584 0.5694619 1 0.5166329 0.8115898 0.566453 0.7877508 0.9804852 0.7962129 0.9807652 0.9430718 0.8927009 0.9430718 0.8927009 0.7962129 0.9807652 0.976979 0.8555239 0.5992441 0.7949782 0.6028355 0.8036213 0.7877508 0.9804852 0.7877508 0.9804852 0.6028355 0.8036213 0.7962129 0.9807652 0.7679637 0.8404932 0.8536579 0.8404931 0.7497908 0.8218153 0.7679637 0.8404932 0.7497908 0.8218153 0.7497906 0.7337407 0.7497906 0.7337407 0.7497908 0.8218153 0.7679634 0.7150626 0.7497906 0.7337407 0.7679634 0.7150626 0.8536581 0.7150623 0.8536581 0.7150623 0.7679634 0.7150626 0.8718313 0.7337409 0.8536581 0.7150623 0.8718313 0.7337409 0.8718309 0.8218153 0.8718309 0.8218153 0.8718313 0.7337409 0.8536579 0.8404931 0.8718309 0.8218153 0.8536579 0.8404931 0.7679637 0.8404932 0.5946953 0.2163577 0.6815156 0.05928909 0.6036356 0.2048389 0.6036356 0.2048389 0.6815156 0.05928909 0.796379 0.02319437 0.796379 0.02319437 0.6815156 0.05928909 0.8158107 0.01990711 0.976979 0.1444761 0.9836612 0.1686818 0.796379 0.02319437 0.976979 0.1444761 0.796379 0.02319437 0.8158107 0.01990711 0.3742612 0.4152068 0.1878378 0.425926 0.4949141 0.7777778 0.1878378 0.425926 0 0.4166666 0.02302092 0.8555238 0.146342 0.8404932 0.1281689 0.7337407 0.02302092 0.8555238 0.1878378 0.425926 0.1281689 0.7337407 0.2320364 0.7150623 0.203787 0.9807653 0.3736082 0.880066 0.4949141 0.7777778 0.3742612 0.4152068 0.4949141 0.7777778 0.5095264 0.2166666 0.3742612 0.4152068 0.5095264 0.2166666 0.4051241 0.2154086 0.02302092 0.8555238 0.1281689 0.7337407 0.1878378 0.425926 0.1878378 0.425926 0.2320364 0.7150623 0.4949141 0.7777778 0.203787 0.9807653 0.4949141 0.7777778 0.2502093 0.8218153 0.2320364 0.7150623 0.2502093 0.8218153 0.4949141 0.7777778 0.203787 0.9807653 0.2502093 0.8218153 0.146342 0.8404932 0.146342 0.8404932 0.02302092 0.8555238 0.203787 0.9807653 0.9836612 0.1686818 0.976979 0.1444761 1 0.5833333 1 0.5833333 0.976979 0.1444761 1 0.4166666 1 0.5833333 1 0.4166666 0.976979 0.8555239 0.976979 0.8555239 1 0.4166666 0.9430718 0.8927009 0.8121622 0.425926 0.8363954 0.2247994 0.7967957 0.2341202 0.6815156 0.05928909 0.5946953 0.2163577 0.8158107 0.01990711 0.8133183 0.1959265 0.8158107 0.01990711 0.7967957 0.2341202 0.7967957 0.2341202 0.8158107 0.01990711 0.5946953 0.2163577 0.8121622 0.425926 0.7967957 0.2341202 0.6244593 0.4132254 0.7967957 0.2341202 0.5946953 0.2163577 0.6244593 0.4132254 0.8121622 0.425926 1 0.4166666 0.8363954 0.2247994 0.8363954 0.2247994 1 0.4166666 0.976979 0.1444761 0.8363954 0.2247994 0.976979 0.1444761 0.8133183 0.1959265 0.8133183 0.1959265 0.976979 0.1444761 0.8158107 0.01990711 0.8121622 0.4351854 1 0.4166666 0.8121622 0.425926 0.6242813 0.4143877 0.6244593 0.4132254 0.5095264 0.2166666 0.5095264 0.2166666 0.6244593 0.4132254 0.5946953 0.2163577 0.6242813 0.4143877 0.8121622 0.4351854 0.6244593 0.4132254 0.6244593 0.4132254 0.8121622 0.4351854 0.8121622 0.425926 0.6028355 0.8036213 0.6602084 0.6309078 0.8115898 0.566453 0.8718313 0.7337409 1 0.5833333 0.976979 0.8555239 0.8718313 0.7337409 0.976979 0.8555239 0.8536579 0.8404931 0.7679634 0.7150626 0.6028355 0.8036213 0.8115898 0.566453 1 0.5833333 0.8718313 0.7337409 0.8115898 0.566453 0.8115898 0.566453 0.8718313 0.7337409 0.7679634 0.7150626 0.6028355 0.8036213 0.7679634 0.7150626 0.7497908 0.8218153 0.6028355 0.8036213 0.7497908 0.8218153 0.7962129 0.9807652 0.7962129 0.9807652 0.7497908 0.8218153 0.8536579 0.8404931 0.7962129 0.9807652 0.8536579 0.8404931 0.976979 0.8555239 0.8114408 0.5657852 0.8115898 0.566453 0.6578747 0.6297254 0.6578747 0.6297254 0.8115898 0.566453 0.6602084 0.6309078 0.6028355 0.8036213 0.5960237 0.7655035 0.6602084 0.6309078 0.6602084 0.6309078 0.5960237 0.7655035 0.6578747 0.6297254 1 0.5833333 0.8115898 0.566453 0.8114408 0.5657852 0.6036356 0.2048389 0.5960237 0.7655035 0.6065022 0.2121888 0.6065022 0.2121888 0.5960237 0.7655035 0.6451788 0.6504067 0.6065022 0.2121888 0.6451788 0.6504067 0.7111691 0.1446706 0.6729915 0.1931573 0.6578747 0.6297254 0.6036356 0.2048389 0.6036356 0.2048389 0.6578747 0.6297254 0.5960237 0.7655035 0.7111691 0.1446706 0.6729915 0.1931573 0.7763388 0.09576088 0.7111691 0.1446706 0.7763388 0.09576088 0.8248671 0.03545528 0.8248671 0.03545528 0.7763388 0.09576088 0.9836612 0.1686818 0.8248671 0.03545528 0.9836612 0.1686818 0.9476869 0.2417299 0.9476869 0.2417299 0.9836612 0.1686818 0.813941 0.3425903 0.9476869 0.2417299 0.813941 0.3425903 0.7528741 0.3267285 0.7528741 0.3267285 0.813941 0.3425903 0.6729915 0.1931573 0.7528741 0.3267285 0.6729915 0.1931573 0.7111691 0.1446706 0.5946953 0.2163577 0.6036356 0.2048389 0.395199 0.2078585 0.5946953 0.2163577 0.395199 0.2078585 0.5095264 0.2166666 0.5095264 0.2166666 0.395199 0.2078585 0.3907076 0.2113876 0.4052941 0.2162598 0.395199 0.2078585 0.6036356 0.2048389 0.4052941 0.2162598 0.6036356 0.2048389 0.6065022 0.2121888 0.4052941 0.2162598 0.6065022 0.2121888 0.5093683 0.2166666 0.4051241 0.2154086 0.5095264 0.2166666 0.3907076 0.2113876 0.5948695 0.2154217 0.5093683 0.2166666 0.6065022 0.2121888 0.1878378 0.425926 0 0.4166667 0.1878378 0.4351854 0.1878378 0.425926 0.1878378 0.4351854 0.3737643 0.4156686 0.3737643 0.4156686 0.1878378 0.4351854 0.377407 0.4119246 0.3971645 0.8036212 0.3397917 0.6309078 0.1884101 0.566453 0.146342 0.8404931 0.1281687 0.7337409 0.02302092 0.8555238 0.02302092 0.8555238 0.1281687 0.7337409 0 0.5833333 0 0.5833333 0.1281687 0.7337409 0.1884101 0.566453 0.1884101 0.566453 0.1281687 0.7337409 0.2320366 0.7150626 0.02302092 0.8555238 0.2035462 0.9808307 0.146342 0.8404931 0.146342 0.8404931 0.2035462 0.9808307 0.2502093 0.8218153 0.2320366 0.7150626 0.3971645 0.8036212 0.1884101 0.566453 0.3971645 0.8036212 0.2320366 0.7150626 0.2502093 0.8218153 0.3971645 0.8036212 0.2502093 0.8218153 0.2035462 0.9808307 0 0.5833333 0.1884101 0.566453 0.1885592 0.5657853 0.3971645 0.8036212 0.3556958 0.6536815 0.3397917 0.6309078 0.4044108 0.7691842 0.3556958 0.6536815 0.3971645 0.8036212 0.3397917 0.6309078 0.3556958 0.6536815 0.1884101 0.566453 0.1884101 0.566453 0.3556958 0.6536815 0.1885592 0.5657853 0 0.5166329 0.05231302 0.2417299 0.1884101 0.566453 0.2853612 0.1421231 0.3179641 0.05837512 0.3907076 0.2113876 0.2853612 0.1421231 0.1751328 0.03545528 0.3179641 0.05837512 0.2853612 0.1421231 0.3448479 0.6318585 0.2471259 0.3267285 0.05231302 0.2417299 0.06405919 0.08610492 0.1751328 0.03545528 0.05231302 0.2417299 0.2471259 0.3267285 0.1884101 0.566453 0.2471259 0.3267285 0.3448479 0.6318585 0.1884101 0.566453 0.02302092 0.8555238 0.05692821 0.8927008 0.203787 0.9807653 0.203787 0.9807653 0.05692821 0.8927008 0.2122493 0.9804849 0.203787 0.9807653 0.2122493 0.9804849 0.3736082 0.880066 0.3736082 0.880066 0.2122493 0.9804849 0.4004226 0.7962109 0.3736082 0.880066 0.4004226 0.7962109 0.4949141 0.7777778 0.146342 0.8404932 0.2320363 0.8404931 0.1281691 0.8218152 0.146342 0.8404932 0.1281691 0.8218152 0.1281689 0.7337407 0.1281689 0.7337407 0.1281691 0.8218152 0.1463417 0.7150626 0.1281689 0.7337407 0.1463417 0.7150626 0.2320364 0.7150623 0.2320364 0.7150623 0.1463417 0.7150626 0.2502096 0.7337409 0.2320364 0.7150623 0.2502096 0.7337409 0.2502093 0.8218153 0.2502093 0.8218153 0.2502096 0.7337409 0.2320363 0.8404931 0.2502093 0.8218153 0.2320363 0.8404931 0.146342 0.8404932 0.4051241 0.2154086 0.3179641 0.05837512 0.2368897 0.02510935 0.2368897 0.02510935 0.3179641 0.05837512 0.1751328 0.03545528 0.4051241 0.2154086 0.3907076 0.2113876 0.3179641 0.05837512 0.2368897 0.02510935 0.1751328 0.03545528 0.05692827 0.1072996 0.05692827 0.1072996 0.1751328 0.03545528 0.06405919 0.08610492 0.05692827 0.1072996 0.06405919 0.08610492 0.05231302 0.2417299 0.05692827 0.1072996 0.05231302 0.2417299 0 0.5166329 0 0.4166666 0 0.5166329 0.02302092 0.8555238 0.02302092 0.8555238 0 0.5166329 0.05692821 0.8927008 0.4051241 0.2154086 0.1878378 0.4351854 0.3769577 0.4124354 0.2368897 0.02510935 0.05692827 0.1072996 0.1916966 0.1959265 0.1916966 0.1959265 0.05692827 0.1072996 0.1751741 0.2341202 0.1751741 0.2341202 0 0.5166329 0.1878378 0.4351854 0 0.5166329 0.1751741 0.2341202 0.05692827 0.1072996 0.4051241 0.2154086 0.2147737 0.2247994 0.1878378 0.4351854 0.1878378 0.4351854 0.2147737 0.2247994 0.1751741 0.2341202 0.2368897 0.02510935 0.1916966 0.1959265 0.4051241 0.2154086 0.4051241 0.2154086 0.1916966 0.1959265 0.2147737 0.2247994 0 0.4166666 0.1878378 0.425926 0 0.5166329 0 0.5166329 0.1878378 0.425926 0.1878378 0.4351854 0.3742612 0.4152068 0.4051241 0.2154086 0.3769577 0.4124354 0.3769577 0.4124354 0.1878378 0.4351854 0.3742612 0.4152068 0.3742612 0.4152068 0.1878378 0.4351854 0.1878378 0.425926 0 0.5166329 0.1463417 0.7150626 0.05692821 0.8927008 0.4004226 0.7962109 0.2320363 0.8404931 0.2502096 0.7337409 0.4004226 0.7962109 0.2502096 0.7337409 0.3287367 0.6294646 0.1878417 0.5694619 0.3287367 0.6294646 0.2502096 0.7337409 0.1878417 0.5694619 0.2502096 0.7337409 0.1463417 0.7150626 0.1878417 0.5694619 0.1463417 0.7150626 0 0.5166329 0.1281691 0.8218152 0.2320363 0.8404931 0.2122493 0.9804849 0.2122493 0.9804849 0.2320363 0.8404931 0.4004226 0.7962109 0.05692821 0.8927008 0.1463417 0.7150626 0.1281691 0.8218152 0.2122493 0.9804849 0.05692821 0.8927008 0.1281691 0.8218152 0.3287367 0.6294646 0.4044108 0.7691842 0.4004226 0.7962109 0.3287367 0.6294646 0.3448479 0.6318585 0.4044108 0.7691842 0.1878417 0.5694619 0.1884101 0.566453 0.3287367 0.6294646 0.3287367 0.6294646 0.1884101 0.566453 0.3448479 0.6318585 0.1878417 0.5694619 0 0.5166329 0.1884101 0.566453 0.3448479 0.6318585 0.3907076 0.2113876 0.4044108 0.7691842 0.2853612 0.1421231 0.3907076 0.2113876 0.3448479 0.6318585 0.395199 0.2078585 0.4044108 0.7691842 0.3907076 0.2113876 0.395199 0.2078585 0.3556958 0.6536815 0.4044108 0.7691842 0.3215422 0.1988241 0.3556958 0.6536815 0.395199 0.2078585 0.2853612 0.1421231 0.3215422 0.1988241 0.2236611 0.09576088 0.2853612 0.1421231 0.2236611 0.09576088 0.1751328 0.03545528 0.1751328 0.03545528 0.2236611 0.09576088 0.0163387 0.1686818 0.1751328 0.03545528 0.0163387 0.1686818 0.05231302 0.2417299 0.05231302 0.2417299 0.0163387 0.1686818 0.1860589 0.3425903 0.05231302 0.2417299 0.1860589 0.3425903 0.2471259 0.3267285 0.2471259 0.3267285 0.1860589 0.3425903 0.3215422 0.1988241 0.2471259 0.3267285 0.3215422 0.1988241 0.2853612 0.1421231 0 0.4166667 0.1878378 0.4259258 0.04320889 0.8810932 0.5000222 0.7777778 0.3737642 0.4156687 0.5093837 0.2166666 0.5093837 0.2166666 0.3737642 0.4156687 0.4053235 0.2165393 0.1878378 0.4259258 0.1463421 0.7150624 0.04320889 0.8810932 0.1281688 0.8218149 0.2320364 0.8404933 0.2295191 0.9732377 0.2295191 0.9732377 0.2320364 0.8404933 0.4039689 0.784685 0.4039689 0.784685 0.2320364 0.8404933 0.2502094 0.7337406 0.4039689 0.784685 0.2502094 0.7337406 0.5000222 0.7777778 0.5000222 0.7777778 0.2502094 0.7337406 0.3737642 0.4156687 0.1463421 0.7150624 0.1878378 0.4259258 0.2502094 0.7337406 0.2502094 0.7337406 0.1878378 0.4259258 0.3737642 0.4156687 0.2295191 0.9732377 0.04320889 0.8810932 0.1281688 0.8218149 0.04320889 0.8810932 0.1463421 0.7150624 0.1281688 0.8218149 1 0.4166666 0.8121622 0.4351853 0.9567911 0.8810932 0.7679636 0.8404933 0.7497906 0.7337406 0.5960311 0.784685 0.5960311 0.784685 0.7497906 0.7337406 0.4998636 0.7777778 0.7497906 0.7337406 0.6242815 0.414388 0.4998636 0.7777778 0.4998636 0.7777778 0.6242815 0.414388 0.4906163 0.2166666 0.4906163 0.2166666 0.6242815 0.414388 0.594705 0.2162798 0.8536579 0.7150624 0.9567911 0.8810932 0.8121622 0.4351853 0.8718312 0.8218149 0.7679636 0.8404933 0.7708742 0.9733498 0.7679636 0.8404933 0.5960311 0.784685 0.7708742 0.9733498 0.8536579 0.7150624 0.8121622 0.4351853 0.7497906 0.7337406 0.7497906 0.7337406 0.8121622 0.4351853 0.6242815 0.414388 0.9567911 0.8810932 0.8536579 0.7150624 0.8718312 0.8218149 0.8718312 0.8218149 0.7708742 0.9733498 0.9567911 0.8810932 0.0163387 0.1686818 0.2236605 0.0957607 0.2037868 0.02316981 0.3216171 0.1987233 0.3949801 0.2080799 0.2037868 0.02316981 0.3216171 0.1987233 0.2037868 0.02316981 0.2236605 0.0957607 0.3556956 0.6536817 0.3216171 0.1987233 0.186059 0.3425903 0.186059 0.3425903 0.0163387 0.1686818 0.1885591 0.5657852 0.1885591 0.5657852 0.0163387 0.1686818 0 0.5833333 0.186059 0.3425903 0.1885591 0.5657852 0.3556956 0.6536817 0.1878378 0.4351853 0.1636044 0.2247993 0.1916967 0.2485175 0.1838732 0.0198217 0.3184835 0.05928868 0.4053235 0.2165393 0.1878378 0.4351853 0.1916967 0.2485175 0.377407 0.4119247 0.4053235 0.2165393 0.377407 0.4119247 0.2007656 0.2078176 0.2007656 0.2078176 0.377407 0.4119247 0.1916967 0.2485175 0.2007656 0.2078176 0.1838732 0.0198217 0.4053235 0.2165393 0.1636044 0.2247993 0.02302098 0.1444761 0.2007656 0.2078176 0.1878378 0.4351853 0 0.4166667 0.1636044 0.2247993 0.1636044 0.2247993 0 0.4166667 0.02302098 0.1444761 0.1838732 0.0198217 0.2007656 0.2078176 0.02302098 0.1444761 0.3737642 0.4156687 0.377407 0.4119247 0.4053235 0.2165393 0.04320889 0.8810932 0.04518496 0.8811557 0 0.4166667 0 0.4166667 0.04518496 0.8811557 0 0.5833333 0 0.4166667 0 0.5833333 0.02302098 0.1444761 0.02302098 0.1444761 0 0.5833333 0.0163387 0.1686818 0.2295191 0.9732377 0.2072202 0.9821873 0.04518496 0.8811557 0.2295191 0.9732377 0.04518496 0.8811557 0.04320889 0.8810932 0.4039689 0.784685 0.3971645 0.8036213 0.2295191 0.9732377 0.2295191 0.9732377 0.3971645 0.8036213 0.2072202 0.9821873 0.2320364 0.8404933 0.146342 0.8404932 0.2502095 0.8218148 0.2320364 0.8404933 0.2502095 0.8218148 0.2502094 0.7337406 0.2502094 0.7337406 0.2502095 0.8218148 0.2320362 0.7150624 0.2502094 0.7337406 0.2320362 0.7150624 0.1463421 0.7150624 0.1463421 0.7150624 0.2320362 0.7150624 0.1281691 0.7337403 0.1463421 0.7150624 0.1281691 0.7337403 0.1281688 0.8218149 0.1281688 0.8218149 0.1281691 0.7337403 0.146342 0.8404932 0.1281688 0.8218149 0.146342 0.8404932 0.2320364 0.8404933 0.6257385 0.4152069 0.8121622 0.4259258 0.5970978 0.7878178 0.8121622 0.4259258 1 0.4166666 0.954815 0.8811557 0.853658 0.8404933 0.8718311 0.7337405 0.954815 0.8811557 0.8121622 0.4259258 0.8718311 0.7337405 0.7679638 0.7150624 0.6257385 0.4152069 0.5000222 0.7777778 0.5093837 0.2166666 0.5000222 0.7777778 0.6257385 0.4152069 0.5970978 0.7878178 0.954815 0.8811557 0.8718311 0.7337405 0.8121622 0.4259258 0.8121622 0.4259258 0.7679638 0.7150624 0.5970978 0.7878178 0.5970978 0.7878178 0.7679638 0.7150624 0.7497906 0.8218149 0.7497906 0.8218149 0.7815492 0.9791085 0.5970978 0.7878178 0.7815492 0.9791085 0.7497906 0.8218149 0.853658 0.8404933 0.7815492 0.9791085 0.853658 0.8404933 0.954815 0.8811557 0.02302098 0.1444761 0.0163387 0.1686818 0.2037868 0.02316981 0.02302098 0.1444761 0.2037868 0.02316981 0.1838732 0.0198217 0.4053235 0.2165393 0.3184835 0.05928868 0.3949801 0.2080799 0.3949801 0.2080799 0.3184835 0.05928868 0.2037868 0.02316981 0.2037868 0.02316981 0.3184835 0.05928868 0.1838732 0.0198217 0.1916967 0.2485175 0.1866816 0.2485175 0.2032042 0.2103241 0.1916967 0.2485175 0.2032042 0.2103241 0.2007656 0.2078176 0.2007656 0.2078176 0.2032042 0.2103241 0.1636044 0.219645 0.2007656 0.2078176 0.1636044 0.219645 0.1636044 0.2247993 0.1636044 0.2247993 0.1636044 0.219645 0.1866816 0.2485175 0.1636044 0.2247993 0.1866816 0.2485175 0.1916967 0.2485175 1 0.5833333 0.9476871 0.2417297 0.8115899 0.5664529 0.8112556 0.04868841 0.6820366 0.05837476 0.6896643 0.2556411 0.6896643 0.2556411 0.6820366 0.05837476 0.6097643 0.2112085 0.8063082 0.356413 0.6896643 0.2556411 0.6449117 0.6502113 0.9476871 0.2417297 0.9359409 0.08610498 0.8112556 0.04868841 0.9476871 0.2417297 0.8063082 0.356413 0.8115899 0.5664529 0.8063082 0.356413 0.6449117 0.6502113 0.8115899 0.5664529 0.9836612 0.1686818 0.7763395 0.0957607 0.7963785 0.02319467 0.6785201 0.198789 0.6049783 0.2078458 0.7763395 0.0957607 0.7763395 0.0957607 0.6049783 0.2078458 0.7963785 0.02319467 0.6570859 0.6305415 0.6785201 0.198789 0.813941 0.3425903 0.813941 0.3425903 0.811441 0.5657852 0.6570859 0.6305415 0.813941 0.3425903 0.9836612 0.1686818 0.811441 0.5657852 0.811441 0.5657852 0.9836612 0.1686818 1 0.5833333 0.954815 0.8811557 0.9567912 0.8810932 0.7831856 0.9775628 0.954815 0.8811557 0.7831856 0.9775628 0.7815492 0.9791085 0.7815492 0.9791085 0.7831856 0.9775628 0.5995773 0.7962104 0.7815492 0.9791085 0.5995773 0.7962104 0.5970978 0.7878178 0.853658 0.8404933 0.7679637 0.8404932 0.8718311 0.8218148 0.853658 0.8404933 0.8718311 0.8218148 0.8718311 0.7337405 0.8718311 0.7337405 0.8718311 0.8218148 0.8536579 0.7150624 0.8718311 0.7337405 0.8536579 0.7150624 0.7679638 0.7150624 0.7679638 0.7150624 0.8536579 0.7150624 0.7497908 0.7337403 0.7679638 0.7150624 0.7497908 0.7337403 0.7497906 0.8218149 0.7497906 0.8218149 0.7497908 0.7337403 0.7679637 0.8404932 0.7497906 0.8218149 0.7679637 0.8404932 0.853658 0.8404933 0.5947797 0.2159992 0.6820366 0.05837476 0.7631098 0.02510964 0.7631098 0.02510964 0.6820366 0.05837476 0.8112556 0.04868841 0.5947797 0.2159992 0.6097643 0.2112085 0.6820366 0.05837476 0.7631098 0.02510964 0.8112556 0.04868841 0.9430719 0.1072995 0.9430719 0.1072995 0.8112556 0.04868841 0.9359409 0.08610498 0.9430719 0.1072995 0.9359409 0.08610498 0.9476871 0.2417297 0.8133183 0.2485175 0.8083032 0.2485175 0.8248258 0.2103241 0.8133183 0.2485175 0.8248258 0.2103241 0.8223872 0.2078176 0.8223872 0.2078176 0.8248258 0.2103241 0.785226 0.219645 0.8223872 0.2078176 0.785226 0.219645 0.7852261 0.2247993 0.7852261 0.2247993 0.785226 0.219645 0.8083032 0.2485175 0.7852261 0.2247993 0.8083032 0.2485175 0.8133183 0.2485175 0.5960311 0.784685 0.4998636 0.7777778 0.6028355 0.8036213 0.4004228 0.7962104 0.4998636 0.7777778 0.4029021 0.7878178 0.5000222 0.7777778 0.4044103 0.7691845 0.3971645 0.8036213 0.6028355 0.8036213 0.4998636 0.7777778 0.5960237 0.7655037 0.4039689 0.784685 0.5000222 0.7777778 0.3971645 0.8036213 0.4044103 0.7691845 0.5000222 0.7777778 0.4998636 0.7777778 0.4044103 0.7691845 0.4998636 0.7777778 0.4004228 0.7962104 0.5995773 0.7962104 0.5000222 0.7777778 0.5970978 0.7878178 0.4998636 0.7777778 0.5000222 0.7777778 0.5960237 0.7655037 0.5960237 0.7655037 0.5000222 0.7777778 0.5995773 0.7962104 0.9430719 0.1072995 0.9476871 0.2417297 1 0.4166666 1 0.4166666 0.9476871 0.2417297 1 0.5833333 1 0.4166666 1 0.5833333 1 0.4166666 1 0.4166666 1 0.5833333 0.954815 0.8811557 0.954815 0.8811557 1 0.5833333 0.9567912 0.8810932 0.8121622 0.4351853 0.6230422 0.4124357 0.5947797 0.2159992 0.7631098 0.02510964 0.8223872 0.2078176 0.5947797 0.2159992 0.8223872 0.2078176 0.7852261 0.2247993 0.5947797 0.2159992 0.8133183 0.2485175 1 0.4166666 0.8121622 0.4351853 1 0.4166666 0.8133183 0.2485175 0.8223872 0.2078176 1 0.4166666 0.8223872 0.2078176 0.9430719 0.1072995 0.7631098 0.02510964 0.9430719 0.1072995 0.8223872 0.2078176 0.5947797 0.2159992 0.7852261 0.2247993 0.8121622 0.4351853 0.8121622 0.4351853 0.7852261 0.2247993 0.8133183 0.2485175 1 0.4166666 0.8121622 0.4259258 1 0.4166666 1 0.4166666 0.8121622 0.4259258 0.8121622 0.4351853 0.6257385 0.4152069 0.5093837 0.2166666 0.6230422 0.4124357 0.6230422 0.4124357 0.5093837 0.2166666 0.5947797 0.2159992 0.6230422 0.4124357 0.8121622 0.4351853 0.6257385 0.4152069 0.6257385 0.4152069 0.8121622 0.4351853 0.8121622 0.4259258 0.7497908 0.7337403 0.6712602 0.6294698 0.5995773 0.7962104 0.7497908 0.7337403 0.5995773 0.7962104 0.7679637 0.8404932 0.5995773 0.7962104 0.7831856 0.9775628 0.7679637 0.8404932 0.7497908 0.7337403 0.8121584 0.569462 0.6712602 0.6294698 0.8718311 0.8218148 0.7679637 0.8404932 0.7831856 0.9775628 1 0.5833333 0.8536579 0.7150624 0.9567912 0.8810932 0.8121584 0.569462 0.7497908 0.7337403 0.8536579 0.7150624 0.8121584 0.569462 0.8536579 0.7150624 1 0.5833333 0.9567912 0.8810932 0.8536579 0.7150624 0.8718311 0.8218148 0.8718311 0.8218148 0.7831856 0.9775628 0.9567912 0.8810932 0.6712602 0.6294698 0.6449117 0.6502113 0.5995773 0.7962104 0.5995773 0.7962104 0.6449117 0.6502113 0.5960237 0.7655037 0.8121584 0.569462 0.8115899 0.5664529 0.6712602 0.6294698 0.6712602 0.6294698 0.8115899 0.5664529 0.6449117 0.6502113 0.8121584 0.569462 1 0.5833333 0.8115899 0.5664529 0.7708742 0.9733498 0.7925214 0.982117 0.954815 0.8811557 0.7708742 0.9733498 0.954815 0.8811557 0.9567911 0.8810932 0.5960311 0.784685 0.6028355 0.8036213 0.7708742 0.9733498 0.7708742 0.9733498 0.6028355 0.8036213 0.7925214 0.982117 0.7679636 0.8404933 0.853658 0.8404932 0.7497906 0.8218148 0.7679636 0.8404933 0.7497906 0.8218148 0.7497906 0.7337406 0.7497906 0.7337406 0.7497906 0.8218148 0.7679638 0.7150624 0.7497906 0.7337406 0.7679638 0.7150624 0.8536579 0.7150624 0.8536579 0.7150624 0.7679638 0.7150624 0.8718308 0.7337403 0.8536579 0.7150624 0.8718308 0.7337403 0.8718312 0.8218149 0.8718312 0.8218149 0.8718308 0.7337403 0.853658 0.8404932 0.8718312 0.8218149 0.853658 0.8404932 0.7679636 0.8404933 0.594705 0.2162798 0.6815165 0.05928868 0.6049783 0.2078458 0.6049783 0.2078458 0.6815165 0.05928868 0.7963785 0.02319467 0.7963785 0.02319467 0.6815165 0.05928868 0.8158109 0.01990723 0.976979 0.1444761 0.9836612 0.1686818 0.7963785 0.02319467 0.976979 0.1444761 0.7963785 0.02319467 0.8158109 0.01990723 0.3742616 0.4152069 0.1878378 0.4259258 0.4029021 0.7878178 0.1878378 0.4259258 0 0.4166666 0.04518491 0.8811557 0.1463419 0.8404933 0.1281689 0.7337406 0.04518491 0.8811557 0.1878378 0.4259258 0.1281689 0.7337406 0.2320362 0.7150625 0.3742616 0.4152069 0.4998636 0.7777778 0.4906163 0.2166666 0.4998636 0.7777778 0.3742616 0.4152069 0.4029021 0.7878178 0.04518491 0.8811557 0.1281689 0.7337406 0.1878378 0.4259258 0.1878378 0.4259258 0.2320362 0.7150625 0.4029021 0.7878178 0.4029021 0.7878178 0.2502095 0.8218149 0.2184508 0.9791086 0.2320362 0.7150625 0.2502095 0.8218149 0.4029021 0.7878178 0.2184508 0.9791086 0.2502095 0.8218149 0.1463419 0.8404933 0.2184508 0.9791086 0.1463419 0.8404933 0.04518491 0.8811557 0.9836612 0.1686818 0.976979 0.1444761 1 0.5833333 1 0.5833333 0.976979 0.1444761 1 0.4166666 1 0.5833333 1 0.4166666 0.954815 0.8811557 0.954815 0.8811557 1 0.4166666 0.9567911 0.8810932 0.8121622 0.4259258 0.8248258 0.2103241 0.8083032 0.2485175 0.6815165 0.05928868 0.594705 0.2162798 0.8158109 0.01990723 0.8121622 0.4259258 0.8083032 0.2485175 0.6244594 0.4132256 0.785226 0.219645 0.594705 0.2162798 0.6244594 0.4132256 0.785226 0.219645 0.6244594 0.4132256 0.8083032 0.2485175 0.8248258 0.2103241 0.8158109 0.01990723 0.785226 0.219645 0.785226 0.219645 0.8158109 0.01990723 0.594705 0.2162798 0.8121622 0.4259258 1 0.4166666 0.8248258 0.2103241 0.8248258 0.2103241 1 0.4166666 0.976979 0.1444761 0.8248258 0.2103241 0.976979 0.1444761 0.8158109 0.01990723 0.8121622 0.4351853 1 0.4166666 0.8121622 0.4259258 0.6242815 0.414388 0.6244594 0.4132256 0.594705 0.2162798 0.6242815 0.414388 0.8121622 0.4351853 0.6244594 0.4132256 0.6244594 0.4132256 0.8121622 0.4351853 0.8121622 0.4259258 0.6028355 0.8036213 0.6602083 0.6309085 0.8115899 0.5664529 0.8718308 0.7337403 1 0.5833333 0.954815 0.8811557 0.8718308 0.7337403 0.954815 0.8811557 0.853658 0.8404932 0.7679638 0.7150624 0.6028355 0.8036213 0.8115899 0.5664529 1 0.5833333 0.8718308 0.7337403 0.8115899 0.5664529 0.8115899 0.5664529 0.8718308 0.7337403 0.7679638 0.7150624 0.6028355 0.8036213 0.7679638 0.7150624 0.7497906 0.8218148 0.6028355 0.8036213 0.7497906 0.8218148 0.7925214 0.982117 0.7925214 0.982117 0.7497906 0.8218148 0.853658 0.8404932 0.7925214 0.982117 0.853658 0.8404932 0.954815 0.8811557 0.811441 0.5657852 0.8115899 0.5664529 0.6570859 0.6305415 0.6570859 0.6305415 0.8115899 0.5664529 0.6602083 0.6309085 0.6028355 0.8036213 0.5960237 0.7655037 0.6602083 0.6309085 0.6602083 0.6309085 0.5960237 0.7655037 0.6570859 0.6305415 1 0.5833333 0.8115899 0.5664529 0.811441 0.5657852 0.6049783 0.2078458 0.5960237 0.7655037 0.6097643 0.2112085 0.6097643 0.2112085 0.5960237 0.7655037 0.6449117 0.6502113 0.6896643 0.2556411 0.6097643 0.2112085 0.6449117 0.6502113 0.6785201 0.198789 0.6570859 0.6305415 0.6049783 0.2078458 0.6049783 0.2078458 0.6570859 0.6305415 0.5960237 0.7655037 0.6896643 0.2556411 0.6785201 0.198789 0.8112556 0.04868841 0.8112556 0.04868841 0.6785201 0.198789 0.7763395 0.0957607 0.8112556 0.04868841 0.7763395 0.0957607 0.9836612 0.1686818 0.8112556 0.04868841 0.9836612 0.1686818 0.9476871 0.2417297 0.9476871 0.2417297 0.9836612 0.1686818 0.813941 0.3425903 0.9476871 0.2417297 0.813941 0.3425903 0.8063082 0.356413 0.8063082 0.356413 0.813941 0.3425903 0.6896643 0.2556411 0.6896643 0.2556411 0.813941 0.3425903 0.6785201 0.198789 0.594705 0.2162798 0.6049783 0.2078458 0.3910781 0.2115221 0.4053235 0.2165393 0.3949801 0.2080799 0.5947797 0.2159992 0.5947797 0.2159992 0.3949801 0.2080799 0.3910781 0.2115221 0.5947797 0.2159992 0.3910781 0.2115221 0.6097643 0.2112085 0.6097643 0.2112085 0.3910781 0.2115221 0.6049783 0.2078458 0.4051075 0.2153345 0.4906163 0.2166666 0.3910781 0.2115221 0.3910781 0.2115221 0.4906163 0.2166666 0.594705 0.2162798 0.5947797 0.2159992 0.5093837 0.2166666 0.4053235 0.2165393 0.1878378 0.4259258 0 0.4166667 0.1878378 0.4351853 0.1878378 0.4259258 0.1878378 0.4351853 0.3737642 0.4156687 0.3737642 0.4156687 0.1878378 0.4351853 0.377407 0.4119247 0.3971645 0.8036213 0.3397917 0.6309086 0.1884101 0.5664529 0.146342 0.8404932 0.1281691 0.7337403 0.04518496 0.8811557 0.04518496 0.8811557 0.1281691 0.7337403 0 0.5833333 0 0.5833333 0.1281691 0.7337403 0.1884101 0.5664529 0.1884101 0.5664529 0.1281691 0.7337403 0.2320362 0.7150624 0.146342 0.8404932 0.04518496 0.8811557 0.2072202 0.9821873 0.146342 0.8404932 0.2072202 0.9821873 0.2502095 0.8218148 0.2320362 0.7150624 0.3971645 0.8036213 0.1884101 0.5664529 0.3971645 0.8036213 0.2320362 0.7150624 0.2502095 0.8218148 0.3971645 0.8036213 0.2502095 0.8218148 0.2072202 0.9821873 0 0.5833333 0.1884101 0.5664529 0.1885591 0.5657852 0.3971645 0.8036213 0.3556956 0.6536817 0.3397917 0.6309086 0.4044103 0.7691845 0.3556956 0.6536817 0.3971645 0.8036213 0.3397917 0.6309086 0.3556956 0.6536817 0.1884101 0.5664529 0.1884101 0.5664529 0.3556956 0.6536817 0.1885591 0.5657852 0 0.5833333 0.05231285 0.2417298 0.1884101 0.5664529 0.1887444 0.04868841 0.3179633 0.05837476 0.3103358 0.2556411 0.3103358 0.2556411 0.3179633 0.05837476 0.3910781 0.2115221 0.1936917 0.356413 0.3103358 0.2556411 0.3448486 0.6318596 0.05231285 0.2417298 0.06405919 0.08610498 0.1887444 0.04868841 0.05231285 0.2417298 0.1936917 0.356413 0.1884101 0.5664529 0.1936917 0.356413 0.3448486 0.6318596 0.1884101 0.5664529 0.04518491 0.8811557 0.04320877 0.8810933 0.2168145 0.9775627 0.04518491 0.8811557 0.2168145 0.9775627 0.2184508 0.9791086 0.2184508 0.9791086 0.2168145 0.9775627 0.4004228 0.7962104 0.2184508 0.9791086 0.4004228 0.7962104 0.4029021 0.7878178 0.1463419 0.8404933 0.2320362 0.8404932 0.1281689 0.8218148 0.1463419 0.8404933 0.1281689 0.8218148 0.1281689 0.7337406 0.1281689 0.7337406 0.1281689 0.8218148 0.1463421 0.7150624 0.1281689 0.7337406 0.1463421 0.7150624 0.2320362 0.7150625 0.2320362 0.7150625 0.1463421 0.7150624 0.2502093 0.7337403 0.2320362 0.7150625 0.2502093 0.7337403 0.2502095 0.8218149 0.2502095 0.8218149 0.2502093 0.7337403 0.2320362 0.8404932 0.2502095 0.8218149 0.2320362 0.8404932 0.1463419 0.8404933 0.4051075 0.2153345 0.3179633 0.05837476 0.23689 0.02510964 0.23689 0.02510964 0.3179633 0.05837476 0.1887444 0.04868841 0.4051075 0.2153345 0.3910781 0.2115221 0.3179633 0.05837476 0.23689 0.02510964 0.1887444 0.04868841 0.05692803 0.1072995 0.05692803 0.1072995 0.1887444 0.04868841 0.06405919 0.08610498 0.05692803 0.1072995 0.06405919 0.08610498 0.05231285 0.2417298 0.05692803 0.1072995 0.05231285 0.2417298 0 0.4166666 0 0.4166666 0.05231285 0.2417298 0 0.5833333 0 0.4166666 0 0.5833333 0 0.4166666 0 0.4166666 0 0.5833333 0.04518491 0.8811557 0.04518491 0.8811557 0 0.5833333 0.04320877 0.8810933 0.1866816 0.2485175 0.1636044 0.219645 0 0.4166666 0.3769577 0.4124357 0.4051075 0.2153345 0.1878378 0.4351853 0 0.4166666 0.1636044 0.219645 0.05692803 0.1072995 0.1878378 0.4351853 0.1866816 0.2485175 0 0.4166666 0.23689 0.02510964 0.05692803 0.1072995 0.2032042 0.2103241 0.2032042 0.2103241 0.05692803 0.1072995 0.1636044 0.219645 0.23689 0.02510964 0.2032042 0.2103241 0.4051075 0.2153345 0.4051075 0.2153345 0.2032042 0.2103241 0.1878378 0.4351853 0.1878378 0.4351853 0.2032042 0.2103241 0.1866816 0.2485175 0 0.4166666 0.1878378 0.4259258 0 0.4166666 0 0.4166666 0.1878378 0.4259258 0.1878378 0.4351853 0.3742616 0.4152069 0.4906163 0.2166666 0.3769577 0.4124357 0.3769577 0.4124357 0.4906163 0.2166666 0.4051075 0.2153345 0.3769577 0.4124357 0.1878378 0.4351853 0.3742616 0.4152069 0.3742616 0.4152069 0.1878378 0.4351853 0.1878378 0.4259258 0 0.5833333 0.1463421 0.7150624 0.04320877 0.8810933 0.2502093 0.7337403 0.3287398 0.6294698 0.4004228 0.7962104 0.2502093 0.7337403 0.4004228 0.7962104 0.2320362 0.8404932 0.1878417 0.569462 0.2502093 0.7337403 0.1463421 0.7150624 0.1878417 0.569462 0.1463421 0.7150624 0 0.5833333 0.1281689 0.8218148 0.2320362 0.8404932 0.2168145 0.9775627 0.2502093 0.7337403 0.1878417 0.569462 0.3287398 0.6294698 0.2168145 0.9775627 0.2320362 0.8404932 0.4004228 0.7962104 0.1281689 0.8218148 0.04320877 0.8810933 0.1463421 0.7150624 0.1281689 0.8218148 0.2168145 0.9775627 0.04320877 0.8810933 0.3287398 0.6294698 0.4044103 0.7691845 0.4004228 0.7962104 0.3287398 0.6294698 0.3448486 0.6318596 0.4044103 0.7691845 0.1878417 0.569462 0.1884101 0.5664529 0.3287398 0.6294698 0.3287398 0.6294698 0.1884101 0.5664529 0.3448486 0.6318596 0.1878417 0.569462 0 0.5833333 0.1884101 0.5664529 0.3448486 0.6318596 0.3910781 0.2115221 0.4044103 0.7691845 0.3103358 0.2556411 0.3910781 0.2115221 0.3448486 0.6318596 0.3949801 0.2080799 0.4044103 0.7691845 0.3910781 0.2115221 0.3949801 0.2080799 0.3556956 0.6536817 0.4044103 0.7691845 0.3216171 0.1987233 0.3556956 0.6536817 0.3949801 0.2080799 0.3103358 0.2556411 0.3216171 0.1987233 0.1887444 0.04868841 0.1887444 0.04868841 0.3216171 0.1987233 0.2236605 0.0957607 0.1887444 0.04868841 0.2236605 0.0957607 0.0163387 0.1686818 0.1887444 0.04868841 0.0163387 0.1686818 0.05231285 0.2417298 0.05231285 0.2417298 0.0163387 0.1686818 0.186059 0.3425903 0.05231285 0.2417298 0.186059 0.3425903 0.1936917 0.356413 0.1936917 0.356413 0.186059 0.3425903 0.3103358 0.2556411 0.3103358 0.2556411 0.186059 0.3425903 0.3216171 0.1987233 0 0.4166667 0.1878378 0.425926 0.05692833 0.8927007 0.5049768 0.7777778 0.3737643 0.4156683 0.5093837 0.2166666 0.5093837 0.2166666 0.3737643 0.4156683 0.4053255 0.2165425 0.1878378 0.425926 0.146342 0.7150625 0.05692833 0.8927007 0.1281689 0.8218151 0.232036 0.8404931 0.2252857 0.9763795 0.2252857 0.9763795 0.232036 0.8404931 0.4039688 0.7846853 0.4039688 0.7846853 0.232036 0.8404931 0.2502091 0.7337405 0.4039688 0.7846853 0.2502091 0.7337405 0.5049768 0.7777778 0.5049768 0.7777778 0.2502091 0.7337405 0.3737643 0.4156683 0.05692833 0.8927007 0.146342 0.7150625 0.1281689 0.8218151 0.2252857 0.9763795 0.05692833 0.8927007 0.1281689 0.8218151 0.146342 0.7150625 0.1878378 0.425926 0.2502091 0.7337405 0.2502091 0.7337405 0.1878378 0.425926 0.3737643 0.4156683 1 0.4166666 0.8121622 0.4351851 0.9430716 0.8927007 0.767964 0.8404931 0.7497909 0.7337405 0.5960313 0.7846853 0.5960313 0.7846853 0.7497909 0.7337405 0.4949157 0.7777778 0.7497909 0.7337405 0.6242815 0.4143876 0.4949157 0.7777778 0.4949157 0.7777778 0.6242815 0.4143876 0.5095264 0.2166666 0.8536579 0.7150625 0.9430716 0.8927007 0.8121622 0.4351851 0.8718311 0.8218151 0.767964 0.8404931 0.7747142 0.9763795 0.7747142 0.9763795 0.767964 0.8404931 0.5960313 0.7846853 0.8536579 0.7150625 0.8121622 0.4351851 0.7497909 0.7337405 0.7497909 0.7337405 0.8121622 0.4351851 0.6242815 0.4143876 0.9430716 0.8927007 0.8536579 0.7150625 0.8718311 0.8218151 0.8718311 0.8218151 0.7747142 0.9763795 0.9430716 0.8927007 0.01633912 0.168682 0.2236599 0.09576052 0.2037864 0.02316963 0.3215419 0.1988233 0.3950755 0.2076812 0.2236599 0.09576052 0.2236599 0.09576052 0.3950755 0.2076812 0.2037864 0.02316963 0.3556953 0.6536812 0.3215419 0.1988233 0.1860589 0.34259 0.1860589 0.34259 0.01633912 0.168682 0.1885591 0.5657853 0.1885591 0.5657853 0.01633912 0.168682 0 0.5833333 0.1860589 0.34259 0.1885591 0.5657853 0.3556953 0.6536812 0.4053255 0.2165425 0.1838734 0.01982164 0.318484 0.05928897 0.1878378 0.4351851 0.1636045 0.2247994 0.1916966 0.2485179 0.1878378 0.4351851 0.1916966 0.2485179 0.3774071 0.4119244 0.4053255 0.2165425 0.3774071 0.4119244 0.2007657 0.2078179 0.2007657 0.2078179 0.3774071 0.4119244 0.1916966 0.2485179 0.2007657 0.2078179 0.1838734 0.01982164 0.4053255 0.2165425 0.1636045 0.2247994 0.02302134 0.1444759 0.2007657 0.2078179 0.1878378 0.4351851 0 0.4166667 0.1636045 0.2247994 0.1636045 0.2247994 0 0.4166667 0.02302134 0.1444759 0.1838734 0.01982164 0.2007657 0.2078179 0.02302134 0.1444759 0.3737643 0.4156683 0.3774071 0.4119244 0.4053255 0.2165425 0.05692833 0.8927007 0.02302092 0.8555238 0 0.4166667 0 0.4166667 0.02302092 0.8555238 0 0.5833333 0 0.4166667 0 0.5833333 0.02302134 0.1444759 0.02302134 0.1444759 0 0.5833333 0.01633912 0.168682 0.2252857 0.9763795 0.2035454 0.9808304 0.05692833 0.8927007 0.05692833 0.8927007 0.2035454 0.9808304 0.02302092 0.8555238 0.4039688 0.7846853 0.3971647 0.8036211 0.2252857 0.9763795 0.2252857 0.9763795 0.3971647 0.8036211 0.2035454 0.9808304 0.232036 0.8404931 0.1463423 0.840493 0.2502094 0.8218151 0.232036 0.8404931 0.2502094 0.8218151 0.2502091 0.7337405 0.2502091 0.7337405 0.2502094 0.8218151 0.2320362 0.7150624 0.2502091 0.7337405 0.2320362 0.7150624 0.146342 0.7150625 0.146342 0.7150625 0.2320362 0.7150624 0.1281689 0.7337406 0.146342 0.7150625 0.1281689 0.7337406 0.1281689 0.8218151 0.1281689 0.8218151 0.1281689 0.7337406 0.1463423 0.840493 0.1281689 0.8218151 0.1463423 0.840493 0.232036 0.8404931 0.6257385 0.4152066 0.8121622 0.425926 0.5049768 0.7777778 0.8121622 0.425926 1 0.4166666 0.976979 0.8555238 0.8536577 0.840493 0.8718307 0.7337405 0.976979 0.8555238 0.8121622 0.425926 0.8718307 0.7337405 0.7679638 0.7150624 0.5049768 0.7777778 0.7962135 0.9807649 0.6263917 0.8800658 0.6257385 0.4152066 0.5049768 0.7777778 0.5093837 0.2166666 0.976979 0.8555238 0.8718307 0.7337405 0.8121622 0.425926 0.8121622 0.425926 0.7679638 0.7150624 0.5049768 0.7777778 0.5049768 0.7777778 0.7679638 0.7150624 0.7497906 0.8218151 0.7497906 0.8218151 0.7962135 0.9807649 0.5049768 0.7777778 0.7962135 0.9807649 0.7497906 0.8218151 0.8536577 0.840493 0.8536577 0.840493 0.976979 0.8555238 0.7962135 0.9807649 0.02302134 0.1444759 0.01633912 0.168682 0.2037864 0.02316963 0.02302134 0.1444759 0.2037864 0.02316963 0.1838734 0.01982164 0.4053255 0.2165425 0.318484 0.05928897 0.3950755 0.2076812 0.3950755 0.2076812 0.318484 0.05928897 0.2037864 0.02316963 0.2037864 0.02316963 0.318484 0.05928897 0.1838734 0.01982164 0.1916966 0.2485179 0.1866818 0.2485177 0.2032042 0.2103243 0.1916966 0.2485179 0.2032042 0.2103243 0.2007657 0.2078179 0.2007657 0.2078179 0.2032042 0.2103243 0.1636043 0.2196452 0.2007657 0.2078179 0.1636043 0.2196452 0.1636045 0.2247994 0.1636045 0.2247994 0.1636043 0.2196452 0.1866818 0.2485177 0.1636045 0.2247994 0.1866818 0.2485177 0.1916966 0.2485179 1 0.5833333 0.9476873 0.2417299 0.8115899 0.5664526 0.7146389 0.1421232 0.6820362 0.05837512 0.6097417 0.2112302 0.7146389 0.1421232 0.8248674 0.03545534 0.6820362 0.05837512 0.6449123 0.6502109 0.7528745 0.3267284 0.7146389 0.1421232 0.9476873 0.2417299 0.9359402 0.08610451 0.8248674 0.03545534 0.9476873 0.2417299 0.7528745 0.3267284 0.8115899 0.5664526 0.7528745 0.3267284 0.6449123 0.6502109 0.8115899 0.5664526 0.9836608 0.168682 0.77634 0.09576052 0.7963789 0.02319449 0.6785204 0.1987885 0.6049785 0.2078464 0.77634 0.09576052 0.77634 0.09576052 0.6049785 0.2078464 0.7963789 0.02319449 0.6570861 0.6305411 0.6785204 0.1987885 0.8139411 0.34259 0.8139411 0.34259 0.811441 0.5657855 0.6570861 0.6305411 0.8139411 0.34259 0.9836608 0.168682 0.811441 0.5657855 0.811441 0.5657855 0.9836608 0.168682 1 0.5833333 0.976979 0.8555238 0.9430717 0.8927008 0.7962135 0.9807649 0.7962135 0.9807649 0.9430717 0.8927008 0.7747142 0.9763795 0.7962135 0.9807649 0.7747142 0.9763795 0.6263917 0.8800658 0.6263917 0.8800658 0.7747142 0.9763795 0.596439 0.7866458 0.6263917 0.8800658 0.596439 0.7866458 0.5049768 0.7777778 0.8536577 0.840493 0.767964 0.8404931 0.8718311 0.8218151 0.8536577 0.840493 0.8718311 0.8218151 0.8718307 0.7337405 0.8718307 0.7337405 0.8718311 0.8218151 0.8536579 0.7150624 0.8718307 0.7337405 0.8536579 0.7150624 0.7679638 0.7150624 0.7679638 0.7150624 0.8536579 0.7150624 0.7497906 0.7337406 0.7679638 0.7150624 0.7497906 0.7337406 0.7497906 0.8218151 0.7497906 0.8218151 0.7497906 0.7337406 0.767964 0.8404931 0.7497906 0.8218151 0.767964 0.8404931 0.8536577 0.840493 0.5947797 0.2159992 0.6820362 0.05837512 0.7631105 0.02510941 0.7631105 0.02510941 0.6820362 0.05837512 0.8248674 0.03545534 0.5947797 0.2159992 0.6097417 0.2112302 0.6820362 0.05837512 0.7631105 0.02510941 0.8248674 0.03545534 0.9430716 0.1072992 0.9430716 0.1072992 0.8248674 0.03545534 0.9359402 0.08610451 0.9430716 0.1072992 0.9359402 0.08610451 0.9476873 0.2417299 0.8133183 0.2485178 0.8083035 0.2485177 0.8248259 0.2103243 0.8133183 0.2485178 0.8248259 0.2103243 0.8223874 0.2078179 0.8223874 0.2078179 0.8248259 0.2103243 0.785226 0.2196452 0.8223874 0.2078179 0.785226 0.2196452 0.7852262 0.2247994 0.7852262 0.2247994 0.785226 0.2196452 0.8083035 0.2485177 0.7852262 0.2247994 0.8083035 0.2485177 0.8133183 0.2485178 0.5960313 0.7846853 0.4949157 0.7777778 0.6042702 0.8080105 0.6042702 0.8080105 0.4949157 0.7777778 0.5959859 0.7657943 0.5049768 0.7777778 0.4044103 0.7691845 0.3971647 0.8036211 0.4039688 0.7846853 0.5049768 0.7777778 0.3971647 0.8036211 0.4044103 0.7691845 0.5049768 0.7777778 0.4949157 0.7777778 0.4044103 0.7691845 0.4949157 0.7777778 0.4030343 0.7891785 0.4949157 0.7777778 0.5049768 0.7777778 0.5959859 0.7657943 0.5959859 0.7657943 0.5049768 0.7777778 0.596439 0.7866458 0.9430716 0.1072992 0.9476873 0.2417299 1 0.4166666 1 0.4166666 0.9476873 0.2417299 1 0.5833333 1 0.4166666 1 0.5833333 1 0.4166666 1 0.4166666 1 0.5833333 0.976979 0.8555238 0.976979 0.8555238 1 0.5833333 0.9430717 0.8927008 0.6230424 0.4124355 0.5947797 0.2159992 0.8121622 0.4351851 0.7631105 0.02510941 0.8223874 0.2078179 0.5947797 0.2159992 0.8223874 0.2078179 0.7852262 0.2247994 0.5947797 0.2159992 0.8133183 0.2485178 1 0.4166666 0.8121622 0.4351851 1 0.4166666 0.8133183 0.2485178 0.8223874 0.2078179 1 0.4166666 0.8223874 0.2078179 0.9430716 0.1072992 0.7631105 0.02510941 0.9430716 0.1072992 0.8223874 0.2078179 0.5947797 0.2159992 0.7852262 0.2247994 0.8121622 0.4351851 0.8121622 0.4351851 0.7852262 0.2247994 0.8133183 0.2485178 1 0.4166666 0.8121622 0.425926 1 0.4166666 1 0.4166666 0.8121622 0.425926 0.8121622 0.4351851 0.6257385 0.4152066 0.5093837 0.2166666 0.6230424 0.4124355 0.6230424 0.4124355 0.5093837 0.2166666 0.5947797 0.2159992 0.6230424 0.4124355 0.8121622 0.4351851 0.6257385 0.4152066 0.6257385 0.4152066 0.8121622 0.4351851 0.8121622 0.425926 0.7497906 0.7337406 0.6712606 0.62947 0.596439 0.7866458 0.7497906 0.7337406 0.596439 0.7866458 0.767964 0.8404931 0.596439 0.7866458 0.7747142 0.9763795 0.767964 0.8404931 0.7497906 0.7337406 0.8121584 0.5694621 0.6712606 0.62947 0.8718311 0.8218151 0.767964 0.8404931 0.7747142 0.9763795 1 0.5833333 0.8536579 0.7150624 0.9430717 0.8927008 0.8121584 0.5694621 0.7497906 0.7337406 0.8536579 0.7150624 0.8121584 0.5694621 0.8536579 0.7150624 1 0.5833333 0.9430717 0.8927008 0.8536579 0.7150624 0.8718311 0.8218151 0.7747142 0.9763795 0.9430717 0.8927008 0.8718311 0.8218151 0.6712606 0.62947 0.6449123 0.6502109 0.596439 0.7866458 0.596439 0.7866458 0.6449123 0.6502109 0.5959859 0.7657943 0.8121584 0.5694621 0.8115899 0.5664526 0.6712606 0.62947 0.6712606 0.62947 0.8115899 0.5664526 0.6449123 0.6502109 0.8121584 0.5694621 1 0.5833333 0.8115899 0.5664526 0.7747142 0.9763795 0.7962136 0.980765 0.9430716 0.8927007 0.9430716 0.8927007 0.7962136 0.980765 0.976979 0.8555238 0.5960313 0.7846853 0.6042702 0.8080105 0.7747142 0.9763795 0.7747142 0.9763795 0.6042702 0.8080105 0.7962136 0.980765 0.767964 0.8404931 0.8536576 0.840493 0.7497906 0.8218151 0.767964 0.8404931 0.7497906 0.8218151 0.7497909 0.7337405 0.7497909 0.7337405 0.7497906 0.8218151 0.7679637 0.7150624 0.7497909 0.7337405 0.7679637 0.7150624 0.8536579 0.7150625 0.8536579 0.7150625 0.7679637 0.7150624 0.8718311 0.7337406 0.8536579 0.7150625 0.8718311 0.7337406 0.8718311 0.8218151 0.8718311 0.8218151 0.8718311 0.7337406 0.8536576 0.840493 0.8718311 0.8218151 0.8536576 0.840493 0.767964 0.8404931 0.5947116 0.216257 0.681516 0.05928897 0.6049785 0.2078464 0.6049785 0.2078464 0.681516 0.05928897 0.7963789 0.02319449 0.7963789 0.02319449 0.681516 0.05928897 0.8158108 0.01990717 0.9769786 0.1444759 0.9836608 0.168682 0.7963789 0.02319449 0.9769786 0.1444759 0.7963789 0.02319449 0.8158108 0.01990717 0.3742615 0.4152066 0.1878378 0.425926 0.4949157 0.7777778 0.1878378 0.425926 0 0.4166666 0.02302092 0.8555238 0.1463423 0.840493 0.1281692 0.7337405 0.02302092 0.8555238 0.1878378 0.425926 0.1281692 0.7337405 0.2320362 0.7150624 0.3742615 0.4152066 0.4949157 0.7777778 0.5095264 0.2166666 0.3742615 0.4152066 0.5095264 0.2166666 0.4050754 0.2151226 0.02302092 0.8555238 0.1281692 0.7337405 0.1878378 0.425926 0.1878378 0.425926 0.2320362 0.7150624 0.4949157 0.7777778 0.4949157 0.7777778 0.2502095 0.8218151 0.2037864 0.9807649 0.4949157 0.7777778 0.2037864 0.9807649 0.3736084 0.8800658 0.2320362 0.7150624 0.2502095 0.8218151 0.4949157 0.7777778 0.2037864 0.9807649 0.2502095 0.8218151 0.1463423 0.840493 0.1463423 0.840493 0.02302092 0.8555238 0.2037864 0.9807649 0.9836608 0.168682 0.9769786 0.1444759 1 0.5833333 1 0.5833333 0.9769786 0.1444759 1 0.4166666 1 0.5833333 1 0.4166666 0.976979 0.8555238 0.976979 0.8555238 1 0.4166666 0.9430716 0.8927007 0.8121622 0.425926 0.8248259 0.2103243 0.8083035 0.2485177 0.681516 0.05928897 0.5947116 0.216257 0.8158108 0.01990717 0.8121622 0.425926 0.8083035 0.2485177 0.6244595 0.4132254 0.785226 0.2196452 0.5947116 0.216257 0.6244595 0.4132254 0.785226 0.2196452 0.6244595 0.4132254 0.8083035 0.2485177 0.8248259 0.2103243 0.8158108 0.01990717 0.785226 0.2196452 0.785226 0.2196452 0.8158108 0.01990717 0.5947116 0.216257 0.8121622 0.425926 1 0.4166666 0.8248259 0.2103243 0.8248259 0.2103243 1 0.4166666 0.9769786 0.1444759 0.8248259 0.2103243 0.9769786 0.1444759 0.8158108 0.01990717 0.8121622 0.4351851 1 0.4166666 0.8121622 0.425926 0.6242815 0.4143876 0.6244595 0.4132254 0.5095264 0.2166666 0.5095264 0.2166666 0.6244595 0.4132254 0.5947116 0.216257 0.6242815 0.4143876 0.8121622 0.4351851 0.6244595 0.4132254 0.6244595 0.4132254 0.8121622 0.4351851 0.8121622 0.425926 0.6042702 0.8080105 0.6602087 0.6309077 0.8115899 0.5664526 0.8718311 0.7337406 1 0.5833333 0.976979 0.8555238 0.8718311 0.7337406 0.976979 0.8555238 0.8536576 0.840493 0.7679637 0.7150624 0.6042702 0.8080105 0.8115899 0.5664526 1 0.5833333 0.8718311 0.7337406 0.8115899 0.5664526 0.8115899 0.5664526 0.8718311 0.7337406 0.7679637 0.7150624 0.6042702 0.8080105 0.7679637 0.7150624 0.7497906 0.8218151 0.6042702 0.8080105 0.7497906 0.8218151 0.7962136 0.980765 0.7962136 0.980765 0.7497906 0.8218151 0.8536576 0.840493 0.7962136 0.980765 0.8536576 0.840493 0.976979 0.8555238 0.811441 0.5657855 0.8115899 0.5664526 0.6570861 0.6305411 0.6570861 0.6305411 0.8115899 0.5664526 0.6602087 0.6309077 0.6042702 0.8080105 0.5959859 0.7657943 0.6602087 0.6309077 0.6602087 0.6309077 0.5959859 0.7657943 0.6570861 0.6305411 1 0.5833333 0.8115899 0.5664526 0.811441 0.5657855 0.6049785 0.2078464 0.5959859 0.7657943 0.6097417 0.2112302 0.6097417 0.2112302 0.5959859 0.7657943 0.6449123 0.6502109 0.7146389 0.1421232 0.6097417 0.2112302 0.6449123 0.6502109 0.6785204 0.1987885 0.6570861 0.6305411 0.6049785 0.2078464 0.6049785 0.2078464 0.6570861 0.6305411 0.5959859 0.7657943 0.7146389 0.1421232 0.6785204 0.1987885 0.77634 0.09576052 0.7146389 0.1421232 0.77634 0.09576052 0.8248674 0.03545534 0.8248674 0.03545534 0.77634 0.09576052 0.9836608 0.168682 0.8248674 0.03545534 0.9836608 0.168682 0.9476873 0.2417299 0.9476873 0.2417299 0.9836608 0.168682 0.8139411 0.34259 0.9476873 0.2417299 0.8139411 0.34259 0.7528745 0.3267284 0.7528745 0.3267284 0.8139411 0.34259 0.6785204 0.1987885 0.7528745 0.3267284 0.6785204 0.1987885 0.7146389 0.1421232 0.5947116 0.216257 0.6049785 0.2078464 0.3912417 0.2115942 0.5947116 0.216257 0.3912417 0.2115942 0.5095264 0.2166666 0.4053255 0.2165425 0.3950755 0.2076812 0.5947797 0.2159992 0.5947797 0.2159992 0.3950755 0.2076812 0.3912417 0.2115942 0.5947797 0.2159992 0.3912417 0.2115942 0.6097417 0.2112302 0.6097417 0.2112302 0.3912417 0.2115942 0.6049785 0.2078464 0.4050754 0.2151226 0.5095264 0.2166666 0.3912417 0.2115942 0.5947797 0.2159992 0.5093837 0.2166666 0.4053255 0.2165425 0.1878378 0.425926 0 0.4166667 0.1878378 0.4351851 0.1878378 0.425926 0.1878378 0.4351851 0.3737643 0.4156683 0.3737643 0.4156683 0.1878378 0.4351851 0.3774071 0.4119244 0.3971647 0.8036211 0.3397913 0.6309077 0.1884101 0.566453 0.1463423 0.840493 0.1281689 0.7337406 0.02302092 0.8555238 0.02302092 0.8555238 0.1281689 0.7337406 0 0.5833333 0 0.5833333 0.1281689 0.7337406 0.1884101 0.566453 0.1884101 0.566453 0.1281689 0.7337406 0.2320362 0.7150624 0.02302092 0.8555238 0.2035454 0.9808304 0.1463423 0.840493 0.1463423 0.840493 0.2035454 0.9808304 0.2502094 0.8218151 0.2320362 0.7150624 0.3971647 0.8036211 0.1884101 0.566453 0.3971647 0.8036211 0.2320362 0.7150624 0.2502094 0.8218151 0.3971647 0.8036211 0.2502094 0.8218151 0.2035454 0.9808304 0 0.5833333 0.1884101 0.566453 0.1885591 0.5657853 0.3971647 0.8036211 0.3556953 0.6536812 0.3397913 0.6309077 0.4044103 0.7691845 0.3556953 0.6536812 0.3971647 0.8036211 0.3397913 0.6309077 0.3556953 0.6536812 0.1884101 0.566453 0.1884101 0.566453 0.3556953 0.6536812 0.1885591 0.5657853 0 0.5833333 0.05231261 0.2417299 0.1884101 0.5664526 0.2853611 0.1421232 0.3179638 0.05837512 0.3912417 0.2115942 0.2853611 0.1421232 0.1751325 0.03545534 0.3179638 0.05837512 0.3448483 0.6318591 0.2471255 0.3267284 0.2853611 0.1421232 0.05231261 0.2417299 0.06405973 0.08610451 0.1751325 0.03545534 0.05231261 0.2417299 0.2471255 0.3267284 0.1884101 0.5664526 0.2471255 0.3267284 0.3448483 0.6318591 0.1884101 0.5664526 0.02302092 0.8555238 0.05692827 0.8927007 0.2037864 0.9807649 0.2037864 0.9807649 0.05692827 0.8927007 0.2252857 0.9763795 0.2037864 0.9807649 0.2252857 0.9763795 0.3736084 0.8800658 0.3736084 0.8800658 0.2252857 0.9763795 0.4030343 0.7891785 0.3736084 0.8800658 0.4030343 0.7891785 0.4949157 0.7777778 0.1463423 0.840493 0.232036 0.8404931 0.1281689 0.8218151 0.1463423 0.840493 0.1281689 0.8218151 0.1281692 0.7337405 0.1281692 0.7337405 0.1281689 0.8218151 0.1463421 0.7150624 0.1281692 0.7337405 0.1463421 0.7150624 0.2320362 0.7150624 0.2320362 0.7150624 0.1463421 0.7150624 0.2502095 0.7337406 0.2320362 0.7150624 0.2502095 0.7337406 0.2502095 0.8218151 0.2502095 0.8218151 0.2502095 0.7337406 0.232036 0.8404931 0.2502095 0.8218151 0.232036 0.8404931 0.1463423 0.840493 0.4050754 0.2151226 0.3179638 0.05837512 0.2368895 0.02510941 0.2368895 0.02510941 0.3179638 0.05837512 0.1751325 0.03545534 0.4050754 0.2151226 0.3912417 0.2115942 0.3179638 0.05837512 0.2368895 0.02510941 0.1751325 0.03545534 0.05692833 0.1072992 0.05692833 0.1072992 0.1751325 0.03545534 0.06405973 0.08610451 0.05692833 0.1072992 0.06405973 0.08610451 0.05231261 0.2417299 0.05692833 0.1072992 0.05231261 0.2417299 0 0.4166666 0 0.4166666 0.05231261 0.2417299 0 0.5833333 0 0.4166666 0 0.5833333 0 0.4166666 0 0.4166666 0 0.5833333 0.02302092 0.8555238 0.02302092 0.8555238 0 0.5833333 0.05692827 0.8927007 0.4050754 0.2151226 0.1878378 0.4351851 0.3769577 0.4124355 0.1866818 0.2485177 0.1636043 0.2196452 0 0.4166666 0 0.4166666 0.1636043 0.2196452 0.05692833 0.1072992 0.1878378 0.4351851 0.1866818 0.2485177 0 0.4166666 0.2368895 0.02510941 0.05692833 0.1072992 0.2032042 0.2103243 0.2032042 0.2103243 0.05692833 0.1072992 0.1636043 0.2196452 0.2368895 0.02510941 0.2032042 0.2103243 0.4050754 0.2151226 0.4050754 0.2151226 0.2032042 0.2103243 0.1878378 0.4351851 0.1878378 0.4351851 0.2032042 0.2103243 0.1866818 0.2485177 0 0.4166666 0.1878378 0.425926 0 0.4166666 0 0.4166666 0.1878378 0.425926 0.1878378 0.4351851 0.3742615 0.4152066 0.4050754 0.2151226 0.3769577 0.4124355 0.3769577 0.4124355 0.1878378 0.4351851 0.3742615 0.4152066 0.3742615 0.4152066 0.1878378 0.4351851 0.1878378 0.425926 0 0.5833333 0.1463421 0.7150624 0.05692827 0.8927007 0.2502095 0.7337406 0.3287394 0.62947 0.4030343 0.7891785 0.2502095 0.7337406 0.4030343 0.7891785 0.232036 0.8404931 0.1878417 0.5694621 0.2502095 0.7337406 0.1463421 0.7150624 0.1878417 0.5694621 0.1463421 0.7150624 0 0.5833333 0.1281689 0.8218151 0.232036 0.8404931 0.2252857 0.9763795 0.2502095 0.7337406 0.1878417 0.5694621 0.3287394 0.62947 0.2252857 0.9763795 0.232036 0.8404931 0.4030343 0.7891785 0.05692827 0.8927007 0.1463421 0.7150624 0.1281689 0.8218151 0.2252857 0.9763795 0.05692827 0.8927007 0.1281689 0.8218151 0.3287394 0.62947 0.4044103 0.7691845 0.4030343 0.7891785 0.3287394 0.62947 0.3448483 0.6318591 0.4044103 0.7691845 0.1878417 0.5694621 0.1884101 0.5664526 0.3287394 0.62947 0.3287394 0.62947 0.1884101 0.5664526 0.3448483 0.6318591 0.1878417 0.5694621 0 0.5833333 0.1884101 0.5664526 0.3448483 0.6318591 0.3912417 0.2115942 0.4044103 0.7691845 0.2853611 0.1421232 0.3912417 0.2115942 0.3448483 0.6318591 0.3950755 0.2076812 0.4044103 0.7691845 0.3912417 0.2115942 0.3950755 0.2076812 0.3556953 0.6536812 0.4044103 0.7691845 0.3215419 0.1988233 0.3556953 0.6536812 0.3950755 0.2076812 0.2853611 0.1421232 0.3215419 0.1988233 0.2236599 0.09576052 0.2853611 0.1421232 0.2236599 0.09576052 0.1751325 0.03545534 0.1751325 0.03545534 0.2236599 0.09576052 0.01633912 0.168682 0.1751325 0.03545534 0.01633912 0.168682 0.05231261 0.2417299 0.05231261 0.2417299 0.01633912 0.168682 0.1860589 0.34259 0.05231261 0.2417299 0.1860589 0.34259 0.2471255 0.3267284 0.2471255 0.3267284 0.1860589 0.34259 0.3215419 0.1988233 0.2471255 0.3267284 0.3215419 0.1988233 0.2853611 0.1421232 0 0.4166667 0.1878378 0.425926 0.05692809 0.8927004 0.5000222 0.7777778 0.3737646 0.4156681 0.5093683 0.2166666 0.5093683 0.2166666 0.3737646 0.4156681 0.4053056 0.2163572 0.146342 0.7150629 0.05692809 0.8927004 0.1878378 0.425926 0.128169 0.8218153 0.2320362 0.840493 0.2252853 0.9763799 0.2252853 0.9763799 0.2320362 0.840493 0.4039688 0.7846853 0.4039688 0.7846853 0.2320362 0.840493 0.2502098 0.7337408 0.4039688 0.7846853 0.2502098 0.7337408 0.5000222 0.7777778 0.5000222 0.7777778 0.2502098 0.7337408 0.3737646 0.4156681 0.05692809 0.8927004 0.146342 0.7150629 0.128169 0.8218153 0.128169 0.8218153 0.2252853 0.9763799 0.05692809 0.8927004 0.146342 0.7150629 0.1878378 0.425926 0.2502098 0.7337408 0.2502098 0.7337408 0.1878378 0.425926 0.3737646 0.4156681 1 0.4166666 0.8121622 0.4351854 0.9430719 0.8927004 0.7679638 0.840493 0.7497902 0.7337408 0.5960313 0.7846853 0.5960313 0.7846853 0.7497902 0.7337408 0.4998636 0.7777778 0.7497902 0.7337408 0.6242812 0.4143875 0.4998636 0.7777778 0.4998636 0.7777778 0.6242812 0.4143875 0.4906163 0.2166666 0.4906163 0.2166666 0.6242812 0.4143875 0.5946751 0.2165101 0.853658 0.7150629 0.9430719 0.8927004 0.8121622 0.4351854 0.8718309 0.8218153 0.7679638 0.840493 0.7747147 0.9763799 0.7747147 0.9763799 0.7679638 0.840493 0.5960313 0.7846853 0.853658 0.7150629 0.8121622 0.4351854 0.7497902 0.7337408 0.7497902 0.7337408 0.8121622 0.4351854 0.6242812 0.4143875 0.9430719 0.8927004 0.853658 0.7150629 0.8718309 0.8218153 0.8718309 0.8218153 0.7747147 0.9763799 0.9430719 0.8927004 0.01633846 0.1686822 0 0.5833333 0.1885591 0.5657853 0.01633846 0.1686822 0.2236601 0.09576094 0.2033842 0.02655178 0.321617 0.1987233 0.3952196 0.2084054 0.2033842 0.02655178 0.321617 0.1987233 0.2033842 0.02655178 0.2236601 0.09576094 0.3556955 0.6536814 0.321617 0.1987233 0.1860589 0.3425901 0.1860589 0.3425901 0.1885591 0.5657853 0.3556955 0.6536814 0.1885591 0.5657853 0.1860589 0.3425901 0.01633846 0.1686822 0.1878378 0.4351854 0.1636043 0.2247994 0.2032042 0.2341202 0.1878378 0.4351854 0.2032042 0.2341202 0.3774071 0.4119245 0.4053056 0.2163572 0.3774071 0.4119245 0.2032042 0.2341202 0.1636043 0.2247994 0.04518479 0.1188442 0.1866815 0.195927 0.1866815 0.195927 0.2566738 0.03965955 0.2032042 0.2341202 0.2032042 0.2341202 0.2566738 0.03965955 0.4053056 0.2163572 0.2566738 0.03965955 0.1866815 0.195927 0.04518479 0.1188442 0.1878378 0.4351854 0 0.4166667 0.1636043 0.2247994 0.1636043 0.2247994 0 0.4166667 0.04518479 0.1188442 0.3737646 0.4156681 0.3774071 0.4119245 0.4053056 0.2163572 0.05692809 0.8927004 0.02302092 0.8555238 0 0.4166667 0 0.4166667 0.02302092 0.8555238 0 0.5833333 0 0.4166667 0 0.5833333 0.04518479 0.1188442 0.04518479 0.1188442 0 0.5833333 0.01633846 0.1686822 0.2252853 0.9763799 0.2035459 0.9808305 0.05692809 0.8927004 0.05692809 0.8927004 0.2035459 0.9808305 0.02302092 0.8555238 0.4039688 0.7846853 0.3971645 0.8036212 0.2252853 0.9763799 0.2252853 0.9763799 0.3971645 0.8036212 0.2035459 0.9808305 0.2320362 0.840493 0.1463421 0.8404932 0.2502092 0.8218151 0.2320362 0.840493 0.2502092 0.8218151 0.2502098 0.7337408 0.2502098 0.7337408 0.2502092 0.8218151 0.2320364 0.7150629 0.2502098 0.7337408 0.2320364 0.7150629 0.146342 0.7150629 0.146342 0.7150629 0.2320364 0.7150629 0.1281685 0.7337407 0.146342 0.7150629 0.1281685 0.7337407 0.128169 0.8218153 0.128169 0.8218153 0.1281685 0.7337407 0.1463421 0.8404932 0.128169 0.8218153 0.1463421 0.8404932 0.2320362 0.840493 0.6257385 0.4152067 0.8121622 0.425926 0.597098 0.7878181 0.8121622 0.425926 1 0.4166666 0.976979 0.8555238 0.8536579 0.8404931 0.8718314 0.7337408 0.976979 0.8555238 0.8121622 0.425926 0.8718314 0.7337408 0.7679637 0.7150629 0.6257385 0.4152067 0.5000222 0.7777778 0.5093683 0.2166666 0.5000222 0.7777778 0.6257385 0.4152067 0.597098 0.7878181 0.976979 0.8555238 0.8718314 0.7337408 0.8121622 0.425926 0.8121622 0.425926 0.7679637 0.7150629 0.597098 0.7878181 0.597098 0.7878181 0.7679637 0.7150629 0.7497907 0.8218153 0.7497907 0.8218153 0.7863275 0.9779958 0.597098 0.7878181 0.7863275 0.9779958 0.7497907 0.8218153 0.8536579 0.8404931 0.8536579 0.8404931 0.976979 0.8555238 0.7863275 0.9779958 0.04518479 0.1188442 0.01633846 0.1686822 0.2033842 0.02655178 0.04518479 0.1188442 0.2033842 0.02655178 0.2566738 0.03965955 0.4053056 0.2163572 0.2566738 0.03965955 0.3952196 0.2084054 0.3952196 0.2084054 0.2566738 0.03965955 0.2033842 0.02655178 0.2032042 0.2341202 0.1751739 0.2341203 0.214774 0.2247994 0.2032042 0.2341202 0.214774 0.2247994 0.1916969 0.195927 0.2032042 0.2341202 0.1916969 0.195927 0.1866815 0.195927 0.1866815 0.195927 0.1916969 0.195927 0.1751739 0.2341203 0.1866815 0.195927 0.1751739 0.2341203 0.1636043 0.2247994 0.1636043 0.2247994 0.1751739 0.2341203 0.2032042 0.2341202 1 0.5166329 0.9859468 0.160187 0.81159 0.5664528 0.7453033 0.112805 0.6820358 0.05837512 0.6999218 0.2708115 0.6999218 0.2708115 0.6820358 0.05837512 0.6099086 0.2111524 0.7453033 0.112805 0.8249286 0.02398115 0.6820358 0.05837512 0.8249286 0.02398115 0.7453033 0.112805 0.9102789 0.1510174 0.9102789 0.1510174 0.9859468 0.160187 0.8249286 0.02398115 0.9102789 0.1510174 0.8740225 0.3284754 0.9859468 0.160187 0.9859468 0.160187 0.8740225 0.3284754 0.81159 0.5664528 0.6999218 0.2708115 0.6449102 0.6502158 0.8740225 0.3284754 0.8740225 0.3284754 0.6449102 0.6502158 0.81159 0.5664528 0.9836615 0.1686822 1 0.5833333 0.811441 0.5657853 0.9836615 0.1686822 0.7763399 0.095761 0.7970115 0.02644413 0.6729919 0.1931574 0.5970159 0.2045216 0.7763399 0.095761 0.7763399 0.095761 0.5970159 0.2045216 0.7970115 0.02644413 0.6578748 0.6297253 0.6729919 0.1931574 0.8139411 0.3425901 0.8139411 0.3425901 0.811441 0.5657853 0.6578748 0.6297253 0.811441 0.5657853 0.8139411 0.3425901 0.9836615 0.1686822 0.976979 0.8555238 0.943072 0.8927005 0.7863275 0.9779958 0.7863275 0.9779958 0.943072 0.8927005 0.7747147 0.97638 0.7863275 0.9779958 0.7747147 0.97638 0.597098 0.7878181 0.597098 0.7878181 0.7747147 0.97638 0.596439 0.7866458 0.8536579 0.8404931 0.7679638 0.8404933 0.8718308 0.8218151 0.8536579 0.8404931 0.8718308 0.8218151 0.8718314 0.7337408 0.8718314 0.7337408 0.8718308 0.8218151 0.853658 0.7150629 0.8718314 0.7337408 0.853658 0.7150629 0.7679637 0.7150629 0.7679637 0.7150629 0.853658 0.7150629 0.7497902 0.7337408 0.7679637 0.7150629 0.7497902 0.7337408 0.7497907 0.8218153 0.7497907 0.8218153 0.7497902 0.7337408 0.7679638 0.8404933 0.7497907 0.8218153 0.7679638 0.8404933 0.8536579 0.8404931 0.5948541 0.2155604 0.6820358 0.05837512 0.7616893 0.02886199 0.7616893 0.02886199 0.6820358 0.05837512 0.8249286 0.02398115 0.5948541 0.2155604 0.6099086 0.2111524 0.6820358 0.05837512 0.7616893 0.02886199 0.8249286 0.02398115 0.9567913 0.1189067 0.9567913 0.1189067 0.8249286 0.02398115 0.9859468 0.160187 0.8248258 0.2341202 0.7967957 0.2341203 0.8363956 0.2247994 0.8248258 0.2341202 0.8363956 0.2247994 0.8133186 0.195927 0.8248258 0.2341202 0.8133186 0.195927 0.8083031 0.1959269 0.8083031 0.1959269 0.8133186 0.195927 0.7967957 0.2341203 0.8083031 0.1959269 0.7967957 0.2341203 0.7852261 0.2247994 0.7852261 0.2247994 0.7967957 0.2341203 0.8248258 0.2341202 0.5960313 0.7846853 0.4998636 0.7777778 0.6042703 0.8080108 0.6042703 0.8080108 0.4998636 0.7777778 0.595986 0.765794 0.5000222 0.7777778 0.4044107 0.769184 0.3971645 0.8036212 0.4039688 0.7846853 0.5000222 0.7777778 0.3971645 0.8036212 0.596439 0.7866458 0.5000222 0.7777778 0.597098 0.7878181 0.4044107 0.769184 0.5000222 0.7777778 0.4998636 0.7777778 0.4044107 0.769184 0.4998636 0.7777778 0.4030343 0.7891785 0.4030343 0.7891785 0.4998636 0.7777778 0.4034753 0.785519 0.4998636 0.7777778 0.5000222 0.7777778 0.595986 0.765794 0.595986 0.765794 0.5000222 0.7777778 0.596439 0.7866458 0.9567913 0.1189067 0.9859468 0.160187 1 0.5166329 1 0.4166666 1 0.5166329 0.976979 0.8555238 0.976979 0.8555238 1 0.5166329 0.943072 0.8927005 0.8121622 0.4351854 0.6230421 0.4124353 0.5948541 0.2155604 1 0.5166329 0.8248258 0.2341202 0.9567913 0.1189067 0.8083031 0.1959269 0.7616893 0.02886199 0.9567913 0.1189067 0.8083031 0.1959269 0.9567913 0.1189067 0.8248258 0.2341202 0.7616893 0.02886199 0.8083031 0.1959269 0.5948541 0.2155604 0.8083031 0.1959269 0.7852261 0.2247994 0.5948541 0.2155604 0.5948541 0.2155604 0.7852261 0.2247994 0.8121622 0.4351854 0.8121622 0.4351854 0.7852261 0.2247994 0.8248258 0.2341202 0.8121622 0.4351854 0.8248258 0.2341202 1 0.5166329 1 0.4166666 0.8121622 0.425926 1 0.5166329 1 0.5166329 0.8121622 0.425926 0.8121622 0.4351854 0.6257385 0.4152067 0.5093683 0.2166666 0.6230421 0.4124353 0.6230421 0.4124353 0.5093683 0.2166666 0.5948541 0.2155604 0.6230421 0.4124353 0.8121622 0.4351854 0.6257385 0.4152067 0.6257385 0.4152067 0.8121622 0.4351854 0.8121622 0.425926 0.7497902 0.7337408 0.6712633 0.6294645 0.596439 0.7866458 0.7497902 0.7337408 0.596439 0.7866458 0.7679638 0.8404933 0.596439 0.7866458 0.7747147 0.97638 0.7679638 0.8404933 0.7497902 0.7337408 0.8121584 0.5694619 0.6712633 0.6294645 0.8718308 0.8218151 0.7679638 0.8404933 0.7747147 0.97638 1 0.5166329 0.853658 0.7150629 0.943072 0.8927005 0.8121584 0.5694619 0.7497902 0.7337408 0.853658 0.7150629 0.8121584 0.5694619 0.853658 0.7150629 1 0.5166329 0.943072 0.8927005 0.853658 0.7150629 0.8718308 0.8218151 0.7747147 0.97638 0.943072 0.8927005 0.8718308 0.8218151 0.6712633 0.6294645 0.6449102 0.6502158 0.596439 0.7866458 0.596439 0.7866458 0.6449102 0.6502158 0.595986 0.765794 0.8121584 0.5694619 0.81159 0.5664528 0.6712633 0.6294645 0.6712633 0.6294645 0.81159 0.5664528 0.6449102 0.6502158 0.8121584 0.5694619 1 0.5166329 0.81159 0.5664528 0.7747147 0.9763799 0.796213 0.9807651 0.9430719 0.8927004 0.9430719 0.8927004 0.796213 0.9807651 0.976979 0.8555239 0.5960313 0.7846853 0.6042703 0.8080108 0.7747147 0.9763799 0.7747147 0.9763799 0.6042703 0.8080108 0.796213 0.9807651 0.7679638 0.840493 0.8536579 0.8404932 0.7497907 0.8218151 0.7679638 0.840493 0.7497907 0.8218151 0.7497902 0.7337408 0.7497902 0.7337408 0.7497907 0.8218151 0.7679637 0.7150629 0.7497902 0.7337408 0.7679637 0.7150629 0.853658 0.7150629 0.853658 0.7150629 0.7679637 0.7150629 0.8718314 0.7337408 0.853658 0.7150629 0.8718314 0.7337408 0.8718309 0.8218153 0.8718309 0.8218153 0.8718314 0.7337408 0.8536579 0.8404932 0.8718309 0.8218153 0.8536579 0.8404932 0.7679638 0.840493 0.5946751 0.2165101 0.7431648 0.03970336 0.5970159 0.2045216 0.5970159 0.2045216 0.7431648 0.03970336 0.7970115 0.02644413 0.9548152 0.1188442 0.9836615 0.1686822 0.7970115 0.02644413 0.9548152 0.1188442 0.7970115 0.02644413 0.7431648 0.03970336 0.3742615 0.4152067 0.1878378 0.425926 0.4034753 0.785519 0.1878378 0.425926 0 0.4166666 0.02302098 0.8555238 0.1463421 0.840493 0.1281685 0.7337407 0.02302098 0.8555238 0.1878378 0.425926 0.1281685 0.7337407 0.2320363 0.7150629 0.3742615 0.4152067 0.4998636 0.7777778 0.4906163 0.2166666 0.4998636 0.7777778 0.3742615 0.4152067 0.4034753 0.785519 0.02302098 0.8555238 0.1281685 0.7337407 0.1878378 0.425926 0.1878378 0.425926 0.2320363 0.7150629 0.4034753 0.785519 0.2136725 0.9779958 0.4034753 0.785519 0.2502093 0.8218153 0.2320363 0.7150629 0.2502093 0.8218153 0.4034753 0.785519 0.2136725 0.9779958 0.2502093 0.8218153 0.1463421 0.840493 0.1463421 0.840493 0.02302098 0.8555238 0.2136725 0.9779958 0.9836615 0.1686822 0.9548152 0.1188442 1 0.5833333 1 0.5833333 0.9548152 0.1188442 1 0.4166666 1 0.5833333 1 0.4166666 0.976979 0.8555239 0.976979 0.8555239 1 0.4166666 0.9430719 0.8927004 0.8121622 0.425926 0.8363956 0.2247994 0.7967957 0.2341203 0.8133186 0.195927 0.7431648 0.03970336 0.7967957 0.2341203 0.7967957 0.2341203 0.7431648 0.03970336 0.5946751 0.2165101 0.8121622 0.425926 0.7967957 0.2341203 0.6244593 0.4132253 0.7967957 0.2341203 0.5946751 0.2165101 0.6244593 0.4132253 0.7431648 0.03970336 0.8133186 0.195927 0.9548152 0.1188442 0.8121622 0.425926 1 0.4166666 0.8363956 0.2247994 0.8363956 0.2247994 1 0.4166666 0.9548152 0.1188442 0.8363956 0.2247994 0.9548152 0.1188442 0.8133186 0.195927 0.8121622 0.4351854 1 0.4166666 0.8121622 0.425926 0.6242812 0.4143875 0.6244593 0.4132253 0.5946751 0.2165101 0.6242812 0.4143875 0.8121622 0.4351854 0.6244593 0.4132253 0.6244593 0.4132253 0.8121622 0.4351854 0.8121622 0.425926 0.6042703 0.8080108 0.6602091 0.6309071 0.81159 0.5664528 0.8718314 0.7337408 1 0.5833333 0.976979 0.8555239 0.8718314 0.7337408 0.976979 0.8555239 0.8536579 0.8404932 0.7679637 0.7150629 0.6042703 0.8080108 0.81159 0.5664528 1 0.5833333 0.8718314 0.7337408 0.81159 0.5664528 0.81159 0.5664528 0.8718314 0.7337408 0.7679637 0.7150629 0.6042703 0.8080108 0.7679637 0.7150629 0.7497907 0.8218151 0.6042703 0.8080108 0.7497907 0.8218151 0.796213 0.9807651 0.796213 0.9807651 0.7497907 0.8218151 0.8536579 0.8404932 0.796213 0.9807651 0.8536579 0.8404932 0.976979 0.8555239 0.811441 0.5657853 0.81159 0.5664528 0.6578748 0.6297253 0.6578748 0.6297253 0.81159 0.5664528 0.6602091 0.6309071 0.6042703 0.8080108 0.595986 0.765794 0.6602091 0.6309071 0.6602091 0.6309071 0.595986 0.765794 0.6578748 0.6297253 1 0.5833333 0.81159 0.5664528 0.811441 0.5657853 0.5970159 0.2045216 0.595986 0.765794 0.6099086 0.2111524 0.6099086 0.2111524 0.595986 0.765794 0.6449102 0.6502158 0.6999218 0.2708115 0.6099086 0.2111524 0.6449102 0.6502158 0.6729919 0.1931574 0.6578748 0.6297253 0.5970159 0.2045216 0.5970159 0.2045216 0.6578748 0.6297253 0.595986 0.765794 0.6999218 0.2708115 0.6729919 0.1931574 0.7453033 0.112805 0.7453033 0.112805 0.6729919 0.1931574 0.7763399 0.095761 0.7453033 0.112805 0.7763399 0.095761 0.9102789 0.1510174 0.9102789 0.1510174 0.7763399 0.095761 0.9836615 0.1686822 0.9102789 0.1510174 0.9836615 0.1686822 0.8740225 0.3284754 0.8740225 0.3284754 0.9836615 0.1686822 0.8139411 0.3425901 0.8740225 0.3284754 0.8139411 0.3425901 0.6999218 0.2708115 0.6999218 0.2708115 0.8139411 0.3425901 0.6729919 0.1931574 0.5948541 0.2155604 0.5093683 0.2166666 0.3952196 0.2084054 0.4051459 0.2155604 0.4906163 0.2166666 0.5970159 0.2045216 0.3952196 0.2084054 0.5093683 0.2166666 0.4053056 0.2163572 0.3952196 0.2084054 0.3900913 0.2111524 0.5948541 0.2155604 0.5948541 0.2155604 0.3900913 0.2111524 0.4051459 0.2155604 0.5948541 0.2155604 0.4051459 0.2155604 0.6099086 0.2111524 0.6099086 0.2111524 0.4051459 0.2155604 0.5970159 0.2045216 0.5970159 0.2045216 0.4906163 0.2166666 0.5946751 0.2165101 0.1878378 0.425926 0 0.4166667 0.1878378 0.4351854 0.1878378 0.425926 0.1878378 0.4351854 0.3737646 0.4156681 0.3737646 0.4156681 0.1878378 0.4351854 0.3774071 0.4119245 0.3971645 0.8036212 0.3397909 0.6309071 0.1884101 0.5664528 0.1463421 0.8404932 0.1281685 0.7337407 0.02302092 0.8555238 0.02302092 0.8555238 0.1281685 0.7337407 0 0.5833333 0 0.5833333 0.1281685 0.7337407 0.1884101 0.5664528 0.1884101 0.5664528 0.1281685 0.7337407 0.2320364 0.7150629 0.02302092 0.8555238 0.2035459 0.9808305 0.1463421 0.8404932 0.1463421 0.8404932 0.2035459 0.9808305 0.2502092 0.8218151 0.2320364 0.7150629 0.3971645 0.8036212 0.1884101 0.5664528 0.3971645 0.8036212 0.2320364 0.7150629 0.2502092 0.8218151 0.3971645 0.8036212 0.2502092 0.8218151 0.2035459 0.9808305 0 0.5833333 0.1884101 0.5664528 0.1885591 0.5657853 0.3971645 0.8036212 0.3556955 0.6536814 0.3397909 0.6309071 0.4044107 0.769184 0.3556955 0.6536814 0.3971645 0.8036212 0.3397909 0.6309071 0.3556955 0.6536814 0.1884101 0.5664528 0.1884101 0.5664528 0.3556955 0.6536814 0.1885591 0.5657853 0 0.5166329 0.01405316 0.160187 0.1884101 0.5664528 0.2546967 0.112805 0.3179641 0.05837512 0.3000782 0.2708115 0.3000782 0.2708115 0.3179641 0.05837512 0.3900913 0.2111524 0.2546967 0.112805 0.1750713 0.02398109 0.3179641 0.05837512 0.1750713 0.02398109 0.2546967 0.112805 0.08972102 0.1510174 0.08972102 0.1510174 0.01405316 0.160187 0.1750713 0.02398109 0.08972102 0.1510174 0.1259775 0.3284754 0.01405316 0.160187 0.01405316 0.160187 0.1259775 0.3284754 0.1884101 0.5664528 0.3000782 0.2708115 0.3448477 0.6318585 0.1259775 0.3284754 0.1259775 0.3284754 0.3448477 0.6318585 0.1884101 0.5664528 0.02302098 0.8555238 0.05692803 0.8927006 0.2136725 0.9779958 0.2136725 0.9779958 0.05692803 0.8927006 0.2252854 0.9763799 0.2136725 0.9779958 0.2252854 0.9763799 0.4034753 0.785519 0.4034753 0.785519 0.2252854 0.9763799 0.4030343 0.7891785 0.1463421 0.840493 0.2320362 0.8404932 0.1281691 0.8218151 0.1463421 0.840493 0.1281691 0.8218151 0.1281685 0.7337407 0.1281685 0.7337407 0.1281691 0.8218151 0.146342 0.7150629 0.1281685 0.7337407 0.146342 0.7150629 0.2320363 0.7150629 0.2320363 0.7150629 0.146342 0.7150629 0.2502098 0.7337408 0.2320363 0.7150629 0.2502098 0.7337408 0.2502093 0.8218153 0.2502093 0.8218153 0.2502098 0.7337408 0.2320362 0.8404932 0.2502093 0.8218153 0.2320362 0.8404932 0.1463421 0.840493 0.4051459 0.2155604 0.3179641 0.05837512 0.2383106 0.02886199 0.2383106 0.02886199 0.3179641 0.05837512 0.1750713 0.02398109 0.4051459 0.2155604 0.3900913 0.2111524 0.3179641 0.05837512 0.2383106 0.02886199 0.1750713 0.02398109 0.04320877 0.1189067 0.04320877 0.1189067 0.1750713 0.02398109 0.01405316 0.160187 0.04320877 0.1189067 0.01405316 0.160187 0 0.5166329 0 0.4166666 0 0.5166329 0.02302098 0.8555238 0.02302098 0.8555238 0 0.5166329 0.05692803 0.8927006 0.4051459 0.2155604 0.1878378 0.4351854 0.3769579 0.4124353 0.1916969 0.195927 0.2383106 0.02886199 0.04320877 0.1189067 0.1916969 0.195927 0.04320877 0.1189067 0.1751739 0.2341203 0.1751739 0.2341203 0 0.5166329 0.1878378 0.4351854 0 0.5166329 0.1751739 0.2341203 0.04320877 0.1189067 0.4051459 0.2155604 0.214774 0.2247994 0.1878378 0.4351854 0.1878378 0.4351854 0.214774 0.2247994 0.1751739 0.2341203 0.2383106 0.02886199 0.1916969 0.195927 0.4051459 0.2155604 0.4051459 0.2155604 0.1916969 0.195927 0.214774 0.2247994 0 0.4166666 0.1878378 0.425926 0 0.5166329 0 0.5166329 0.1878378 0.425926 0.1878378 0.4351854 0.3742615 0.4152067 0.4906163 0.2166666 0.3769579 0.4124353 0.3769579 0.4124353 0.4906163 0.2166666 0.4051459 0.2155604 0.3769579 0.4124353 0.1878378 0.4351854 0.3742615 0.4152067 0.3742615 0.4152067 0.1878378 0.4351854 0.1878378 0.425926 0 0.5166329 0.146342 0.7150629 0.05692803 0.8927006 0.4030343 0.7891785 0.2320362 0.8404932 0.2502098 0.7337408 0.4030343 0.7891785 0.2502098 0.7337408 0.3287367 0.6294644 0.1878417 0.5694619 0.3287367 0.6294644 0.2502098 0.7337408 0.1878417 0.5694619 0.2502098 0.7337408 0.146342 0.7150629 0.1878417 0.5694619 0.146342 0.7150629 0 0.5166329 0.1281691 0.8218151 0.2320362 0.8404932 0.2252854 0.9763799 0.2252854 0.9763799 0.2320362 0.8404932 0.4030343 0.7891785 0.1281691 0.8218151 0.05692803 0.8927006 0.146342 0.7150629 0.2252854 0.9763799 0.05692803 0.8927006 0.1281691 0.8218151 0.3287367 0.6294644 0.4044107 0.769184 0.4030343 0.7891785 0.3287367 0.6294644 0.3448477 0.6318585 0.4044107 0.769184 0.1878417 0.5694619 0.1884101 0.5664528 0.3287367 0.6294644 0.3287367 0.6294644 0.1884101 0.5664528 0.3448477 0.6318585 0.1878417 0.5694619 0 0.5166329 0.1884101 0.5664528 0.3448477 0.6318585 0.3900913 0.2111524 0.4044107 0.769184 0.3000782 0.2708115 0.3900913 0.2111524 0.3448477 0.6318585 0.3952196 0.2084054 0.4044107 0.769184 0.3900913 0.2111524 0.3952196 0.2084054 0.3556955 0.6536814 0.4044107 0.769184 0.321617 0.1987233 0.3556955 0.6536814 0.3952196 0.2084054 0.3000782 0.2708115 0.321617 0.1987233 0.2546967 0.112805 0.2546967 0.112805 0.321617 0.1987233 0.2236601 0.09576094 0.2546967 0.112805 0.2236601 0.09576094 0.08972102 0.1510174 0.08972102 0.1510174 0.2236601 0.09576094 0.01633846 0.1686822 0.08972102 0.1510174 0.01633846 0.1686822 0.1259775 0.3284754 0.1259775 0.3284754 0.01633846 0.1686822 0.1860589 0.3425901 0.1259775 0.3284754 0.1860589 0.3425901 0.3000782 0.2708115 0.3000782 0.2708115 0.1860589 0.3425901 0.321617 0.1987233</float_array>
          <technique_common>
            <accessor source="#Shape_IndexedFaceSet_270-mesh-map-0-array" count="15000" stride="2">
              <param name="S" type="float"/>
              <param name="T" type="float"/>
            </accessor>
          </technique_common>
        </source>
        <vertices id="Shape_IndexedFaceSet_270-mesh-vertices">
          <input semantic="POSITION" source="#Shape_IndexedFaceSet_270-mesh-positions"/>
        </vertices>
        <triangles material="Shape_270-material" count="156">
          <input semantic="VERTEX" source="#Shape_IndexedFaceSet_270-mesh-vertices" offset="0"/>
          <input semantic="NORMAL" source="#Shape_IndexedFaceSet_270-mesh-normals" offset="1"/>
          <input semantic="TEXCOORD" source="#Shape_IndexedFaceSet_270-mesh-map-0" offset="2" set="0"/>
          <p>18 0 0 19 1 1 7 2 2 18 3 3 7 4 4 5 5 5 33 6 6 32 7 7 30 8 8 30 9 9 32 10 10 19 11 11 30 12 12 19 13 13 18 14 14 14 15 15 25 16 16 11 17 17 14 18 18 11 19 19 10 20 20 10 21 21 11 22 22 15 23 23 10 24 24 15 25 25 24 26 26 24 27 27 15 28 28 27 29 29 24 30 30 27 31 31 25 32 32 24 33 33 25 34 34 14 35 35 5 36 36 7 36 37 4 36 38 4 37 39 7 37 40 6 37 41 4 38 42 6 38 43 2 38 44 2 38 45 6 38 46 0 38 47 2 39 48 0 39 49 3 39 50 3 40 51 0 40 52 1 40 53 38 41 54 32 41 55 37 41 56 37 42 57 32 42 58 33 42 59 37 43 60 33 43 61 36 43 62 36 44 63 33 44 64 31 44 65 36 45 66 31 45 67 35 45 68 35 46 69 31 46 70 34 46 71 63 47 72 52 47 73 54 47 74 41 48 75 52 48 76 38 48 77 38 49 78 52 49 79 48 49 80 63 50 81 54 50 82 67 50 83 19 51 84 15 51 85 7 51 86 52 52 87 41 52 88 54 52 89 48 47 90 59 47 91 71 47 92 71 47 93 59 47 94 67 47 95 7 53 96 15 53 97 11 53 98 7 47 99 11 47 100 6 47 101 27 47 102 15 47 103 19 47 104 6 47 105 25 47 106 32 47 107 6 47 108 32 47 109 71 47 110 71 47 111 32 47 112 38 47 113 71 54 114 38 54 115 48 54 116 6 47 117 11 47 118 25 47 119 32 55 120 25 55 121 27 55 122 27 56 123 19 56 124 32 56 125 67 57 126 59 57 127 63 57 128 33 58 129 30 58 130 18 58 131 21 59 132 14 59 133 4 59 134 10 59 135 24 59 136 18 59 137 18 59 138 24 59 139 33 59 140 24 59 141 21 59 142 33 59 143 4 59 144 14 59 145 5 59 146 5 59 147 14 59 148 10 59 149 14 60 150 21 60 151 24 60 152 10 61 153 18 61 154 5 61 155 21 62 156 20 63 157 28 64 158 21 65 159 28 66 160 33 67 161 33 68 162 28 69 163 31 70 164 20 71 165 21 71 166 2 71 167 2 72 168 21 72 169 4 72 170 3 73 171 1 74 172 16 75 173 3 76 174 16 77 175 17 78 176 17 79 177 16 80 178 29 81 179 17 82 180 29 83 181 31 84 182 31 85 183 29 86 184 34 87 185 23 88 186 12 89 187 26 90 188 23 91 189 26 92 190 22 93 191 23 94 192 22 95 193 13 96 194 13 97 195 22 98 196 8 99 197 13 100 198 8 101 199 9 102 200 9 103 201 8 104 202 12 105 203 9 106 204 12 107 205 23 108 206 49 109 207 45 109 208 35 109 209 43 59 210 35 59 211 45 59 212 68 59 213 35 59 214 0 59 215 0 59 216 35 59 217 34 59 218 0 110 219 34 110 220 26 110 221 34 111 222 22 111 223 26 111 224 0 112 225 26 112 226 12 112 227 16 59 228 34 59 229 29 59 230 8 59 231 22 59 232 16 59 233 68 59 234 49 59 235 35 59 236 68 59 237 60 59 238 49 59 239 16 113 240 22 113 241 34 113 242 8 114 243 16 114 244 1 114 245 43 59 246 45 59 247 56 59 248 43 115 249 56 115 250 64 115 251 64 116 252 56 116 253 60 116 254 64 59 255 60 59 256 68 59 257 0 59 258 12 59 259 1 59 260 1 117 261 12 117 262 8 117 263 20 118 264 31 118 265 28 118 266 13 119 267 3 119 268 17 119 269 2 47 270 9 47 271 20 47 272 20 47 273 9 47 274 23 47 275 9 120 276 2 120 277 3 120 278 9 47 279 3 47 280 13 47 281 23 121 282 31 121 283 20 121 284 13 47 285 17 47 286 23 47 287 23 47 288 17 47 289 31 47 290 66 122 291 67 123 292 54 124 293 66 125 294 54 126 295 44 127 296 44 128 297 54 129 298 41 130 299 44 131 300 41 132 301 37 133 302 37 134 303 41 135 304 38 136 305 51 137 306 59 138 307 48 139 308 51 140 309 48 141 310 47 142 311 47 143 312 48 144 313 52 145 314 47 146 315 52 147 316 58 148 317 58 149 318 52 150 319 63 151 320 58 152 321 63 153 322 62 154 323 62 155 324 63 156 325 59 157 326 62 158 327 59 159 328 51 160 329 65 161 330 64 161 331 69 161 332 69 162 333 64 162 334 68 162 335 69 163 336 68 163 337 70 163 338 70 163 339 68 163 340 71 163 341 70 164 342 71 164 343 66 164 344 66 165 345 71 165 346 67 165 347 55 59 348 62 59 349 51 59 350 51 59 351 39 59 352 55 59 353 44 59 354 37 59 355 47 59 356 39 166 357 51 166 358 47 166 359 39 59 360 47 59 361 37 59 362 58 59 363 62 59 364 66 59 365 66 59 366 62 59 367 70 59 368 70 59 369 62 59 370 55 59 371 58 59 372 66 59 373 44 59 374 58 59 375 44 59 376 47 59 377 37 167 378 36 168 379 39 169 380 39 170 381 36 171 382 42 172 383 39 173 384 42 174 385 55 175 386 55 176 387 42 176 388 70 176 389 70 177 390 42 177 391 69 177 392 53 178 393 43 179 394 64 180 395 53 181 396 64 182 397 65 183 398 36 184 399 35 185 400 40 186 401 40 187 402 35 188 403 43 189 404 40 190 405 43 191 406 53 192 407 57 193 408 49 194 409 60 195 410 57 196 411 60 197 412 61 198 413 61 199 414 60 200 415 56 201 416 61 202 417 56 203 418 50 204 419 50 205 420 56 206 421 45 207 422 50 23 423 45 21 424 46 208 425 46 209 426 45 210 427 49 211 428 46 212 429 49 213 430 57 214 431 57 47 432 69 47 433 42 47 434 57 215 435 42 215 436 46 215 437 40 216 438 53 216 439 50 216 440 50 47 441 53 47 442 61 47 443 61 217 444 53 217 445 65 217 446 46 47 447 36 47 448 50 47 449 50 218 450 36 218 451 40 218 452 69 219 453 57 219 454 65 219 455 65 220 456 57 220 457 61 220 458 36 221 459 46 221 460 42 221 461 6 222 462 71 222 463 0 222 464 0 222 465 71 222 466 68 222 467</p>
        </triangles>
        <triangles material="Shape_242-material" count="338">
          <input semantic="VERTEX" source="#Shape_IndexedFaceSet_270-mesh-vertices" offset="0"/>
          <input semantic="NORMAL" source="#Shape_IndexedFaceSet_270-mesh-normals" offset="1"/>
          <input semantic="TEXCOORD" source="#Shape_IndexedFaceSet_270-mesh-map-0" offset="2" set="0"/>
          <p>72 223 468 110 223 469 73 223 470 116 59 471 122 59 472 142 59 473 142 224 474 122 224 475 151 224 476 151 225 477 122 225 478 148 225 479 148 226 480 122 226 481 135 226 482 93 59 483 73 59 484 110 59 485 89 59 486 116 59 487 98 59 488 98 59 489 116 59 490 142 59 491 93 227 492 110 227 493 122 227 494 122 59 495 110 59 496 135 59 497 73 228 498 93 228 499 89 228 500 89 229 501 98 229 502 73 229 503 226 230 504 208 230 505 220 230 506 189 47 507 185 47 508 163 47 509 163 231 510 185 231 511 150 231 512 150 232 513 185 232 514 149 232 515 149 233 516 185 233 517 162 233 518 149 234 519 162 234 520 159 234 521 204 47 522 220 47 523 208 47 524 212 47 525 189 47 526 174 47 527 174 47 528 189 47 529 163 47 530 204 235 531 208 235 532 185 235 533 185 236 534 208 236 535 162 236 536 220 237 537 204 237 538 212 237 539 212 238 540 174 238 541 220 238 542 77 239 543 74 239 544 108 239 545 102 47 546 86 47 547 77 47 548 134 240 549 141 240 550 102 240 551 102 241 552 141 241 553 86 241 554 131 242 555 134 242 556 88 242 557 108 243 558 88 243 559 77 243 560 88 244 561 108 244 562 131 244 563 112 59 564 103 59 565 106 59 566 87 245 567 127 245 568 146 245 569 112 59 570 106 59 571 136 59 572 106 246 573 146 246 574 136 246 575 105 59 576 87 59 577 106 59 578 106 247 579 87 247 580 146 247 581 103 59 582 76 59 583 105 59 584 105 248 585 76 248 586 87 248 587 112 249 588 72 249 589 103 249 590 103 250 591 72 250 592 76 250 593 135 251 594 136 251 595 148 251 596 148 252 597 136 252 598 146 252 599 73 253 600 75 253 601 72 253 602 72 254 603 75 254 604 74 254 605 72 255 606 74 255 607 76 255 608 76 256 609 74 256 610 77 256 611 98 257 612 99 258 613 75 259 614 98 260 615 75 261 616 73 262 617 142 263 618 147 264 619 98 265 620 98 266 621 147 267 622 99 268 623 116 269 624 94 270 625 123 271 626 116 272 627 123 273 628 122 274 629 122 275 630 123 276 631 117 277 632 122 278 633 117 279 634 93 280 635 93 281 636 117 282 637 90 283 638 93 284 639 90 285 640 89 286 641 89 287 642 90 288 643 94 289 644 89 290 645 94 291 646 116 292 647 205 293 648 223 293 649 216 293 650 199 59 651 209 59 652 216 59 653 178 294 654 165 294 655 151 294 656 153 295 657 151 295 658 148 295 659 153 296 660 148 296 661 152 296 662 216 297 663 209 297 664 205 297 665 178 298 666 182 298 667 199 298 668 178 59 669 199 59 670 216 59 671 209 59 672 186 59 673 205 59 674 205 299 675 186 299 676 151 299 677 205 300 678 151 300 679 153 300 680 151 301 681 186 301 682 182 301 683 178 302 684 151 302 685 182 302 686 76 303 687 77 304 688 86 305 689 76 306 690 86 307 691 87 308 692 146 309 693 127 310 694 141 311 695 141 312 696 127 313 697 86 314 698 86 315 699 127 316 700 87 317 701 106 318 702 104 319 703 126 320 704 106 321 705 126 322 706 107 323 707 106 324 708 107 325 709 105 326 710 105 327 711 107 328 712 104 329 713 105 330 714 104 331 715 103 332 716 103 333 717 104 334 718 106 335 719 224 336 720 221 336 721 191 336 722 190 337 723 176 337 724 170 337 725 177 338 726 168 338 727 176 338 728 176 339 729 168 339 730 156 339 731 218 47 732 177 47 733 221 47 734 221 340 735 190 340 736 191 340 737 190 341 738 170 341 739 191 341 740 181 59 741 175 59 742 215 59 743 172 342 744 157 342 745 181 342 746 181 343 747 157 343 748 175 343 749 172 344 750 180 344 751 164 344 752 180 345 753 215 345 754 192 345 755 192 346 756 215 346 757 225 346 758 180 347 759 192 347 760 164 347 761 216 348 762 217 349 763 173 350 764 216 351 765 173 352 766 178 353 767 178 354 768 173 355 769 165 356 770 165 357 771 173 358 772 154 359 773 165 360 774 154 361 775 151 362 776 199 363 777 187 364 778 210 365 779 199 366 780 210 367 781 209 368 782 209 369 783 210 370 784 201 371 785 209 372 786 201 373 787 186 374 788 186 375 789 201 376 790 183 377 791 186 378 792 183 379 793 182 380 794 182 381 795 183 382 796 187 383 797 182 384 798 187 385 799 199 386 800 152 387 801 168 388 802 171 389 803 171 390 804 168 391 805 177 392 806 152 393 807 156 394 808 168 395 809 171 396 810 177 397 811 214 398 812 214 399 813 177 400 814 218 401 815 214 402 816 218 403 817 221 404 818 197 405 819 195 406 820 213 407 821 197 408 822 213 409 823 198 410 824 197 324 825 198 325 826 196 326 827 196 411 828 198 412 829 195 413 830 196 414 831 195 415 832 194 416 833 194 417 834 195 418 835 197 335 836 163 419 837 150 419 838 161 419 839 161 420 840 150 420 841 158 420 842 147 421 843 151 421 844 145 421 845 150 422 846 143 422 847 145 422 848 150 423 849 145 423 850 151 423 851 150 424 852 151 424 853 158 424 854 158 425 855 151 425 856 154 425 857 142 426 858 151 426 859 147 426 860 214 427 861 221 427 862 224 427 863 223 428 864 224 428 865 216 428 866 216 429 867 224 429 868 217 429 869 155 430 870 152 430 871 206 430 872 171 59 873 214 59 874 196 59 875 196 431 876 214 431 877 197 431 878 197 432 879 224 432 880 206 432 881 224 433 882 197 433 883 214 433 884 171 434 885 196 434 886 152 434 887 152 435 888 196 435 889 194 435 890 152 436 891 194 436 892 206 436 893 206 59 894 194 59 895 197 59 896 223 437 897 205 437 898 224 437 899 224 438 900 205 438 901 206 438 902 153 439 903 152 439 904 155 439 905 155 440 906 206 440 907 153 440 908 153 441 909 206 441 910 205 441 911 183 442 912 166 442 913 154 442 914 183 443 915 154 443 916 187 443 917 187 47 918 173 47 919 210 47 920 173 444 921 187 444 922 154 444 923 200 445 924 166 445 925 183 445 926 200 446 927 183 446 928 201 446 929 200 447 930 201 447 931 224 447 932 224 448 933 201 448 934 217 448 935 210 47 936 217 47 937 201 47 938 210 449 939 173 449 940 217 449 941 166 450 942 158 451 943 154 452 944 166 453 945 170 454 946 158 455 947 200 456 948 191 457 949 166 458 950 166 459 951 191 460 952 170 461 953 200 462 954 224 462 955 191 462 956 174 463 957 179 464 958 219 465 959 174 466 960 219 467 961 220 468 962 163 469 963 161 470 964 174 471 965 174 472 966 161 473 967 179 474 968 189 475 969 203 476 970 184 477 971 189 478 972 184 479 973 185 480 974 185 481 975 184 482 976 188 483 977 185 484 978 188 485 979 204 486 980 204 487 981 188 488 982 211 489 983 204 490 984 211 491 985 212 492 986 212 493 987 211 494 988 203 495 989 212 496 990 203 497 991 189 498 992 159 499 993 169 500 994 157 501 995 157 502 996 169 503 997 175 504 998 175 505 999 169 506 1000 202 507 1001 222 508 1002 215 509 1003 175 510 1004 222 511 1005 175 512 1006 202 513 1007 138 514 1008 115 514 1009 150 514 1010 115 515 1011 83 515 1012 84 515 1013 96 47 1014 92 47 1015 84 47 1016 101 516 1017 139 516 1018 150 516 1019 84 517 1020 92 517 1021 115 517 1022 115 47 1023 92 47 1024 121 47 1025 138 518 1026 150 518 1027 149 518 1028 125 519 1029 150 519 1030 121 519 1031 115 520 1032 121 520 1033 150 520 1034 96 47 1035 84 47 1036 101 47 1037 96 521 1038 101 521 1039 125 521 1040 150 522 1041 125 522 1042 101 522 1043 215 523 1044 222 523 1045 225 523 1046 225 524 1047 222 524 1048 226 524 1049 225 525 1050 226 525 1051 219 525 1052 219 526 1053 226 526 1054 220 526 1055 207 47 1056 213 47 1057 195 47 1058 169 527 1059 159 527 1060 202 527 1061 207 528 1062 226 528 1063 213 528 1064 213 529 1065 226 529 1066 222 529 1067 207 530 1068 195 530 1069 160 530 1070 195 531 1071 159 531 1072 160 531 1073 159 532 1074 195 532 1075 202 532 1076 202 533 1077 195 533 1078 198 533 1079 213 47 1080 222 47 1081 198 47 1082 198 534 1083 222 534 1084 202 534 1085 208 535 1086 226 535 1087 207 535 1088 162 536 1089 160 536 1090 159 536 1091 162 537 1092 208 537 1093 160 537 1094 160 538 1095 208 538 1096 207 538 1097 161 539 1098 167 539 1099 193 539 1100 211 540 1101 225 540 1102 219 540 1103 211 59 1104 219 59 1105 203 59 1106 225 541 1107 211 541 1108 193 541 1109 193 542 1110 211 542 1111 188 542 1112 188 543 1113 161 543 1114 193 543 1115 203 544 1116 219 544 1117 179 544 1118 203 545 1119 179 545 1120 184 545 1121 161 546 1122 188 546 1123 184 546 1124 161 547 1125 184 547 1126 179 547 1127 192 548 1128 193 549 1129 164 550 1130 164 551 1131 193 552 1132 167 553 1133 161 554 1134 164 555 1135 167 556 1136 158 557 1137 164 558 1138 161 559 1139 225 560 1140 193 560 1141 192 560 1142 157 561 1143 158 562 1144 156 563 1145 170 564 1146 156 565 1147 158 566 1148 176 567 1149 156 568 1150 170 569 1151 172 570 1152 164 571 1153 157 572 1154 157 573 1155 164 574 1156 158 575 1157 176 576 1158 172 577 1159 177 578 1160 177 579 1161 172 580 1162 181 581 1163 177 582 1164 181 583 1165 215 584 1166 177 585 1167 215 586 1168 221 587 1169 221 588 1170 215 589 1171 180 590 1172 221 591 1173 180 592 1174 190 593 1175 190 594 1176 180 595 1177 176 596 1178 176 597 1179 180 598 1180 172 599 1181 156 600 1182 148 600 1183 157 600 1184 157 601 1185 148 601 1186 146 601 1187 140 602 1188 159 602 1189 141 602 1190 140 603 1191 149 603 1192 159 603 1193 159 604 1194 157 604 1195 141 604 1196 141 605 1197 157 605 1198 146 605 1199 152 606 1200 148 606 1201 156 606 1202 144 607 1203 149 607 1204 140 607 1205 110 608 1206 72 608 1207 112 608 1208 110 609 1209 112 609 1210 135 609 1211 135 610 1212 112 610 1213 136 610 1214 147 611 1215 130 611 1216 111 611 1217 90 612 1218 74 612 1219 75 612 1220 90 47 1221 75 47 1222 94 47 1223 117 613 1224 147 613 1225 111 613 1226 74 614 1227 90 614 1228 111 614 1229 111 615 1230 90 615 1231 117 615 1232 147 616 1233 117 616 1234 123 616 1235 147 617 1236 123 617 1237 99 617 1238 99 47 1239 123 47 1240 94 47 1241 99 618 1242 94 618 1243 75 618 1244 74 619 1245 111 619 1246 108 619 1247 147 620 1248 145 621 1249 130 622 1250 130 623 1251 145 624 1252 131 625 1253 130 626 1254 131 627 1255 111 628 1256 111 629 1257 131 630 1258 108 631 1259 79 632 1260 78 632 1261 109 632 1262 118 633 1263 128 633 1264 133 633 1265 133 634 1266 128 634 1267 140 634 1268 97 635 1269 133 635 1270 132 635 1271 78 59 1272 85 59 1273 118 59 1274 78 636 1275 97 636 1276 109 636 1277 97 637 1278 132 637 1279 109 637 1280 84 638 1281 82 639 1282 100 640 1283 84 641 1284 100 642 1285 101 643 1286 101 644 1287 100 645 1288 139 646 1289 139 647 1290 100 648 1291 143 649 1292 139 650 1293 143 651 1294 150 652 1295 96 653 1296 120 654 1297 91 655 1298 96 656 1299 91 657 1300 92 658 1301 92 659 1302 91 660 1303 95 661 1304 92 662 1305 95 663 1306 121 664 1307 121 665 1308 95 666 1309 124 667 1310 121 668 1311 124 669 1312 125 670 1313 125 671 1314 124 672 1315 120 673 1316 125 674 1317 120 675 1318 96 676 1319 144 677 1320 128 678 1321 119 679 1322 119 680 1323 128 681 1324 118 682 1325 144 683 1326 140 684 1327 128 685 1328 119 686 1329 118 687 1330 80 688 1331 80 689 1332 118 690 1333 85 691 1334 80 692 1335 85 693 1336 78 694 1337 80 695 1338 78 695 1339 81 695 1340 81 696 1341 78 696 1342 79 696 1343 81 38 1344 79 38 1345 83 38 1346 83 697 1347 79 697 1348 84 697 1349 84 698 1350 79 698 1351 82 698 1352 137 699 1353 144 699 1354 113 699 1355 119 47 1356 80 47 1357 107 47 1358 107 700 1359 80 700 1360 104 700 1361 104 47 1362 81 47 1363 113 47 1364 81 47 1365 104 47 1366 80 47 1367 119 701 1368 107 701 1369 144 701 1370 144 702 1371 107 702 1372 126 702 1373 144 703 1374 126 703 1375 113 703 1376 113 47 1377 126 47 1378 104 47 1379 83 704 1380 115 704 1381 81 704 1382 81 705 1383 115 705 1384 113 705 1385 138 706 1386 149 706 1387 137 706 1388 137 707 1389 149 707 1390 144 707 1391 137 708 1392 113 708 1393 138 708 1394 138 709 1395 113 709 1396 115 709 1397 124 710 1398 129 710 1399 143 710 1400 124 711 1401 143 711 1402 120 711 1403 120 59 1404 100 59 1405 91 59 1406 114 712 1407 129 712 1408 124 712 1409 79 713 1410 95 713 1411 82 713 1412 100 714 1413 120 714 1414 143 714 1415 114 715 1416 124 715 1417 95 715 1418 114 716 1419 95 716 1420 79 716 1421 82 717 1422 95 717 1423 91 717 1424 91 718 1425 100 718 1426 82 718 1427 129 719 1428 132 720 1429 143 721 1430 143 722 1431 132 723 1432 145 724 1433 114 725 1434 109 726 1435 129 727 1436 129 728 1437 109 729 1438 132 730 1439 114 731 1440 79 731 1441 109 731 1442 133 732 1443 140 733 1444 132 734 1445 141 735 1446 145 736 1447 140 737 1448 140 738 1449 145 739 1450 132 740 1451 141 741 1452 131 742 1453 145 743 1454 134 744 1455 131 745 1456 141 746 1457 133 747 1458 134 748 1459 118 749 1460 118 750 1461 134 751 1462 102 752 1463 118 753 1464 102 754 1465 77 755 1466 118 756 1467 77 757 1468 78 758 1469 78 759 1470 77 760 1471 88 761 1472 78 762 1473 88 763 1474 97 764 1475 97 765 1476 88 766 1477 133 767 1478 133 768 1479 88 769 1480 134 770 1481</p>
        </triangles>
        <triangles material="Shape_243-material" count="336">
          <input semantic="VERTEX" source="#Shape_IndexedFaceSet_270-mesh-vertices" offset="0"/>
          <input semantic="NORMAL" source="#Shape_IndexedFaceSet_270-mesh-normals" offset="1"/>
          <input semantic="TEXCOORD" source="#Shape_IndexedFaceSet_270-mesh-map-0" offset="2" set="0"/>
          <p>227 771 1482 262 771 1483 228 771 1484 304 772 1485 289 772 1486 302 772 1487 245 773 1488 268 773 1489 269 773 1490 269 774 1491 268 774 1492 297 774 1493 297 775 1494 268 775 1495 277 775 1496 297 776 1497 277 776 1498 304 776 1499 304 777 1500 277 777 1501 289 777 1502 249 59 1503 262 59 1504 277 59 1505 277 59 1506 262 59 1507 289 59 1508 249 59 1509 228 59 1510 262 59 1511 245 59 1512 228 59 1513 249 59 1514 245 778 1515 269 778 1516 228 778 1517 380 779 1518 361 779 1519 370 779 1520 343 47 1521 339 47 1522 317 47 1523 339 780 1524 305 780 1525 303 780 1526 339 781 1527 303 781 1528 317 781 1529 349 782 1530 316 782 1531 339 782 1532 339 783 1533 316 783 1534 305 783 1535 349 47 1536 370 47 1537 361 47 1538 349 784 1539 361 784 1540 316 784 1541 365 785 1542 343 785 1543 328 785 1544 328 786 1545 343 786 1546 317 786 1547 370 787 1548 365 787 1549 328 787 1550 370 788 1551 349 788 1552 365 788 1553 254 47 1554 240 47 1555 232 47 1556 288 789 1557 296 789 1558 254 789 1559 254 790 1560 296 790 1561 240 790 1562 286 791 1563 288 791 1564 244 791 1565 244 792 1566 260 792 1567 286 792 1568 244 47 1569 232 47 1570 260 47 1571 260 793 1572 232 793 1573 229 793 1574 264 59 1575 255 59 1576 258 59 1577 242 794 1578 282 794 1579 301 794 1580 301 795 1581 290 795 1582 258 795 1583 264 59 1584 258 59 1585 290 59 1586 264 796 1587 227 796 1588 255 796 1589 255 797 1590 227 797 1591 231 797 1592 301 798 1593 258 798 1594 242 798 1595 242 59 1596 258 59 1597 257 59 1598 255 59 1599 231 59 1600 257 59 1601 257 59 1602 231 59 1603 242 59 1604 289 799 1605 290 799 1606 302 799 1607 302 800 1608 290 800 1609 301 800 1610 228 801 1611 230 801 1612 227 801 1613 227 802 1614 230 802 1615 229 802 1616 227 803 1617 229 803 1618 231 803 1619 231 804 1620 229 804 1621 232 804 1622 269 805 1623 241 806 1624 228 807 1625 228 808 1626 241 809 1627 230 810 1628 297 811 1629 293 812 1630 269 813 1631 269 814 1632 293 815 1633 241 816 1634 268 817 1635 250 818 1636 278 819 1637 268 820 1638 278 821 1639 277 822 1640 277 823 1641 278 824 1642 270 825 1643 277 826 1644 270 827 1645 249 828 1646 249 829 1647 270 830 1648 246 831 1649 249 832 1650 246 833 1651 245 834 1652 245 835 1653 246 836 1654 250 837 1655 245 838 1656 250 839 1657 268 840 1658 307 841 1659 358 841 1660 304 841 1661 358 842 1662 377 842 1663 374 842 1664 353 59 1665 362 59 1666 374 59 1667 358 843 1668 362 843 1669 340 843 1670 307 844 1671 304 844 1672 302 844 1673 307 845 1674 302 845 1675 306 845 1676 332 846 1677 319 846 1678 304 846 1679 374 847 1680 362 847 1681 358 847 1682 340 848 1683 336 848 1684 304 848 1685 353 849 1686 332 849 1687 336 849 1688 358 850 1689 340 850 1690 304 850 1691 304 851 1692 336 851 1693 332 851 1694 353 59 1695 374 59 1696 332 59 1697 231 852 1698 232 853 1699 240 854 1700 231 855 1701 240 856 1702 242 857 1703 301 858 1704 282 859 1705 296 860 1706 296 861 1707 282 862 1708 240 863 1709 240 864 1710 282 865 1711 242 866 1712 258 867 1713 256 868 1714 281 869 1715 258 870 1716 281 871 1717 259 872 1718 258 873 1719 259 874 1720 257 875 1721 257 876 1722 259 877 1723 256 878 1724 257 879 1725 256 880 1726 255 881 1727 255 882 1728 256 883 1729 258 884 1730 378 885 1731 373 885 1732 344 885 1733 322 886 1734 310 886 1735 330 886 1736 330 887 1737 367 887 1738 322 887 1739 324 888 1740 331 888 1741 330 888 1742 373 47 1743 372 47 1744 367 47 1745 373 889 1746 331 889 1747 344 889 1748 344 890 1749 331 890 1750 324 890 1751 326 891 1752 311 891 1753 335 891 1754 335 892 1755 311 892 1756 329 892 1757 335 59 1758 329 59 1759 371 59 1760 318 893 1761 326 893 1762 334 893 1763 334 894 1764 345 894 1765 318 894 1766 334 59 1767 371 59 1768 345 59 1769 345 895 1770 371 895 1771 379 895 1772 374 896 1773 368 897 1774 332 898 1775 332 899 1776 368 900 1777 327 901 1778 332 902 1779 327 903 1780 319 904 1781 319 905 1782 327 906 1783 308 907 1784 319 908 1785 308 909 1786 304 910 1787 353 911 1788 341 912 1789 363 913 1790 353 914 1791 363 915 1792 362 916 1793 362 917 1794 363 918 1795 355 919 1796 362 920 1797 355 921 1798 340 922 1799 340 923 1800 355 924 1801 337 925 1802 340 926 1803 337 927 1804 336 928 1805 336 929 1806 337 930 1807 341 931 1808 336 932 1809 341 933 1810 353 934 1811 306 935 1812 322 936 1813 325 937 1814 325 938 1815 322 939 1816 367 940 1817 306 941 1818 310 942 1819 322 943 1820 325 944 1821 367 945 1822 369 946 1823 369 947 1824 367 948 1825 372 949 1826 369 950 1827 372 951 1828 373 952 1829 351 953 1830 348 954 1831 366 955 1832 351 870 1833 366 871 1834 352 872 1835 351 956 1836 352 957 1837 350 958 1838 350 959 1839 352 960 1840 348 961 1841 350 962 1842 348 963 1843 347 964 1844 347 965 1845 348 966 1846 351 967 1847 317 968 1848 303 968 1849 315 968 1850 315 969 1851 303 969 1852 312 969 1853 293 970 1854 304 970 1855 300 970 1856 303 971 1857 298 971 1858 300 971 1859 303 972 1860 300 972 1861 304 972 1862 303 973 1863 304 973 1864 312 973 1865 312 974 1866 304 974 1867 308 974 1868 297 975 1869 304 975 1870 293 975 1871 369 976 1872 373 976 1873 378 976 1874 377 977 1875 378 977 1876 374 977 1877 374 978 1878 378 978 1879 368 978 1880 306 979 1881 359 979 1882 309 979 1883 359 980 1884 351 980 1885 378 980 1886 378 981 1887 351 981 1888 369 981 1889 325 59 1890 369 59 1891 350 59 1892 350 59 1893 369 59 1894 351 59 1895 325 982 1896 350 982 1897 306 982 1898 306 983 1899 350 983 1900 347 983 1901 306 984 1902 347 984 1903 359 984 1904 359 59 1905 347 59 1906 351 59 1907 377 985 1908 358 985 1909 378 985 1910 378 986 1911 358 986 1912 359 986 1913 307 987 1914 306 987 1915 309 987 1916 309 988 1917 359 988 1918 307 988 1919 307 989 1920 359 989 1921 358 989 1922 341 990 1923 308 990 1924 327 990 1925 363 991 1926 341 991 1927 327 991 1928 337 992 1929 320 992 1930 308 992 1931 337 993 1932 308 993 1933 341 993 1934 337 994 1935 354 994 1936 320 994 1937 354 995 1938 337 995 1939 355 995 1940 354 996 1941 355 996 1942 378 996 1943 378 997 1944 355 997 1945 368 997 1946 363 47 1947 368 47 1948 355 47 1949 327 998 1950 368 998 1951 363 998 1952 320 999 1953 312 1000 1954 308 1001 1955 320 1002 1956 324 1003 1957 312 1004 1958 354 1005 1959 344 1006 1960 320 1007 1961 320 1008 1962 344 1009 1963 324 1010 1964 354 1011 1965 378 1011 1966 344 1011 1967 328 1012 1968 333 1013 1969 370 1014 1970 370 1015 1971 333 1016 1972 376 1017 1973 317 1018 1974 315 1019 1975 328 1020 1976 328 1021 1977 315 1022 1978 333 1023 1979 343 1024 1980 357 1025 1981 338 1026 1982 343 1027 1983 338 1028 1984 339 1029 1985 339 1030 1986 338 1031 1987 342 1032 1988 339 1033 1989 342 1034 1990 349 1035 1991 349 1036 1992 342 1037 1993 364 1038 1994 349 1039 1995 364 1040 1996 365 1041 1997 365 1042 1998 364 1043 1999 357 1044 2000 365 913 2001 357 911 2002 343 912 2003 313 1045 2004 323 1046 2005 311 1047 2006 311 1048 2007 323 1049 2008 329 1050 2009 329 1051 2010 323 1052 2011 356 1053 2012 375 1054 2013 371 1055 2014 329 1056 2015 375 1057 2016 329 1058 2017 356 1059 2018 292 1060 2019 267 1060 2020 303 1060 2021 267 1061 2022 237 1061 2023 238 1061 2024 252 47 2025 248 47 2026 238 47 2027 303 1062 2028 243 1062 2029 294 1062 2030 292 1063 2031 303 1063 2032 305 1063 2033 292 1064 2034 305 1064 2035 299 1064 2036 238 1065 2037 248 1065 2038 267 1065 2039 267 1066 2040 248 1066 2041 276 1066 2042 276 1067 2043 280 1067 2044 303 1067 2045 243 1068 2046 280 1068 2047 252 1068 2048 267 1069 2049 276 1069 2050 303 1069 2051 243 1070 2052 303 1070 2053 280 1070 2054 252 47 2055 238 47 2056 243 47 2057 371 1071 2058 375 1071 2059 379 1071 2060 379 1072 2061 375 1072 2062 380 1072 2063 379 1073 2064 380 1073 2065 376 1073 2066 376 1074 2067 380 1074 2068 370 1074 2069 360 47 2070 366 47 2071 348 47 2072 323 1075 2073 313 1075 2074 356 1075 2075 313 1076 2076 348 1076 2077 356 1076 2078 356 47 2079 348 47 2080 352 47 2081 360 1077 2082 380 1077 2083 366 1077 2084 366 1078 2085 380 1078 2086 375 1078 2087 360 1079 2088 348 1079 2089 314 1079 2090 313 1080 2091 314 1080 2092 348 1080 2093 366 1081 2094 375 1081 2095 352 1081 2096 352 47 2097 375 47 2098 356 47 2099 361 1082 2100 380 1082 2101 360 1082 2102 316 1083 2103 314 1083 2104 305 1083 2105 305 1084 2106 314 1084 2107 313 1084 2108 316 1085 2109 361 1085 2110 314 1085 2111 314 1086 2112 361 1086 2113 360 1086 2114 346 1087 2115 315 1087 2116 321 1087 2117 379 1088 2118 364 1088 2119 346 1088 2120 346 59 2121 364 59 2122 342 59 2123 357 1089 2124 333 1089 2125 338 1089 2126 357 1090 2127 364 1090 2128 376 1090 2129 376 1091 2130 364 1091 2131 379 1091 2132 342 1092 2133 338 1092 2134 315 1092 2135 357 1093 2136 376 1093 2137 333 1093 2138 346 1094 2139 342 1094 2140 315 1094 2141 315 1095 2142 338 1095 2143 333 1095 2144 345 1096 2145 346 1097 2146 318 1098 2147 318 1099 2148 346 1100 2149 321 1101 2150 315 1102 2151 318 1103 2152 321 1104 2153 312 1105 2154 318 1106 2155 315 1107 2156 379 1108 2157 346 1108 2158 345 1108 2159 311 1109 2160 312 1110 2161 310 1111 2162 324 1112 2163 310 1113 2164 312 1114 2165 330 1115 2166 310 1116 2167 324 1117 2168 326 1118 2169 318 1119 2170 311 1120 2171 311 1121 2172 318 1122 2173 312 1123 2174 330 1124 2175 326 1125 2176 335 1126 2177 330 1127 2178 335 1128 2179 367 1129 2180 367 1130 2181 335 1131 2182 371 1132 2183 367 1133 2184 371 1134 2185 373 1135 2186 373 1136 2187 371 1137 2188 334 1138 2189 373 1139 2190 334 1140 2191 331 1141 2192 331 1142 2193 334 1143 2194 326 1144 2195 331 1145 2196 326 1146 2197 330 1147 2198 296 1148 2199 295 1148 2200 305 1148 2201 305 1149 2202 313 1149 2203 296 1149 2204 296 1150 2205 313 1150 2206 311 1150 2207 296 1151 2208 311 1151 2209 301 1151 2210 301 1152 2211 311 1152 2212 310 1152 2213 301 1153 2214 310 1153 2215 302 1153 2216 306 1154 2217 302 1154 2218 310 1154 2219 299 1155 2220 305 1155 2221 295 1155 2222 262 1156 2223 227 1156 2224 264 1156 2225 262 1157 2226 264 1157 2227 289 1157 2228 289 1158 2229 264 1158 2230 290 1158 2231 263 1159 2232 293 1159 2233 285 1159 2234 229 1160 2235 246 1160 2236 263 1160 2237 263 47 2238 246 47 2239 270 47 2240 250 1161 2241 246 1161 2242 230 1161 2243 230 1162 2244 246 1162 2245 229 1162 2246 250 1163 2247 241 1163 2248 278 1163 2249 270 1164 2250 278 1164 2251 293 1164 2252 250 1165 2253 230 1165 2254 241 1165 2255 263 1166 2256 270 1166 2257 293 1166 2258 293 1167 2259 278 1167 2260 241 1167 2261 229 1168 2262 263 1168 2263 260 1168 2264 293 1169 2265 300 1170 2266 285 1171 2267 285 1172 2268 300 1173 2269 286 1174 2270 285 1175 2271 286 1176 2272 263 1177 2273 263 1178 2274 286 1179 2275 260 1180 2276 234 1181 2277 233 1181 2278 261 1181 2279 272 1182 2280 283 1182 2281 295 1182 2282 272 1183 2283 271 1183 2284 283 1183 2285 287 1184 2286 253 1184 2287 272 1184 2288 233 1185 2289 253 1185 2290 261 1185 2291 261 1186 2292 253 1186 2293 287 1186 2294 239 59 2295 271 59 2296 233 59 2297 238 1187 2298 236 1188 2299 243 1189 2300 243 1190 2301 236 1191 2302 275 1192 2303 243 1193 2304 275 1194 2305 294 1195 2306 294 1196 2307 275 1197 2308 298 1198 2309 294 1199 2310 298 1200 2311 303 1201 2312 252 839 2313 274 840 2314 247 838 2315 252 1202 2316 247 1203 2317 248 1204 2318 248 1205 2319 247 1206 2320 251 1207 2321 248 1208 2322 251 1209 2323 276 1210 2324 276 1211 2325 251 1212 2326 279 1213 2327 276 1214 2328 279 1215 2329 280 1216 2330 280 1217 2331 279 1218 2332 274 1219 2333 280 1220 2334 274 1221 2335 252 1222 2336 299 1223 2337 283 1224 2338 273 1225 2339 273 1226 2340 283 1227 2341 271 1228 2342 299 1229 2343 295 1230 2344 283 1231 2345 273 1232 2346 271 1233 2347 235 1234 2348 235 1235 2349 271 1236 2350 239 1237 2351 235 1238 2352 239 1239 2353 233 1240 2354 235 1241 2355 233 1241 2356 234 1241 2357 237 1242 2358 234 1242 2359 238 1242 2360 238 1243 2361 234 1243 2362 236 1243 2363 265 47 2364 281 47 2365 256 47 2366 265 1244 2367 256 1244 2368 234 1244 2369 273 47 2370 235 47 2371 259 47 2372 259 1245 2373 235 1245 2374 256 1245 2375 299 1246 2376 281 1246 2377 265 1246 2378 299 1247 2379 265 1247 2380 291 1247 2381 234 1248 2382 256 1248 2383 235 1248 2384 273 1249 2385 259 1249 2386 299 1249 2387 299 1250 2388 259 1250 2389 281 1250 2390 237 1251 2391 267 1251 2392 234 1251 2393 234 1252 2394 267 1252 2395 265 1252 2396 292 1253 2397 299 1253 2398 291 1253 2399 291 1254 2400 265 1254 2401 292 1254 2402 292 1255 2403 265 1255 2404 267 1255 2405 279 1256 2406 284 1256 2407 298 1256 2408 279 1257 2409 298 1257 2410 274 1257 2411 274 1258 2412 275 1258 2413 247 1258 2414 279 1259 2415 266 1259 2416 284 1259 2417 266 1260 2418 279 1260 2419 251 1260 2420 266 1261 2421 251 1261 2422 234 1261 2423 275 1262 2424 274 1262 2425 298 1262 2426 234 1263 2427 251 1263 2428 236 1263 2429 236 1264 2430 251 1264 2431 247 1264 2432 275 1265 2433 236 1265 2434 247 1265 2435 284 1266 2436 287 1267 2437 298 1268 2438 298 1269 2439 287 1270 2440 300 1271 2441 266 1272 2442 261 1273 2443 284 1274 2444 284 1275 2445 261 1276 2446 287 1277 2447 266 1278 2448 234 1278 2449 261 1278 2450 272 1279 2451 295 1280 2452 287 1281 2453 296 1282 2454 300 1283 2455 295 1284 2456 295 1285 2457 300 1286 2458 287 1287 2459 296 1288 2460 286 1289 2461 300 1290 2462 288 1291 2463 286 1292 2464 296 1293 2465 272 1294 2466 288 1295 2467 254 1296 2468 272 1297 2469 254 1298 2470 271 1299 2471 271 1300 2472 254 1301 2473 232 1302 2474 271 1303 2475 232 1304 2476 233 1305 2477 233 1306 2478 232 1307 2479 244 1308 2480 233 1309 2481 244 1310 2482 253 1311 2483 253 1312 2484 244 1313 2485 288 1314 2486 253 1315 2487 288 1316 2488 272 1317 2489</p>
        </triangles>
        <triangles material="Shape_244-material" count="336">
          <input semantic="VERTEX" source="#Shape_IndexedFaceSet_270-mesh-vertices" offset="0"/>
          <input semantic="NORMAL" source="#Shape_IndexedFaceSet_270-mesh-normals" offset="1"/>
          <input semantic="TEXCOORD" source="#Shape_IndexedFaceSet_270-mesh-map-0" offset="2" set="0"/>
          <p>381 1318 2490 416 1318 2491 382 1318 2492 459 1319 2493 443 1319 2494 458 1319 2495 458 1320 2496 443 1320 2497 455 1320 2498 399 1321 2499 422 1321 2500 423 1321 2501 423 1322 2502 422 1322 2503 451 1322 2504 451 1323 2505 422 1323 2506 431 1323 2507 451 1324 2508 431 1324 2509 459 1324 2510 459 1325 2511 431 1325 2512 443 1325 2513 403 59 2514 416 59 2515 431 59 2516 431 59 2517 416 59 2518 443 59 2519 403 59 2520 382 59 2521 416 59 2522 399 59 2523 382 59 2524 403 59 2525 399 59 2526 423 59 2527 382 59 2528 534 1326 2529 515 1326 2530 524 1326 2531 470 1327 2532 467 1327 2533 456 1327 2534 497 47 2535 493 47 2536 471 47 2537 493 1328 2538 456 1328 2539 457 1328 2540 493 1329 2541 457 1329 2542 471 1329 2543 503 1330 2544 470 1330 2545 493 1330 2546 493 1331 2547 470 1331 2548 456 1331 2549 503 47 2550 524 47 2551 515 47 2552 503 1332 2553 515 1332 2554 470 1332 2555 519 1333 2556 497 1333 2557 482 1333 2558 482 1334 2559 497 1334 2560 471 1334 2561 524 1335 2562 503 1335 2563 519 1335 2564 519 47 2565 482 47 2566 524 47 2567 386 1336 2568 408 1336 2569 394 1336 2570 442 1337 2571 450 1337 2572 394 1337 2573 442 1338 2574 394 1338 2575 408 1338 2576 440 1339 2577 442 1339 2578 398 1339 2579 398 1340 2580 414 1340 2581 440 1340 2582 398 1341 2583 386 1341 2584 414 1341 2585 414 1342 2586 386 1342 2587 383 1342 2588 418 59 2589 409 59 2590 412 59 2591 455 1343 2592 444 1343 2593 435 1343 2594 435 1344 2595 444 1344 2596 412 1344 2597 418 59 2598 412 59 2599 444 59 2600 396 1345 2601 436 1345 2602 455 1345 2603 418 1346 2604 381 1346 2605 409 1346 2606 409 1347 2607 381 1347 2608 385 1347 2609 455 1348 2610 435 1348 2611 396 1348 2612 396 59 2613 435 59 2614 409 59 2615 409 59 2616 385 59 2617 396 59 2618 443 1349 2619 444 1349 2620 455 1349 2621 382 1350 2622 384 1350 2623 381 1350 2624 381 1351 2625 384 1351 2626 383 1351 2627 381 1352 2628 383 1352 2629 385 1352 2630 385 1353 2631 383 1353 2632 386 1353 2633 423 1354 2634 395 1355 2635 382 1356 2636 382 1357 2637 395 1358 2638 384 1359 2639 451 1360 2640 447 1361 2641 423 1362 2642 423 1363 2643 447 1364 2644 395 1365 2645 422 1366 2646 404 1367 2647 432 1368 2648 422 1369 2649 432 1370 2650 431 1371 2651 431 1372 2652 432 1373 2653 424 1374 2654 431 1375 2655 424 1376 2656 403 1377 2657 403 1378 2658 424 1379 2659 400 1380 2660 403 1381 2661 400 1382 2662 399 1383 2663 399 1384 2664 400 1385 2665 404 1386 2666 399 1387 2667 404 1388 2668 422 1389 2669 460 1390 2670 512 1390 2671 459 1390 2672 512 1391 2673 531 1391 2674 528 1391 2675 507 59 2676 516 59 2677 528 59 2678 473 1392 2679 459 1392 2680 486 1392 2681 512 59 2682 516 59 2683 494 59 2684 460 1393 2685 459 1393 2686 458 1393 2687 528 1394 2688 516 1394 2689 512 1394 2690 494 1395 2691 490 1395 2692 459 1395 2693 507 59 2694 486 59 2695 490 59 2696 512 1396 2697 494 1396 2698 459 1396 2699 459 1397 2700 490 1397 2701 486 1397 2702 507 1398 2703 528 1398 2704 486 1398 2705 385 1399 2706 386 1400 2707 394 1401 2708 385 1402 2709 394 1403 2710 396 1404 2711 455 1405 2712 436 1406 2713 450 1407 2714 450 1408 2715 436 1409 2716 394 1410 2717 394 1411 2718 436 1412 2719 396 1413 2720 412 1414 2721 411 1415 2722 413 1416 2723 412 1417 2724 413 1418 2725 435 1419 2726 435 1420 2727 413 1421 2728 409 1422 2729 409 1423 2730 413 1424 2731 410 1425 2732 409 1426 2733 410 1427 2734 411 1428 2735 409 1429 2736 411 1430 2737 412 1431 2738 532 1432 2739 527 1432 2740 498 1432 2741 476 1433 2742 464 1433 2743 484 1433 2744 484 1434 2745 521 1434 2746 476 1434 2747 478 1435 2748 485 1435 2749 484 1435 2750 527 1436 2751 526 1436 2752 521 1436 2753 527 47 2754 485 47 2755 498 47 2756 498 1437 2757 485 1437 2758 478 1437 2759 525 1438 2760 489 1438 2761 483 1438 2762 480 1439 2763 465 1439 2764 483 1439 2765 480 1440 2766 483 1440 2767 489 1440 2768 488 345 2769 525 345 2770 499 345 2771 499 1441 2772 525 1441 2773 533 1441 2774 472 1442 2775 480 1442 2776 488 1442 2777 488 1443 2778 499 1443 2779 472 1443 2780 528 1444 2781 522 1445 2782 486 1446 2783 486 1447 2784 522 1448 2785 481 1449 2786 486 1450 2787 481 1451 2788 473 1452 2789 473 1453 2790 481 1454 2791 461 1455 2792 473 1456 2793 461 1457 2794 459 1458 2795 507 1459 2796 495 1460 2797 517 1461 2798 507 1462 2799 517 1463 2800 516 1464 2801 516 1465 2802 517 1466 2803 509 1467 2804 516 1468 2805 509 1469 2806 494 1470 2807 494 1471 2808 509 1472 2809 491 1473 2810 494 1474 2811 491 1475 2812 490 1476 2813 490 1477 2814 491 1478 2815 495 1479 2816 490 1387 2817 495 1388 2818 507 1389 2819 462 1480 2820 476 1481 2821 479 1482 2822 479 1483 2823 476 1484 2824 521 1485 2825 462 1486 2826 464 1487 2827 476 1488 2828 479 1489 2829 521 1490 2830 523 1491 2831 523 1492 2832 521 1493 2833 526 1494 2834 523 1495 2835 526 1496 2836 527 1497 2837 505 1498 2838 504 1499 2839 506 1500 2840 505 1417 2841 506 1418 2842 520 1419 2843 520 1501 2844 506 1502 2845 501 1503 2846 501 1504 2847 506 1505 2848 502 1506 2849 501 1507 2850 502 1508 2851 504 1509 2852 501 1510 2853 504 1511 2854 505 1512 2855 461 1513 2856 466 1513 2857 459 1513 2858 451 1514 2859 459 1514 2860 447 1514 2861 447 1515 2862 459 1515 2863 454 1515 2864 454 1516 2865 459 1516 2866 457 1516 2867 454 1517 2868 457 1517 2869 452 1517 2870 471 1518 2871 457 1518 2872 469 1518 2873 469 1519 2874 457 1519 2875 466 1519 2876 466 1520 2877 457 1520 2878 459 1520 2879 523 1521 2880 527 1521 2881 532 1521 2882 531 1522 2883 532 1522 2884 528 1522 2885 528 1523 2886 532 1523 2887 522 1523 2888 462 1524 2889 513 1524 2890 463 1524 2891 513 1525 2892 505 1525 2893 532 1525 2894 532 1526 2895 505 1526 2896 520 1526 2897 532 1527 2898 520 1527 2899 523 1527 2900 479 1528 2901 523 1528 2902 501 1528 2903 501 1529 2904 523 1529 2905 520 1529 2906 479 1530 2907 501 1530 2908 462 1530 2909 462 1531 2910 501 1531 2911 513 1531 2912 513 59 2913 501 59 2914 505 59 2915 531 1532 2916 512 1532 2917 532 1532 2918 532 1533 2919 512 1533 2920 513 1533 2921 460 1534 2922 458 1534 2923 463 1534 2924 463 1535 2925 458 1535 2926 462 1535 2927 463 1536 2928 513 1536 2929 460 1536 2930 460 1537 2931 513 1537 2932 512 1537 2933 495 1538 2934 461 1538 2935 481 1538 2936 517 1539 2937 495 1539 2938 481 1539 2939 491 1540 2940 474 1540 2941 461 1540 2942 491 1541 2943 461 1541 2944 495 1541 2945 491 1542 2946 508 1542 2947 474 1542 2948 508 1543 2949 491 1543 2950 509 1543 2951 508 1544 2952 509 1544 2953 532 1544 2954 532 1545 2955 509 1545 2956 522 1545 2957 522 1546 2958 509 1546 2959 517 1546 2960 481 1547 2961 522 1547 2962 517 1547 2963 474 1548 2964 466 1549 2965 461 1550 2966 474 1551 2967 478 1552 2968 466 1553 2969 508 1554 2970 498 1555 2971 474 1556 2972 474 1557 2973 498 1558 2974 478 1559 2975 508 1560 2976 532 1560 2977 498 1560 2978 482 1561 2979 487 1562 2980 524 1563 2981 524 1564 2982 487 1565 2983 530 1566 2984 471 1567 2985 469 1568 2986 482 1569 2987 482 1570 2988 469 1571 2989 487 1572 2990 497 1573 2991 511 1574 2992 492 1575 2993 497 1576 2994 492 1577 2995 493 1578 2996 493 1579 2997 492 1580 2998 496 1581 2999 493 1582 3000 496 1583 3001 503 1584 3002 503 1585 3003 496 1586 3004 518 1587 3005 503 1588 3006 518 1589 3007 519 1590 3008 519 1591 3009 518 1592 3010 511 1593 3011 519 1594 3012 511 1595 3013 497 1596 3014 467 1597 3015 477 1598 3016 465 1599 3017 465 1600 3018 477 1601 3019 483 1602 3020 483 1603 3021 477 1604 3022 510 1605 3023 529 1606 3024 525 1607 3025 483 1608 3026 529 1609 3027 483 1610 3028 510 1611 3029 446 1612 3030 421 1612 3031 457 1612 3032 421 1613 3033 391 1613 3034 392 1613 3035 406 47 3036 402 47 3037 392 47 3038 457 1614 3039 397 1614 3040 448 1614 3041 446 1615 3042 457 1615 3043 456 1615 3044 392 1616 3045 402 1616 3046 421 1616 3047 421 47 3048 402 47 3049 430 47 3050 430 1617 3051 434 1617 3052 457 1617 3053 397 47 3054 434 47 3055 406 47 3056 421 1618 3057 430 1618 3058 457 1618 3059 397 1619 3060 457 1619 3061 434 1619 3062 406 1620 3063 392 1620 3064 397 1620 3065 525 1621 3066 529 1621 3067 533 1621 3068 533 1622 3069 529 1622 3070 534 1622 3071 533 1623 3072 534 1623 3073 530 1623 3074 530 1624 3075 534 1624 3076 524 1624 3077 514 47 3078 506 47 3079 504 47 3080 510 1625 3081 477 1625 3082 467 1625 3083 467 1626 3084 502 1626 3085 510 1626 3086 510 47 3087 502 47 3088 506 47 3089 514 1627 3090 534 1627 3091 506 1627 3092 506 1628 3093 534 1628 3094 529 1628 3095 514 47 3096 504 47 3097 468 47 3098 467 1629 3099 468 1629 3100 502 1629 3101 502 47 3102 468 47 3103 504 47 3104 506 47 3105 529 47 3106 510 47 3107 515 1630 3108 534 1630 3109 514 1630 3110 470 1631 3111 468 1631 3112 467 1631 3113 470 1632 3114 515 1632 3115 468 1632 3116 468 1633 3117 515 1633 3118 514 1633 3119 500 1634 3120 469 1634 3121 475 1634 3122 533 1635 3123 518 1635 3124 500 1635 3125 500 59 3126 518 59 3127 496 59 3128 511 1636 3129 487 1636 3130 492 1636 3131 511 59 3132 518 59 3133 530 59 3134 530 1637 3135 518 1637 3136 533 1637 3137 496 1638 3138 492 1638 3139 469 1638 3140 511 59 3141 530 59 3142 487 59 3143 500 1639 3144 496 1639 3145 469 1639 3146 469 1640 3147 492 1640 3148 487 1640 3149 499 1641 3150 500 1642 3151 472 1643 3152 472 1644 3153 500 1645 3154 475 1646 3155 469 1647 3156 472 1648 3157 475 1649 3158 466 1650 3159 472 1651 3160 469 1652 3161 533 1653 3162 500 1653 3163 499 1653 3164 465 1654 3165 466 1655 3166 464 1656 3167 478 1657 3168 464 1658 3169 466 1659 3170 484 1660 3171 464 1661 3172 478 1662 3173 480 1663 3174 472 1664 3175 465 1665 3176 465 1666 3177 472 1667 3178 466 1668 3179 484 1669 3180 480 1670 3181 489 1671 3182 484 1672 3183 489 1673 3184 521 1674 3185 521 1675 3186 489 1676 3187 525 1677 3188 521 1678 3189 525 1679 3190 527 1680 3191 527 1681 3192 525 1682 3193 488 1683 3194 527 1684 3195 488 1685 3196 485 1686 3197 485 1687 3198 488 1688 3199 480 1689 3200 485 1690 3201 480 1691 3202 484 1692 3203 450 1693 3204 449 1693 3205 467 1693 3206 456 1694 3207 467 1694 3208 449 1694 3209 462 1695 3210 458 1695 3211 464 1695 3212 450 1696 3213 467 1696 3214 465 1696 3215 450 1697 3216 465 1697 3217 455 1697 3218 455 1698 3219 465 1698 3220 464 1698 3221 464 1699 3222 458 1699 3223 455 1699 3224 453 1700 3225 456 1700 3226 449 1700 3227 416 1701 3228 381 1701 3229 418 1701 3230 416 1702 3231 418 1702 3232 443 1702 3233 443 1703 3234 418 1703 3235 444 1703 3236 417 1704 3237 447 1704 3238 439 1704 3239 383 1705 3240 400 1705 3241 417 1705 3242 417 47 3243 400 47 3244 424 47 3245 404 47 3246 400 47 3247 384 47 3248 384 1706 3249 400 1706 3250 383 1706 3251 404 1707 3252 395 1707 3253 432 1707 3254 424 1708 3255 432 1708 3256 447 1708 3257 404 47 3258 384 47 3259 395 47 3260 417 1709 3261 424 1709 3262 447 1709 3263 447 1710 3264 432 1710 3265 395 1710 3266 383 1711 3267 417 1711 3268 414 1711 3269 447 1712 3270 454 1713 3271 439 1714 3272 439 1715 3273 454 1716 3274 440 1717 3275 439 1718 3276 440 1719 3277 417 1720 3278 417 1721 3279 440 1722 3280 414 1723 3281 388 1724 3282 387 1724 3283 415 1724 3284 437 1725 3285 449 1725 3286 426 1725 3287 425 1726 3288 437 1726 3289 426 1726 3290 441 1727 3291 407 1727 3292 426 1727 3293 387 59 3294 407 59 3295 415 59 3296 407 1728 3297 441 1728 3298 415 1728 3299 387 1729 3300 393 1729 3301 425 1729 3302 392 1730 3303 390 1731 3304 397 1732 3305 397 1733 3306 390 1734 3307 429 1735 3308 397 1736 3309 429 1737 3310 448 1738 3311 448 1739 3312 429 1740 3313 452 1741 3314 448 1742 3315 452 1743 3316 457 1744 3317 406 1745 3318 428 1746 3319 401 1747 3320 406 1748 3321 401 1749 3322 402 1750 3323 402 1751 3324 401 1752 3325 405 1753 3326 402 1754 3327 405 1755 3328 430 1756 3329 430 1757 3330 405 1758 3331 433 1759 3332 430 1760 3333 433 1761 3334 434 1762 3335 434 1763 3336 433 1764 3337 428 1765 3338 434 1594 3339 428 1595 3340 406 1596 3341 453 1766 3342 437 1767 3343 427 1768 3344 427 1769 3345 437 1770 3346 425 1771 3347 453 1772 3348 449 1773 3349 437 1774 3350 427 1775 3351 425 1776 3352 389 1777 3353 389 1778 3354 425 1779 3355 393 1780 3356 389 1781 3357 393 1782 3358 387 1783 3359 389 1784 3360 387 1784 3361 388 1784 3362 391 1785 3363 388 1785 3364 392 1785 3365 392 1786 3366 388 1786 3367 390 1786 3368 419 47 3369 413 47 3370 411 47 3371 413 1787 3372 389 1787 3373 410 1787 3374 413 1788 3375 427 1788 3376 389 1788 3377 419 1789 3378 411 1789 3379 388 1789 3380 453 1790 3381 413 1790 3382 419 1790 3383 453 1791 3384 419 1791 3385 445 1791 3386 388 1792 3387 411 1792 3388 410 1792 3389 388 1793 3390 410 1793 3391 389 1793 3392 427 1794 3393 413 1794 3394 453 1794 3395 391 1795 3396 421 1795 3397 388 1795 3398 388 1796 3399 421 1796 3400 419 1796 3401 446 1797 3402 456 1797 3403 445 1797 3404 445 1798 3405 456 1798 3406 453 1798 3407 445 1799 3408 419 1799 3409 446 1799 3410 446 1800 3411 419 1800 3412 421 1800 3413 433 1801 3414 438 1801 3415 452 1801 3416 433 1802 3417 452 1802 3418 428 1802 3419 428 1803 3420 429 1803 3421 401 1803 3422 433 1804 3423 420 1804 3424 438 1804 3425 420 1805 3426 433 1805 3427 405 1805 3428 420 1806 3429 405 1806 3430 388 1806 3431 429 1807 3432 428 1807 3433 452 1807 3434 388 1808 3435 405 1808 3436 390 1808 3437 390 1809 3438 405 1809 3439 401 1809 3440 429 1810 3441 390 1810 3442 401 1810 3443 438 1811 3444 441 1812 3445 452 1813 3446 452 1814 3447 441 1815 3448 454 1816 3449 420 1817 3450 415 1818 3451 438 1819 3452 438 1820 3453 415 1821 3454 441 1822 3455 420 1823 3456 388 1823 3457 415 1823 3458 426 1824 3459 449 1825 3460 441 1826 3461 450 1827 3462 454 1828 3463 449 1829 3464 449 1830 3465 454 1831 3466 441 1832 3467 450 1833 3468 440 1834 3469 454 1835 3470 442 1836 3471 440 1837 3472 450 1838 3473 426 1839 3474 442 1840 3475 408 1841 3476 426 1842 3477 408 1843 3478 425 1844 3479 425 1845 3480 408 1846 3481 386 1847 3482 425 1848 3483 386 1849 3484 387 1850 3485 387 1851 3486 386 1852 3487 398 1853 3488 387 1854 3489 398 1855 3490 407 1856 3491 407 1857 3492 398 1858 3493 442 1859 3494 407 1860 3495 442 1861 3496 426 1862 3497</p>
        </triangles>
        <triangles material="Shape_245-material" count="336">
          <input semantic="VERTEX" source="#Shape_IndexedFaceSet_270-mesh-vertices" offset="0"/>
          <input semantic="NORMAL" source="#Shape_IndexedFaceSet_270-mesh-normals" offset="1"/>
          <input semantic="TEXCOORD" source="#Shape_IndexedFaceSet_270-mesh-map-0" offset="2" set="0"/>
          <p>535 1863 3498 569 1863 3499 536 1863 3500 557 1864 3501 569 1864 3502 584 1864 3503 584 59 3504 569 59 3505 597 59 3506 553 1865 3507 575 1865 3508 576 1865 3509 576 59 3510 575 59 3511 605 59 3512 605 1866 3513 575 1866 3514 584 1866 3515 605 1867 3516 584 1867 3517 613 1867 3518 613 1868 3519 584 1868 3520 597 1868 3521 613 1869 3522 597 1869 3523 612 1869 3524 612 1870 3525 597 1870 3526 609 1870 3527 569 1871 3528 557 1871 3529 536 1871 3530 536 1872 3531 557 1872 3532 553 1872 3533 553 778 3534 576 778 3535 536 778 3536 688 1873 3537 670 1873 3538 678 1873 3539 624 1874 3540 621 1874 3541 610 1874 3542 651 1875 3543 647 1875 3544 625 1875 3545 625 1876 3546 647 1876 3547 611 1876 3548 657 47 3549 624 47 3550 647 47 3551 647 1877 3552 624 1877 3553 610 1877 3554 611 1878 3555 647 1878 3556 610 1878 3557 657 47 3558 670 47 3559 624 47 3560 670 47 3561 657 47 3562 678 47 3563 674 1879 3564 651 1879 3565 636 1879 3566 636 47 3567 651 47 3568 625 47 3569 678 788 3570 657 788 3571 674 788 3572 674 1880 3573 636 1880 3574 678 1880 3575 540 47 3576 562 47 3577 548 47 3578 594 1881 3579 596 1881 3580 552 1881 3581 596 1882 3582 604 1882 3583 562 1882 3584 562 1883 3585 604 1883 3586 548 1883 3587 594 1884 3588 552 1884 3589 567 1884 3590 552 47 3591 540 47 3592 567 47 3593 567 1885 3594 540 1885 3595 537 1885 3596 550 1886 3597 590 1886 3598 609 1886 3599 571 1887 3600 563 1887 3601 598 1887 3602 609 1888 3603 598 1888 3604 588 1888 3605 588 1889 3606 598 1889 3607 563 1889 3608 565 59 3609 550 59 3610 588 59 3611 588 1890 3612 550 1890 3613 609 1890 3614 571 1891 3615 535 1891 3616 563 1891 3617 563 1892 3618 535 1892 3619 539 1892 3620 563 59 3621 539 59 3622 565 59 3623 565 59 3624 539 59 3625 550 59 3626 597 1893 3627 598 1893 3628 609 1893 3629 536 1894 3630 538 1894 3631 535 1894 3632 535 802 3633 538 802 3634 537 802 3635 535 1895 3636 537 1895 3637 539 1895 3638 539 1896 3639 537 1896 3640 540 1896 3641 576 1897 3642 549 1898 3643 536 1899 3644 536 1900 3645 549 1901 3646 538 1902 3647 605 1903 3648 601 1904 3649 576 1905 3650 576 1906 3651 601 1907 3652 549 1908 3653 575 1909 3654 558 1910 3655 585 1911 3656 575 1912 3657 585 1913 3658 584 1914 3659 584 1915 3660 585 1916 3661 577 1917 3662 584 1918 3663 577 1919 3664 557 1920 3665 557 1921 3666 577 1922 3667 554 1923 3668 557 1924 3669 554 1925 3670 553 1926 3671 553 1927 3672 554 1928 3673 558 1929 3674 553 1930 3675 558 1931 3676 575 1932 3677 614 1933 3678 667 1933 3679 613 1933 3680 667 842 3681 685 842 3682 682 842 3683 662 1934 3684 671 1934 3685 682 1934 3686 612 1935 3687 614 1935 3688 613 1935 3689 667 59 3690 671 59 3691 648 59 3692 640 1936 3693 627 1936 3694 613 1936 3695 662 59 3696 640 59 3697 644 59 3698 682 1937 3699 671 1937 3700 667 1937 3701 648 1938 3702 613 1938 3703 667 1938 3704 613 1939 3705 648 1939 3706 644 1939 3707 613 1940 3708 644 1940 3709 640 1940 3710 662 59 3711 682 59 3712 640 59 3713 539 1941 3714 540 1942 3715 548 1943 3716 539 1944 3717 548 1945 3718 550 1946 3719 609 1947 3720 590 1948 3721 604 1949 3722 604 1950 3723 590 1951 3724 548 1952 3725 548 1953 3726 590 1954 3727 550 1955 3728 563 1956 3729 566 1957 3730 589 1958 3731 563 1959 3732 589 1960 3733 588 1961 3734 588 1962 3735 589 1963 3736 564 1964 3737 588 1965 3738 564 1966 3739 565 1967 3740 565 1968 3741 564 1969 3742 563 1970 3743 563 1971 3744 564 1972 3745 566 1973 3746 686 1974 3747 681 1974 3748 652 1974 3749 630 1975 3750 618 1975 3751 638 1975 3752 638 1976 3753 675 1976 3754 630 1976 3755 632 1977 3756 639 1977 3757 638 1977 3758 681 47 3759 680 47 3760 675 47 3761 681 1978 3762 639 1978 3763 652 1978 3764 639 1979 3765 632 1979 3766 652 1979 3767 679 59 3768 643 59 3769 637 59 3770 634 1980 3771 619 1980 3772 643 1980 3773 643 1981 3774 619 1981 3775 637 1981 3776 626 1982 3777 634 1982 3778 642 1982 3779 642 59 3780 679 59 3781 653 59 3782 653 1983 3783 679 1983 3784 687 1983 3785 642 1984 3786 653 1984 3787 626 1984 3788 682 1985 3789 676 1986 3790 640 1987 3791 640 1988 3792 676 1989 3793 635 1990 3794 640 1991 3795 635 1992 3796 627 1993 3797 627 1994 3798 635 1995 3799 615 1996 3800 627 1997 3801 615 1998 3802 613 1999 3803 662 2000 3804 649 2001 3805 672 2002 3806 662 2003 3807 672 2004 3808 671 2005 3809 671 2006 3810 672 2007 3811 664 2008 3812 671 2009 3813 664 2010 3814 648 2011 3815 648 2012 3816 664 2013 3817 645 2014 3818 648 2015 3819 645 2016 3820 644 2017 3821 644 2018 3822 645 2019 3823 649 2020 3824 644 2021 3825 649 2022 3826 662 2023 3827 616 2024 3828 630 2025 3829 633 2026 3830 633 2027 3831 630 2028 3832 675 2029 3833 616 2030 3834 618 2031 3835 630 2032 3836 633 2033 3837 675 2034 3838 677 2035 3839 677 2036 3840 675 2037 3841 680 2038 3842 677 2039 3843 680 2040 3844 681 2041 3845 660 2042 3846 659 2043 3847 658 2044 3848 658 2045 3849 659 2046 3850 661 2047 3851 658 2048 3852 661 2049 3853 656 2050 3854 658 2051 3855 656 2052 3856 655 2053 3857 655 2054 3858 656 2055 3859 659 2056 3860 655 2057 3861 659 2058 3862 660 2059 3863 615 2060 3864 620 2060 3865 613 2060 3866 605 2061 3867 613 2061 3868 601 2061 3869 601 2062 3870 613 2062 3871 608 2062 3872 608 2063 3873 613 2063 3874 611 2063 3875 608 2064 3876 611 2064 3877 606 2064 3878 625 2065 3879 611 2065 3880 623 2065 3881 623 2066 3882 611 2066 3883 620 2066 3884 620 2067 3885 611 2067 3886 613 2067 3887 677 2068 3888 681 2068 3889 686 2068 3890 685 977 3891 686 977 3892 682 977 3893 682 2069 3894 686 2069 3895 676 2069 3896 668 2070 3897 617 2070 3898 616 2070 3899 660 2071 3900 686 2071 3901 668 2071 3902 633 2072 3903 677 2072 3904 658 2072 3905 686 2073 3906 660 2073 3907 658 2073 3908 686 2074 3909 658 2074 3910 677 2074 3911 633 2075 3912 658 2075 3913 616 2075 3914 658 2076 3915 655 2076 3916 616 2076 3917 616 2077 3918 655 2077 3919 668 2077 3920 668 59 3921 655 59 3922 660 59 3923 685 2078 3924 667 2078 3925 686 2078 3926 686 2079 3927 667 2079 3928 668 2079 3929 614 2080 3930 612 2080 3931 617 2080 3932 617 2081 3933 612 2081 3934 616 2081 3935 617 2082 3936 668 2082 3937 614 2082 3938 614 2083 3939 668 2083 3940 667 2083 3941 645 2084 3942 628 2084 3943 615 2084 3944 645 2085 3945 615 2085 3946 649 2085 3947 645 2086 3948 663 2086 3949 628 2086 3950 649 47 3951 635 47 3952 672 47 3953 663 47 3954 645 47 3955 664 47 3956 663 2087 3957 664 2087 3958 686 2087 3959 635 2088 3960 649 2088 3961 615 2088 3962 686 2089 3963 664 2089 3964 676 2089 3965 676 2090 3966 664 2090 3967 672 2090 3968 635 47 3969 676 47 3970 672 47 3971 628 2091 3972 620 2092 3973 615 2093 3974 628 2094 3975 632 2095 3976 620 2096 3977 663 2097 3978 652 2098 3979 628 2099 3980 628 2100 3981 652 2101 3982 632 2102 3983 663 2103 3984 686 2103 3985 652 2103 3986 636 2104 3987 641 2105 3988 678 2106 3989 678 2107 3990 641 2108 3991 684 2109 3992 625 2110 3993 623 2111 3994 636 2112 3995 636 2113 3996 623 2114 3997 641 2115 3998 651 2116 3999 666 2117 4000 646 2118 4001 651 2119 4002 646 2120 4003 647 2121 4004 647 2122 4005 646 2123 4006 650 2124 4007 647 2125 4008 650 2126 4009 657 2127 4010 657 2128 4011 650 2129 4012 673 2130 4013 657 2131 4014 673 2132 4015 674 2133 4016 674 2134 4017 673 2135 4018 666 2136 4019 674 2137 4020 666 2138 4021 651 2139 4022 621 2140 4023 631 2141 4024 619 2142 4025 619 2143 4026 631 2144 4027 637 2145 4028 637 2146 4029 631 2147 4030 665 2148 4031 683 2149 4032 679 2150 4033 637 2151 4034 683 2152 4035 637 2153 4036 665 2154 4037 600 2155 4038 574 2155 4039 611 2155 4040 574 1061 4041 545 1061 4042 546 1061 4043 560 2156 4044 556 2156 4045 546 2156 4046 602 2157 4047 611 2157 4048 551 2157 4049 600 2158 4050 611 2158 4051 610 2158 4052 546 2159 4053 556 2159 4054 574 2159 4055 574 47 4056 556 47 4057 583 47 4058 583 2160 4059 587 2160 4060 611 2160 4061 560 47 4062 551 47 4063 587 47 4064 611 2161 4065 587 2161 4066 551 2161 4067 560 47 4068 546 47 4069 551 47 4070 574 2162 4071 583 2162 4072 611 2162 4073 679 2163 4074 683 2163 4075 687 2163 4076 687 2164 4077 683 2164 4078 688 2164 4079 687 2165 4080 688 2165 4081 684 2165 4082 684 2166 4083 688 2166 4084 678 2166 4085 631 2167 4086 621 2167 4087 665 2167 4088 669 2168 4089 659 2168 4090 622 2168 4091 621 2169 4092 622 2169 4093 656 2169 4094 656 2170 4095 622 2170 4096 659 2170 4097 621 2171 4098 656 2171 4099 665 2171 4100 665 47 4101 656 47 4102 661 47 4103 659 47 4104 683 47 4105 661 47 4106 661 47 4107 683 47 4108 665 47 4109 669 2172 4110 688 2172 4111 659 2172 4112 659 2173 4113 688 2173 4114 683 2173 4115 670 2174 4116 688 2174 4117 669 2174 4118 624 2175 4119 622 2175 4120 621 2175 4121 624 2176 4122 670 2176 4123 622 2176 4124 622 2177 4125 670 2177 4126 669 2177 4127 654 2178 4128 623 2178 4129 629 2178 4130 687 2179 4131 673 2179 4132 654 2179 4133 654 59 4134 673 59 4135 650 59 4136 666 59 4137 641 59 4138 646 59 4139 666 59 4140 684 59 4141 641 59 4142 666 1090 4143 673 1090 4144 684 1090 4145 684 2180 4146 673 2180 4147 687 2180 4148 650 2181 4149 646 2181 4150 623 2181 4151 623 2182 4152 646 2182 4153 641 2182 4154 654 2183 4155 650 2183 4156 623 2183 4157 653 2184 4158 654 2185 4159 626 2186 4160 626 2187 4161 654 2188 4162 629 2189 4163 623 2190 4164 626 2191 4165 629 2192 4166 620 2193 4167 626 2194 4168 623 2195 4169 687 2196 4170 654 2196 4171 653 2196 4172 619 2197 4173 620 2198 4174 618 2199 4175 632 2200 4176 618 2201 4177 620 2202 4178 638 2203 4179 618 2204 4180 632 2205 4181 634 2206 4182 626 2207 4183 619 2208 4184 619 2209 4185 626 2210 4186 620 2211 4187 638 2212 4188 634 2213 4189 643 2214 4190 638 2215 4191 643 2216 4192 675 2217 4193 675 2218 4194 643 2219 4195 679 2220 4196 675 2221 4197 679 2222 4198 681 2223 4199 681 2224 4200 679 2225 4201 642 2226 4202 681 2227 4203 642 2228 4204 639 2229 4205 639 2230 4206 642 2231 4207 634 2232 4208 639 2233 4209 634 2234 4210 638 2235 4211 604 2236 4212 603 2236 4213 621 2236 4214 610 2237 4215 621 2237 4216 603 2237 4217 616 2238 4218 612 2238 4219 618 2238 4220 604 2239 4221 621 2239 4222 619 2239 4223 604 2240 4224 619 2240 4225 609 2240 4226 609 2241 4227 619 2241 4228 618 2241 4229 618 2242 4230 612 2242 4231 609 2242 4232 607 2243 4233 610 2243 4234 603 2243 4235 569 2244 4236 535 2244 4237 571 2244 4238 569 2245 4239 571 2245 4240 597 2245 4241 597 2246 4242 571 2246 4243 598 2246 4244 601 2247 4245 593 2247 4246 570 2247 4247 554 2248 4248 537 2248 4249 538 2248 4250 554 2249 4251 538 2249 4252 558 2249 4253 558 47 4254 549 47 4255 585 47 4256 537 2250 4257 554 2250 4258 570 2250 4259 570 47 4260 554 47 4261 577 47 4262 558 47 4263 538 47 4264 549 47 4265 577 2251 4266 585 2251 4267 601 2251 4268 570 2252 4269 577 2252 4270 601 2252 4271 601 2253 4272 585 2253 4273 549 2253 4274 537 2254 4275 570 2254 4276 567 2254 4277 601 2255 4278 608 2256 4279 593 2257 4280 593 2258 4281 608 2259 4282 594 2260 4283 593 2261 4284 594 2262 4285 570 2263 4286 570 2264 4287 594 2265 4288 567 2266 4289 542 2267 4290 541 2267 4291 568 2267 4292 591 2268 4293 603 2268 4294 579 2268 4295 595 2269 4296 561 2269 4297 579 2269 4298 578 2270 4299 591 2270 4300 579 2270 4301 541 59 4302 547 59 4303 578 59 4304 595 2271 4305 568 2271 4306 561 2271 4307 561 59 4308 568 59 4309 541 59 4310 546 2272 4311 544 2273 4312 551 2274 4313 551 2275 4314 544 2276 4315 582 2277 4316 551 2278 4317 582 2279 4318 602 2280 4319 602 2281 4320 582 2282 4321 606 2283 4322 602 2284 4323 606 2285 4324 611 2286 4325 560 2287 4326 581 2288 4327 555 2289 4328 560 2290 4329 555 2291 4330 556 2292 4331 556 2293 4332 555 2294 4333 559 2295 4334 556 2296 4335 559 2297 4336 583 2298 4337 583 2299 4338 559 2300 4339 586 2301 4340 583 2302 4341 586 2303 4342 587 2304 4343 587 2305 4344 586 2306 4345 581 2307 4346 587 2308 4347 581 2309 4348 560 2310 4349 607 2311 4350 591 2312 4351 580 2313 4352 580 2314 4353 591 2315 4354 578 2316 4355 607 2317 4356 603 2318 4357 591 2319 4358 580 2320 4359 578 2321 4360 543 2322 4361 543 2323 4362 578 2324 4363 547 2325 4364 543 2326 4365 547 2327 4366 541 2328 4367 543 2329 4368 541 2329 4369 542 2329 4370 545 1242 4371 542 1242 4372 546 1242 4373 546 2330 4374 542 2330 4375 544 2330 4376 607 2331 4377 572 2331 4378 599 2331 4379 580 47 4380 543 47 4381 564 47 4382 566 2332 4383 542 2332 4384 572 2332 4385 542 2333 4386 566 2333 4387 564 2333 4388 542 2334 4389 564 2334 4390 543 2334 4391 580 2335 4392 564 2335 4393 607 2335 4394 607 2336 4395 564 2336 4396 589 2336 4397 607 2337 4398 589 2337 4399 572 2337 4400 572 47 4401 589 47 4402 566 47 4403 545 2338 4404 574 2338 4405 542 2338 4406 542 2339 4407 574 2339 4408 572 2339 4409 600 2340 4410 610 2340 4411 599 2340 4412 599 2341 4413 610 2341 4414 607 2341 4415 599 2342 4416 572 2342 4417 600 2342 4418 600 2343 4419 572 2343 4420 574 2343 4421 581 2344 4422 606 2344 4423 582 2344 4424 586 2345 4425 592 2345 4426 606 2345 4427 586 2346 4428 606 2346 4429 581 2346 4430 555 2347 4431 581 2347 4432 582 2347 4433 586 2348 4434 573 2348 4435 592 2348 4436 573 59 4437 586 59 4438 559 59 4439 573 2349 4440 559 2349 4441 542 2349 4442 582 59 4443 544 59 4444 555 59 4445 542 2350 4446 559 2350 4447 544 2350 4448 555 2351 4449 544 2351 4450 559 2351 4451 592 2352 4452 595 2353 4453 606 2354 4454 606 2355 4455 595 2356 4456 608 2357 4457 573 2358 4458 568 2359 4459 592 2360 4460 592 2361 4461 568 2362 4462 595 2363 4463 573 2364 4464 542 2364 4465 568 2364 4466 579 2365 4467 603 2366 4468 595 2367 4469 604 2368 4470 608 2369 4471 603 2370 4472 603 2371 4473 608 2372 4474 595 2373 4475 604 2374 4476 594 2375 4477 608 2376 4478 596 2377 4479 594 2378 4480 604 2379 4481 579 2380 4482 596 2381 4483 562 2382 4484 579 2383 4485 562 2384 4486 578 2385 4487 578 2386 4488 562 2387 4489 540 2388 4490 578 2389 4491 540 2390 4492 541 2391 4493 541 2392 4494 540 2393 4495 552 2394 4496 541 2395 4497 552 2396 4498 561 2397 4499 561 2398 4500 552 2399 4501 596 2400 4502 561 2401 4503 596 2402 4504 579 2403 4505</p>
        </triangles>
        <triangles material="Shape_246-material" count="334">
          <input semantic="VERTEX" source="#Shape_IndexedFaceSet_270-mesh-vertices" offset="0"/>
          <input semantic="NORMAL" source="#Shape_IndexedFaceSet_270-mesh-normals" offset="1"/>
          <input semantic="TEXCOORD" source="#Shape_IndexedFaceSet_270-mesh-map-0" offset="2" set="0"/>
          <p>689 2404 4506 724 2404 4507 690 2404 4508 767 2405 4509 752 2405 4510 764 2405 4511 708 59 4512 730 59 4513 731 59 4514 731 59 4515 730 59 4516 750 59 4517 730 59 4518 739 59 4519 750 59 4520 750 2406 4521 739 2406 4522 767 2406 4523 767 2407 4524 739 2407 4525 752 2407 4526 712 59 4527 724 59 4528 739 59 4529 739 59 4530 724 59 4531 752 59 4532 712 59 4533 690 59 4534 724 59 4535 690 2408 4536 712 2408 4537 708 2408 4538 731 2409 4539 690 2409 4540 708 2409 4541 841 2410 4542 823 2410 4543 831 2410 4544 778 2411 4545 775 2411 4546 765 2411 4547 779 2412 4548 801 2412 4549 766 2412 4550 766 2413 4551 801 2413 4552 765 2413 4553 810 2414 4554 778 2414 4555 801 2414 4556 801 2415 4557 778 2415 4558 765 2415 4559 827 2416 4560 801 2416 4561 793 2416 4562 793 2417 4563 801 2417 4564 779 2417 4565 810 47 4566 823 47 4567 778 47 4568 810 47 4569 831 47 4570 823 47 4571 831 2418 4572 810 2418 4573 827 2418 4574 793 47 4575 831 47 4576 827 47 4577 716 47 4578 702 47 4579 694 47 4580 751 2419 4581 759 2419 4582 716 2419 4583 716 2420 4584 759 2420 4585 702 2420 4586 748 2421 4587 751 2421 4588 707 2421 4589 707 2422 4590 722 2422 4591 748 2422 4592 707 47 4593 694 47 4594 722 47 4595 722 2423 4596 694 2423 4597 691 2423 4598 726 59 4599 717 59 4600 720 59 4601 763 2424 4602 753 2424 4603 743 2424 4604 743 59 4605 753 59 4606 720 59 4607 726 59 4608 720 59 4609 753 59 4610 726 2425 4611 689 2425 4612 717 2425 4613 717 2426 4614 689 2426 4615 693 2426 4616 763 2427 4617 743 2427 4618 733 2427 4619 733 59 4620 743 59 4621 717 59 4622 733 59 4623 717 59 4624 693 59 4625 752 2428 4626 753 2428 4627 764 2428 4628 764 2429 4629 753 2429 4630 763 2429 4631 690 2430 4632 692 2430 4633 689 2430 4634 689 2431 4635 692 2431 4636 691 2431 4637 689 2432 4638 691 2432 4639 693 2432 4640 693 2433 4641 691 2433 4642 694 2433 4643 731 2434 4644 705 2435 4645 690 2436 4646 690 2437 4647 705 2438 4648 692 2439 4649 750 2440 4650 757 2441 4651 705 2442 4652 750 2443 4653 705 2444 4654 731 2445 4655 730 2446 4656 713 2447 4657 740 2448 4658 730 2449 4659 740 2450 4660 739 2451 4661 739 2452 4662 740 2453 4663 732 2454 4664 739 2455 4665 732 2456 4666 712 2457 4667 712 2458 4668 732 2459 4669 709 2460 4670 712 2461 4671 709 2462 4672 708 2463 4673 708 2464 4674 709 2465 4675 713 2466 4676 708 2467 4677 713 2468 4678 730 2469 4679 769 2470 4680 820 2470 4681 767 2470 4682 820 2471 4683 838 2471 4684 835 2471 4685 815 2472 4686 824 2472 4687 835 2472 4688 795 2473 4689 781 2473 4690 767 2473 4691 769 2474 4692 767 2474 4693 764 2474 4694 769 2475 4695 764 2475 4696 768 2475 4697 820 59 4698 824 59 4699 802 59 4700 835 59 4701 824 59 4702 820 59 4703 795 59 4704 798 59 4705 815 59 4706 815 2476 4707 835 2476 4708 795 2476 4709 767 2477 4710 802 2477 4711 798 2477 4712 795 2478 4713 767 2478 4714 798 2478 4715 820 2479 4716 802 2479 4717 767 2479 4718 693 2480 4719 694 2481 4720 702 2482 4721 693 2483 4722 702 2484 4723 733 2485 4724 763 2486 4725 733 2487 4726 759 2488 4727 759 2489 4728 733 2490 4729 702 2491 4730 720 2492 4731 719 2493 4732 721 2494 4733 720 2495 4734 721 2496 4735 743 2497 4736 743 2498 4737 721 2499 4738 717 2500 4739 717 2501 4740 721 2502 4741 718 2503 4742 717 2504 4743 718 2505 4744 719 2506 4745 717 2507 4746 719 2508 4747 720 2509 4748 839 2510 4749 837 2510 4750 805 2510 4751 784 2511 4752 772 2511 4753 791 2511 4754 794 47 4755 818 47 4756 784 47 4757 794 2512 4758 784 2512 4759 791 2512 4760 818 47 4761 794 47 4762 829 47 4763 829 47 4764 812 47 4765 837 47 4766 837 2513 4767 812 2513 4768 805 2513 4769 791 2514 4770 786 2514 4771 812 2514 4772 829 2515 4773 837 2515 4774 818 2515 4775 805 2516 4776 812 2516 4777 786 2516 4778 797 59 4779 790 59 4780 832 59 4781 788 2517 4782 773 2517 4783 797 2517 4784 797 2518 4785 773 2518 4786 790 2518 4787 796 59 4788 832 59 4789 806 59 4790 806 2519 4791 832 2519 4792 840 2519 4793 780 2520 4794 788 2520 4795 796 2520 4796 796 2521 4797 806 2521 4798 780 2521 4799 835 2522 4800 830 2523 4801 795 2524 4802 795 2525 4803 830 2526 4804 789 2527 4805 795 2528 4806 789 2529 4807 781 2530 4808 781 2531 4809 789 2532 4810 770 2533 4811 781 2534 4812 770 2535 4813 767 2536 4814 815 2537 4815 803 2538 4816 825 2539 4817 815 2540 4818 825 2541 4819 824 2542 4820 824 2543 4821 825 2544 4822 817 2545 4823 824 2546 4824 817 2547 4825 802 2548 4826 802 2549 4827 817 2550 4828 799 2551 4829 802 2552 4830 799 2553 4831 798 2554 4832 798 2555 4833 799 2556 4834 803 2557 4835 798 2558 4836 803 2559 4837 815 2560 4838 768 2561 4839 784 2562 4840 787 2563 4841 787 2564 4842 784 2565 4843 818 2566 4844 768 2567 4845 772 2568 4846 784 2569 4847 787 2570 4848 818 2571 4849 833 2572 4850 833 2573 4851 818 2574 4852 837 2575 4853 813 2576 4854 811 2577 4855 814 2578 4856 813 2579 4857 814 2580 4858 828 2581 4859 828 2582 4860 814 2583 4861 808 2500 4862 808 2584 4863 814 2585 4864 809 2586 4865 808 2587 4866 809 2588 4867 811 2589 4868 808 2590 4869 811 2591 4870 813 2592 4871 779 2593 4872 766 2593 4873 777 2593 4874 777 2594 4875 766 2594 4876 774 2594 4877 757 2595 4878 767 2595 4879 762 2595 4880 766 2596 4881 760 2596 4882 762 2596 4883 766 2597 4884 762 2597 4885 767 2597 4886 766 2598 4887 767 2598 4888 774 2598 4889 774 2599 4890 767 2599 4891 770 2599 4892 750 2600 4893 767 2600 4894 757 2600 4895 833 2601 4896 837 2601 4897 839 2601 4898 838 2602 4899 839 2602 4900 835 2602 4901 835 2603 4902 839 2603 4903 830 2603 4904 768 2604 4905 821 2604 4906 771 2604 4907 821 2605 4908 813 2605 4909 839 2605 4910 839 2606 4911 813 2606 4912 828 2606 4913 839 2607 4914 828 2607 4915 833 2607 4916 808 59 4917 787 59 4918 833 59 4919 808 2608 4920 833 2608 4921 828 2608 4922 787 2609 4923 808 2609 4924 768 2609 4925 768 2610 4926 808 2610 4927 821 2610 4928 821 59 4929 808 59 4930 813 59 4931 838 2611 4932 820 2611 4933 839 2611 4934 839 2612 4935 820 2612 4936 821 2612 4937 769 2613 4938 768 2613 4939 771 2613 4940 771 2614 4941 821 2614 4942 769 2614 4943 769 2615 4944 821 2615 4945 820 2615 4946 799 2616 4947 782 2616 4948 770 2616 4949 799 2617 4950 770 2617 4951 803 2617 4952 803 2618 4953 789 2618 4954 825 2618 4955 789 2619 4956 803 2619 4957 770 2619 4958 799 2620 4959 816 2620 4960 782 2620 4961 816 2621 4962 799 2621 4963 817 2621 4964 816 2622 4965 817 2622 4966 839 2622 4967 839 2623 4968 817 2623 4969 830 2623 4970 789 2624 4971 830 2624 4972 825 2624 4973 825 47 4974 830 47 4975 817 47 4976 782 2625 4977 774 2626 4978 770 2627 4979 782 2628 4980 786 2629 4981 774 2630 4982 816 2631 4983 805 2632 4984 782 2633 4985 782 2634 4986 805 2635 4987 786 2636 4988 816 2637 4989 839 2637 4990 805 2637 4991 793 2638 4992 792 2639 4993 831 2640 4994 831 2641 4995 792 2642 4996 836 2643 4997 779 2644 4998 777 2645 4999 792 2646 5000 779 2647 5001 792 2648 5002 793 2649 5003 801 2650 5004 819 2651 5005 800 2652 5006 801 2653 5007 800 2654 5008 804 2655 5009 801 2656 5010 804 2657 5011 810 2658 5012 810 2659 5013 804 2660 5014 826 2661 5015 810 2662 5016 826 2663 5017 827 2664 5018 827 2665 5019 826 2666 5020 819 2667 5021 827 2668 5022 819 2669 5023 801 2670 5024 775 2671 5025 785 2672 5026 773 2673 5027 773 2674 5028 785 2675 5029 790 2676 5030 834 2677 5031 832 2678 5032 790 2679 5033 834 2680 5034 790 2681 5035 785 2682 5036 755 2683 5037 729 2683 5038 766 2683 5039 729 2684 5040 699 2684 5041 700 2684 5042 715 2685 5043 711 2685 5044 700 2685 5045 706 2686 5046 756 2686 5047 766 2686 5048 755 2687 5049 766 2687 5050 765 2687 5051 729 47 5052 711 47 5053 738 47 5054 742 2688 5055 766 2688 5056 738 2688 5057 715 47 5058 706 47 5059 742 47 5060 715 2689 5061 700 2689 5062 706 2689 5063 700 47 5064 711 47 5065 729 47 5066 729 2690 5067 738 2690 5068 766 2690 5069 766 2691 5070 742 2691 5071 706 2691 5072 832 2692 5073 834 2692 5074 840 2692 5075 840 2693 5076 834 2693 5077 841 2693 5078 840 2694 5079 841 2694 5080 836 2694 5081 836 2695 5082 841 2695 5083 831 2695 5084 822 47 5085 814 47 5086 811 47 5087 775 2696 5088 809 2696 5089 785 2696 5090 785 2697 5091 809 2697 5092 814 2697 5093 785 47 5094 814 47 5095 834 47 5096 822 2698 5097 841 2698 5098 814 2698 5099 814 2699 5100 841 2699 5101 834 2699 5102 822 47 5103 811 47 5104 776 47 5105 775 2700 5106 776 2700 5107 809 2700 5108 809 47 5109 776 47 5110 811 47 5111 823 2701 5112 841 2701 5113 822 2701 5114 778 2702 5115 776 2702 5116 775 2702 5117 778 2703 5118 823 2703 5119 776 2703 5120 776 2704 5121 823 2704 5122 822 2704 5123 807 2705 5124 777 2705 5125 783 2705 5126 819 59 5127 792 59 5128 800 59 5129 819 2706 5130 836 2706 5131 792 2706 5132 840 2707 5133 826 2707 5134 807 2707 5135 807 2708 5136 826 2708 5137 804 2708 5138 777 2709 5139 800 2709 5140 792 2709 5141 807 2710 5142 804 2710 5143 777 2710 5144 819 59 5145 826 59 5146 836 59 5147 836 2711 5148 826 2711 5149 840 2711 5150 804 2712 5151 800 2712 5152 777 2712 5153 806 2713 5154 807 2714 5155 780 2715 5156 780 2716 5157 807 2717 5158 783 2718 5159 777 2719 5160 780 2720 5161 783 2721 5162 774 2722 5163 780 2723 5164 777 2724 5165 840 2725 5166 807 2725 5167 806 2725 5168 773 2726 5169 774 2727 5170 772 2728 5171 786 2729 5172 772 2730 5173 774 2731 5174 791 2732 5175 772 2733 5176 786 2734 5177 788 2735 5178 780 2736 5179 773 2737 5180 773 2738 5181 780 2739 5182 774 2740 5183 791 2741 5184 788 2742 5185 794 2743 5186 794 2744 5187 788 2745 5188 797 2746 5189 794 2747 5190 797 2748 5191 829 2749 5192 829 2750 5193 797 2751 5194 832 2752 5195 829 2753 5196 832 2754 5197 812 2755 5198 812 2756 5199 832 2757 5200 796 2758 5201 812 2759 5202 796 2760 5203 791 2761 5204 791 2762 5205 796 2763 5206 788 2764 5207 759 2765 5208 758 2765 5209 775 2765 5210 758 2766 5211 765 2766 5212 775 2766 5213 759 2767 5214 775 2767 5215 773 2767 5216 759 2768 5217 773 2768 5218 763 2768 5219 763 2769 5220 773 2769 5221 772 2769 5222 763 2770 5223 772 2770 5224 764 2770 5225 768 2771 5226 764 2771 5227 772 2771 5228 761 2772 5229 765 2772 5230 758 2772 5231 724 2773 5232 689 2773 5233 726 2773 5234 724 2774 5235 726 2774 5236 752 2774 5237 752 2775 5238 726 2775 5239 753 2775 5240 725 2776 5241 757 2776 5242 747 2776 5243 713 47 5244 709 47 5245 692 47 5246 692 2777 5247 709 2777 5248 691 2777 5249 691 2778 5250 709 2778 5251 725 2778 5252 725 2779 5253 709 2779 5254 732 2779 5255 713 47 5256 705 47 5257 740 47 5258 713 2780 5259 692 2780 5260 705 2780 5261 757 2781 5262 740 2781 5263 705 2781 5264 725 2782 5265 732 2782 5266 757 2782 5267 732 2783 5268 740 2783 5269 757 2783 5270 691 2784 5271 725 2784 5272 722 2784 5273 757 2785 5274 762 2786 5275 747 2787 5276 747 2788 5277 762 2789 5278 748 2790 5279 747 2791 5280 748 2792 5281 725 2793 5282 725 2794 5283 748 2795 5284 722 2796 5285 696 2797 5286 695 2797 5287 723 2797 5288 734 2798 5289 744 2798 5290 746 2798 5291 746 2799 5292 744 2799 5293 758 2799 5294 734 59 5295 703 59 5296 744 59 5297 703 59 5298 734 59 5299 701 59 5300 701 59 5301 704 59 5302 695 59 5303 695 2800 5304 704 2800 5305 723 2800 5306 746 2801 5307 749 2801 5308 704 2801 5309 704 2802 5310 749 2802 5311 723 2802 5312 701 2803 5313 695 2803 5314 703 2803 5315 700 2804 5316 698 2805 5317 706 2806 5318 706 2807 5319 698 2808 5320 737 2809 5321 706 2810 5322 737 2811 5323 756 2812 5324 756 2813 5325 737 2814 5326 760 2815 5327 756 2816 5328 760 2817 5329 766 2818 5330 715 2819 5331 736 2820 5332 710 2821 5333 715 2822 5334 710 2823 5335 711 2824 5336 711 2825 5337 710 2826 5338 714 2827 5339 711 2828 5340 714 2829 5341 738 2830 5342 738 2831 5343 714 2832 5344 741 2833 5345 738 2834 5346 741 2835 5347 742 2836 5348 742 2837 5349 741 2838 5350 736 2839 5351 742 2840 5352 736 2841 5353 715 2842 5354 761 2843 5355 744 2844 5356 735 2845 5357 735 2846 5358 744 2847 5359 703 2848 5360 761 2849 5361 758 2850 5362 744 2851 5363 735 2852 5364 703 2853 5365 697 2854 5366 697 2855 5367 703 2856 5368 695 2857 5369 697 2858 5370 695 2858 5371 696 2858 5372 699 2859 5373 696 2859 5374 700 2859 5375 700 2860 5376 696 2860 5377 698 2860 5378 727 2861 5379 721 2861 5380 719 2861 5381 721 47 5382 697 47 5383 718 47 5384 721 47 5385 735 47 5386 697 47 5387 727 2862 5388 719 2862 5389 696 2862 5390 761 2863 5391 721 2863 5392 727 2863 5393 761 2864 5394 727 2864 5395 754 2864 5396 696 2865 5397 719 2865 5398 718 2865 5399 696 2866 5400 718 2866 5401 697 2866 5402 735 2867 5403 721 2867 5404 761 2867 5405 699 2868 5406 729 2868 5407 696 2868 5408 696 2869 5409 729 2869 5410 727 2869 5411 755 2870 5412 765 2870 5413 754 2870 5414 754 2871 5415 765 2871 5416 761 2871 5417 754 2872 5418 727 2872 5419 755 2872 5420 755 2873 5421 727 2873 5422 729 2873 5423 741 2874 5424 745 2874 5425 760 2874 5426 741 2875 5427 760 2875 5428 736 2875 5429 736 2876 5430 737 2876 5431 710 2876 5432 737 2877 5433 736 2877 5434 760 2877 5435 728 2878 5436 745 2878 5437 741 2878 5438 728 2879 5439 741 2879 5440 714 2879 5441 728 2880 5442 714 2880 5443 696 2880 5444 696 2881 5445 714 2881 5446 698 2881 5447 737 2882 5448 698 2882 5449 710 2882 5450 698 59 5451 714 59 5452 710 59 5453 745 2883 5454 749 2884 5455 760 2885 5456 760 2886 5457 749 2887 5458 762 2888 5459 728 2889 5460 723 2890 5461 745 2891 5462 745 2892 5463 723 2893 5464 749 2894 5465 728 2895 5466 696 2895 5467 723 2895 5468 746 2896 5469 758 2897 5470 749 2898 5471 759 2899 5472 762 2900 5473 758 2901 5474 758 2902 5475 762 2903 5476 749 2904 5477 759 2905 5478 748 2906 5479 762 2907 5480 751 2908 5481 748 2909 5482 759 2910 5483 746 2911 5484 751 2912 5485 734 2913 5486 734 2914 5487 751 2915 5488 716 2916 5489 734 2917 5490 716 2918 5491 701 2919 5492 701 2920 5493 716 2921 5494 694 2922 5495 701 2923 5496 694 2924 5497 704 2925 5498 704 2926 5499 694 2927 5500 707 2928 5501 704 2929 5502 707 2930 5503 746 2931 5504 746 2932 5505 707 2933 5506 751 2934 5507</p>
        </triangles>
        <triangles material="Shape_247-material" count="156">
          <input semantic="VERTEX" source="#Shape_IndexedFaceSet_270-mesh-vertices" offset="0"/>
          <input semantic="NORMAL" source="#Shape_IndexedFaceSet_270-mesh-normals" offset="1"/>
          <input semantic="TEXCOORD" source="#Shape_IndexedFaceSet_270-mesh-map-0" offset="2" set="0"/>
          <p>865 2935 5508 877 2936 5509 878 2937 5510 865 2938 5511 878 2939 5512 880 2940 5513 880 2941 5514 878 2942 5515 879 2943 5516 879 2944 5517 878 2945 5518 877 2946 5519 879 2947 5520 877 2948 5521 865 2949 5522 881 2950 5523 882 2950 5524 867 2950 5525 861 2951 5526 862 2952 5527 857 2953 5528 861 2954 5529 857 2955 5530 842 2956 5531 842 2957 5532 857 2958 5533 855 2959 5534 855 2960 5535 857 2961 5536 854 2962 5537 855 2963 5538 854 2964 5539 862 2965 5540 855 2966 5541 862 2967 5542 861 2968 5543 902 2969 5544 900 2970 5545 890 2971 5546 890 2972 5547 900 2973 5548 875 2974 5549 890 2975 5550 875 2976 5551 888 2977 5552 888 2978 5553 875 2979 5554 891 2980 5555 888 2981 5556 891 2982 5557 900 2983 5558 888 2984 5559 900 2985 5560 902 2986 5561 899 2987 5562 901 2988 5563 883 2989 5564 899 2990 5565 883 2991 5566 895 2992 5567 895 2993 5568 883 2994 5569 893 2995 5570 893 2996 5571 883 2997 5572 896 2998 5573 893 2999 5574 896 3000 5575 899 3001 5576 899 3002 5577 896 3003 5578 901 3004 5579 851 3005 5580 852 3006 5581 859 3007 5582 851 3008 5583 859 3009 5584 849 3010 5585 851 3011 5586 849 3012 5587 850 3013 5588 850 3014 5589 849 3015 5590 853 3016 5591 853 3017 5592 849 3018 5593 852 3019 5594 853 3020 5595 852 3021 5596 851 3022 5597 902 3023 5598 903 3024 5599 892 3025 5600 892 3026 5601 903 3027 5602 891 3028 5603 892 3029 5604 891 3030 5605 894 3031 5606 892 3032 5607 894 3033 5608 898 3034 5609 898 3035 5610 894 3036 5611 903 3037 5612 898 3038 5613 903 3039 5614 902 3040 5615 873 3041 5616 871 3042 5617 870 3043 5618 870 3044 5619 871 3045 5620 872 3046 5621 870 3047 5622 872 3048 5623 864 3049 5624 870 3050 5625 864 3051 5626 861 3052 5627 861 3053 5628 864 3054 5629 871 3055 5630 861 3056 5631 871 3057 5632 873 3058 5633 893 3059 5634 901 3060 5635 884 3061 5636 893 3062 5637 884 3063 5638 889 3064 5639 889 3065 5640 884 3066 5641 868 3067 5642 889 3068 5643 868 3069 5644 897 3070 5645 897 3071 5646 868 3072 5647 901 3073 5648 897 3074 5649 901 3075 5650 893 3076 5651 858 3077 5652 863 3078 5653 852 3079 5654 858 3080 5655 852 3081 5656 856 3082 5657 856 3083 5658 852 3084 5659 847 3085 5660 856 3086 5661 847 3087 5662 860 3088 5663 860 3089 5664 847 3090 5665 863 3091 5666 860 3092 5667 863 3093 5668 858 3094 5669 848 3095 5670 860 3095 5671 897 3095 5672 847 3096 5673 848 3096 5674 904 3096 5675 904 3097 5676 848 3097 5677 897 3097 5678 905 3098 5679 890 3098 5680 885 3098 5681 885 3099 5682 890 3099 5683 874 3099 5684 885 3100 5685 874 3100 5686 886 3100 5687 886 3101 5688 874 3101 5689 904 3101 5690 886 3102 5691 904 3102 5692 887 3102 5693 887 3103 5694 904 3103 5695 897 3103 5696 876 3104 5697 905 3104 5698 885 3104 5699 886 3105 5700 887 3105 5701 885 3105 5702 885 3106 5703 887 3106 5704 876 3106 5705 892 3107 5706 898 3107 5707 876 3107 5708 876 3108 5709 898 3108 5710 905 3108 5711 902 3109 5712 892 3109 5713 888 3109 5714 888 3110 5715 892 3110 5716 876 3110 5717 898 3111 5718 902 3111 5719 905 3111 5720 905 3112 5721 902 3112 5722 890 3112 5723 843 3113 5724 855 3113 5725 866 3113 5726 867 3114 5727 845 3114 5728 866 3114 5729 867 3115 5730 858 3115 5731 853 3115 5732 858 3109 5733 856 3109 5734 853 3109 5735 853 3116 5736 856 3116 5737 848 3116 5738 856 3117 5739 860 3117 5740 848 3117 5741 882 3118 5742 893 3118 5743 889 3118 5744 860 3119 5745 889 3119 5746 897 3119 5747 861 3120 5748 873 3120 5749 866 3120 5750 866 3121 5751 873 3121 5752 876 3121 5753 876 3109 5754 873 3109 5755 870 3109 5756 842 3122 5757 870 3122 5758 861 3122 5759 890 3123 5760 870 3123 5761 842 3123 5762 867 3124 5763 853 3124 5764 851 3124 5765 851 3125 5766 850 3125 5767 845 3125 5768 845 3126 5769 850 3126 5770 848 3126 5771 848 3127 5772 850 3127 5773 853 3127 5774 897 3128 5775 899 3128 5776 887 3128 5777 899 3129 5778 895 3129 5779 887 3129 5780 893 3130 5781 899 3130 5782 897 3130 5783 887 3131 5784 895 3131 5785 882 3131 5786 870 3132 5787 890 3132 5788 888 3132 5789 870 3109 5790 888 3109 5791 876 3109 5792 855 3133 5793 861 3133 5794 866 3133 5795 842 3134 5796 855 3134 5797 843 3134 5798 887 3135 5799 882 3135 5800 876 3135 5801 882 3136 5802 881 3136 5803 876 3136 5804 866 3137 5805 876 3137 5806 881 3137 5807 866 3138 5808 881 3138 5809 867 3138 5810 895 3139 5811 893 3139 5812 882 3139 5813 845 3140 5814 867 3140 5815 851 3140 5816 882 3141 5817 889 3141 5818 860 3141 5819 882 3142 5820 860 3142 5821 867 3142 5822 867 3143 5823 860 3143 5824 858 3143 5825 869 3144 5826 843 3144 5827 866 3144 5828 845 3145 5829 848 3145 5830 844 3145 5831 844 3146 5832 848 3146 5833 847 3146 5834 844 3147 5835 847 3147 5836 843 3147 5837 843 3148 5838 847 3148 5839 846 3148 5840 843 3149 5841 846 3149 5842 842 3149 5843 845 3150 5844 844 3150 5845 866 3150 5846 866 3151 5847 844 3151 5848 869 3151 5849 869 3152 5850 844 3152 5851 843 3152 5852 874 3153 5853 890 3153 5854 846 3153 5855 846 3154 5856 890 3154 5857 842 3154 5858 874 3155 5859 903 3155 5860 904 3155 5861 904 3156 5862 868 3156 5863 847 3156 5864 904 3157 5865 901 3157 5866 868 3157 5867 868 3158 5868 863 3158 5869 847 3158 5870 852 3159 5871 863 3159 5872 868 3159 5873 865 3160 5874 871 3160 5875 864 3160 5876 872 222 5877 871 222 5878 875 222 5879 846 3161 5880 872 3161 5881 874 3161 5882 880 3162 5883 903 3162 5884 894 3162 5885 880 3163 5886 894 3163 5887 891 3163 5888 880 3164 5889 891 3164 5890 875 3164 5891 903 3165 5892 900 3165 5893 891 3165 5894 849 3166 5895 846 3166 5896 847 3166 5897 852 3167 5898 849 3167 5899 847 3167 5900 846 3168 5901 849 3168 5902 859 3168 5903 859 3169 5904 852 3169 5905 865 3169 5906 884 3170 5907 896 3170 5908 883 3170 5909 901 222 5910 896 222 5911 884 222 5912 883 3171 5913 901 3171 5914 903 3171 5915 903 3172 5916 901 3172 5917 904 3172 5918 872 3173 5919 875 3173 5920 874 3173 5921 874 3174 5922 875 3174 5923 900 3174 5924 874 3175 5925 900 3175 5926 903 3175 5927 846 3176 5928 857 3176 5929 864 3176 5930 865 3177 5931 854 3177 5932 846 3177 5933 846 3178 5934 854 3178 5935 857 3178 5936 864 222 5937 857 222 5938 862 222 5939 864 222 5940 862 222 5941 865 222 5942 852 3179 5943 868 3179 5944 884 3179 5945 852 222 5946 884 222 5947 883 222 5948 846 3180 5949 859 3180 5950 865 3180 5951 854 222 5952 865 222 5953 862 222 5954 879 222 5955 865 222 5956 852 222 5957 883 3181 5958 879 3181 5959 852 3181 5960 880 3182 5961 879 3182 5962 883 3182 5963 880 222 5964 883 222 5965 903 222 5966 846 3183 5967 864 3183 5968 872 3183 5969 865 3184 5970 875 3184 5971 871 3184 5972 865 222 5973 880 222 5974 875 222 5975</p>
        </triangles>
        <triangles material="Shape_248-material" count="178">
          <input semantic="VERTEX" source="#Shape_IndexedFaceSet_270-mesh-vertices" offset="0"/>
          <input semantic="NORMAL" source="#Shape_IndexedFaceSet_270-mesh-normals" offset="1"/>
          <input semantic="TEXCOORD" source="#Shape_IndexedFaceSet_270-mesh-map-0" offset="2" set="0"/>
          <p>918 3185 5976 912 3186 5977 914 3187 5978 918 3188 5979 914 3189 5980 917 3190 5981 917 3191 5982 914 3192 5983 922 3193 5984 917 3194 5985 922 3195 5986 925 3196 5987 925 3197 5988 922 3198 5989 918 3199 5990 918 3200 5991 922 3201 5992 912 3202 5993 964 3203 5994 965 3204 5995 968 3205 5996 964 3206 5997 968 3207 5998 974 3208 5999 974 3209 6000 968 3210 6001 970 3211 6002 974 3212 6003 970 3213 6004 967 3214 6005 967 3215 6006 970 3216 6007 965 3217 6008 967 3218 6009 965 3219 6010 964 3220 6011 909 3221 6012 919 3222 6013 916 3223 6014 909 3224 6015 916 3225 6016 923 3226 6017 923 3227 6018 916 3228 6019 926 3229 6020 923 3230 6021 926 3231 6022 910 3232 6023 910 3233 6024 926 3234 6025 919 3235 6026 910 3236 6027 919 3237 6028 909 3238 6029 966 3239 6030 933 3240 6031 969 3241 6032 966 3242 6033 969 3243 6034 959 3244 6035 959 3245 6036 969 3246 6037 975 3247 6038 975 3248 6039 969 3249 6040 971 3250 6041 975 3251 6042 971 3252 6043 966 3253 6044 966 3254 6045 971 3255 6046 933 3256 6047 971 3257 6048 976 3257 6049 942 3257 6050 912 3258 6051 942 3258 6052 914 3258 6053 912 3259 6054 906 3259 6055 917 3259 6056 931 3260 6057 934 3260 6058 943 3260 6059 932 3261 6060 925 3262 6061 943 3263 6062 932 3264 6063 943 3265 6064 934 3266 6065 925 3267 6066 932 3267 6067 917 3267 6068 917 3268 6069 932 3268 6070 931 3268 6071 931 3269 6072 943 3269 6073 964 3269 6074 917 3270 6075 931 3270 6076 912 3270 6077 912 3271 6078 931 3271 6079 942 3271 6080 942 3272 6081 931 3272 6082 964 3272 6083 975 3273 6084 963 3273 6085 959 3273 6086 961 3274 6087 951 3275 6088 959 3276 6089 961 3277 6090 959 3278 6091 963 3279 6092 951 3280 6093 961 3280 6094 978 3280 6095 972 3281 6096 962 3281 6097 957 3281 6098 960 3282 6099 967 3283 6100 957 3284 6101 960 3285 6102 957 3286 6103 962 3287 6104 967 3288 6105 960 3288 6106 974 3288 6107 974 3289 6108 960 3289 6109 972 3289 6110 942 3290 6111 964 3290 6112 974 3290 6113 974 3291 6114 972 3291 6115 942 3291 6116 942 3292 6117 972 3292 6118 971 3292 6119 975 3293 6120 977 3293 6121 963 3293 6122 963 3294 6123 977 3294 6124 971 3294 6125 963 3295 6126 971 3295 6127 978 3295 6128 978 3296 6129 971 3296 6130 972 3296 6131 978 3297 6132 972 3297 6133 957 3297 6134 913 3298 6135 948 3298 6136 910 3298 6137 910 3299 6138 948 3299 6139 944 3299 6140 977 3300 6141 944 3300 6142 971 3300 6143 971 3301 6144 944 3301 6145 948 3301 6146 908 3302 6147 907 3302 6148 906 3302 6149 913 3303 6150 910 3303 6151 909 3303 6152 909 3304 6153 908 3304 6154 913 3304 6155 913 3305 6156 908 3305 6157 912 3305 6158 912 3306 6159 908 3306 6160 906 3306 6161 911 3307 6162 906 3307 6163 907 3307 6164 923 3308 6165 921 3308 6166 909 3308 6167 909 3309 6168 921 3309 6169 908 3309 6170 921 3310 6171 923 3311 6172 928 3312 6173 921 3313 6174 928 3314 6175 924 3315 6176 924 3316 6177 928 3317 6178 907 3318 6179 908 3319 6180 924 3319 6181 907 3319 6182 908 3320 6183 915 3321 6184 920 3322 6185 908 3323 6186 920 3324 6187 924 3325 6188 963 3326 6189 956 3327 6190 961 3328 6191 961 3329 6192 956 3330 6193 973 3331 6194 961 3332 6195 973 3333 6196 978 3334 6197 978 3335 6198 973 3336 6199 969 3337 6200 978 3338 6201 969 3339 6202 963 3340 6203 963 3341 6204 969 3342 6205 956 3343 6206 932 3344 6207 922 3345 6208 931 3346 6209 931 3347 6210 922 3348 6211 914 3349 6212 931 3350 6213 914 3351 6214 939 3352 6215 931 3353 6216 939 3354 6217 934 3355 6218 934 3356 6219 939 3357 6220 922 3358 6221 934 3359 6222 922 3360 6223 932 3361 6224 962 3362 6225 955 3363 6226 960 3364 6227 960 3365 6228 955 3366 6229 970 3367 6230 960 3368 6231 970 3369 6232 972 3370 6233 972 3371 6234 970 3372 6235 976 3373 6236 972 3374 6237 976 3375 6238 955 3376 6239 972 3377 6240 955 3378 6241 962 3379 6242 924 3380 6243 920 3381 6244 921 3382 6245 921 3383 6246 920 3384 6247 916 3385 6248 921 3386 6249 916 3387 6250 908 3388 6251 908 3389 6252 916 3390 6253 915 3391 6254 954 3392 6255 953 3393 6256 949 3394 6257 949 3395 6258 953 3396 6259 945 3397 6260 949 3398 6261 945 3399 6262 941 3400 6263 945 3401 6264 937 3402 6265 941 3403 6266 941 3404 6267 937 3405 6268 936 3406 6269 936 3407 6270 940 3408 6271 941 3409 6272 936 3410 6273 938 3411 6274 940 3412 6275 940 3413 6276 938 3414 6277 946 3415 6278 940 3416 6279 946 3417 6280 947 3418 6281 946 3419 6282 952 3420 6283 947 3421 6284 947 3422 6285 952 3423 6286 954 3424 6287 954 3425 6288 949 3426 6289 947 3427 6290 916 3428 6291 919 3428 6292 913 3428 6293 933 3109 6294 919 3109 6295 926 3109 6296 926 3429 6297 916 3429 6298 933 3429 6299 913 3430 6300 919 3430 6301 933 3430 6302 956 3109 6303 969 3109 6304 933 3109 6305 916 3431 6306 920 3431 6307 933 3431 6308 941 3432 6309 920 3432 6310 915 3432 6311 941 3433 6312 915 3433 6313 912 3433 6314 912 3434 6315 915 3434 6316 913 3434 6317 913 3435 6318 915 3435 6319 916 3435 6320 971 3436 6321 969 3436 6322 976 3436 6323 976 3437 6324 969 3437 6325 973 3437 6326 976 3438 6327 973 3438 6328 956 3438 6329 941 3439 6330 922 3439 6331 939 3439 6332 939 3440 6333 914 3440 6334 942 3440 6335 942 3441 6336 976 3441 6337 970 3441 6338 942 3442 6339 970 3442 6340 968 3442 6341 942 3443 6342 968 3443 6343 939 3443 6344 970 3109 6345 955 3109 6346 965 3109 6347 965 3109 6348 955 3109 6349 939 3109 6350 968 3444 6351 965 3444 6352 939 3444 6353 941 3445 6354 912 3445 6355 922 3445 6356 955 3446 6357 949 3446 6358 941 3446 6359 939 3447 6360 955 3447 6361 941 3447 6362 920 3448 6363 947 3448 6364 956 3448 6365 920 3449 6366 941 3449 6367 940 3449 6368 920 3450 6369 940 3450 6370 947 3450 6371 956 3451 6372 947 3451 6373 949 3451 6374 955 3109 6375 976 3109 6376 956 3109 6377 955 3452 6378 956 3452 6379 949 3452 6380 956 3109 6381 933 3109 6382 920 3109 6383 913 3453 6384 933 3453 6385 971 3453 6386 971 3454 6387 948 3454 6388 913 3454 6389 937 3455 6390 927 3455 6391 936 3455 6392 936 3456 6393 927 3456 6394 938 3456 6395 945 3457 6396 935 3457 6397 937 3457 6398 937 3458 6399 935 3458 6400 927 3458 6401 927 3459 6402 928 3459 6403 938 3459 6404 938 3460 6405 928 3460 6406 946 3460 6407 954 3461 6408 950 3461 6409 953 3461 6410 953 3462 6411 950 3462 6412 945 3462 6413 945 3463 6414 950 3463 6415 935 3463 6416 952 3464 6417 951 3464 6418 954 3464 6419 954 3465 6420 951 3465 6421 950 3465 6422 946 3466 6423 928 3466 6424 944 3466 6425 946 3467 6426 944 3467 6427 951 3467 6428 946 3468 6429 951 3468 6430 952 3468 6431 929 3469 6432 930 3469 6433 957 3469 6434 957 3470 6435 930 3470 6436 958 3470 6437 959 3471 6438 951 3471 6439 944 3471 6440 978 3472 6441 957 3472 6442 951 3472 6443 907 3473 6444 930 3473 6445 911 3473 6446 911 3474 6447 930 3474 6448 929 3474 6449 957 3475 6450 958 3475 6451 951 3475 6452 911 3476 6453 929 3476 6454 957 3476 6455 910 3477 6456 944 3477 6457 928 3477 6458 910 3478 6459 928 3478 6460 923 3478 6461 927 3479 6462 907 3479 6463 928 3479 6464 907 3480 6465 927 3480 6466 930 3480 6467 950 3481 6468 958 3481 6469 935 3481 6470 951 3482 6471 958 3482 6472 950 3482 6473 927 3483 6474 935 3483 6475 930 3483 6476 930 3484 6477 935 3484 6478 958 3484 6479 906 3485 6480 918 3485 6481 917 3485 6482 911 3486 6483 918 3486 6484 906 3486 6485 925 3487 6486 911 3487 6487 943 3487 6488 943 3488 6489 911 3488 6490 957 3488 6491 925 3489 6492 918 3489 6493 911 3489 6494 957 3490 6495 967 3490 6496 964 3490 6497 957 3491 6498 964 3491 6499 943 3491 6500 966 3492 6501 944 3492 6502 977 3492 6503 944 3493 6504 966 3493 6505 959 3493 6506 977 3494 6507 975 3494 6508 966 3494 6509</p>
        </triangles>
        <triangles material="Shape_249-material" count="26">
          <input semantic="VERTEX" source="#Shape_IndexedFaceSet_270-mesh-vertices" offset="0"/>
          <input semantic="NORMAL" source="#Shape_IndexedFaceSet_270-mesh-normals" offset="1"/>
          <input semantic="TEXCOORD" source="#Shape_IndexedFaceSet_270-mesh-map-0" offset="2" set="0"/>
          <p>988 3495 6510 990 3496 6511 983 3497 6512 988 3498 6513 983 3499 6514 982 3500 6515 981 3501 6516 984 3501 6517 987 3501 6518 992 3502 6519 987 3502 6520 984 3502 6521 992 3503 6522 985 3503 6523 987 3503 6524 981 3504 6525 987 3504 6526 985 3504 6527 981 3505 6528 979 3506 6529 984 3507 6530 985 3508 6531 992 3509 6532 993 3510 6533 985 3511 6534 986 3512 6535 980 3513 6536 985 3514 6537 980 3515 6538 981 3516 6539 993 3517 6540 986 3518 6541 985 3519 6542 980 3520 6543 979 3521 6544 981 3522 6545 991 3523 6546 986 3524 6547 993 3525 6548 984 3526 6549 991 3527 6550 992 3528 6551 991 3529 6552 993 3530 6553 992 3531 6554 980 3532 6555 984 3533 6556 979 3534 6557 980 3535 6558 986 3535 6559 991 3535 6560 980 3536 6561 988 3537 6562 982 3538 6563 980 3539 6564 982 3540 6565 989 3541 6566 980 3542 6567 989 3543 6568 984 3544 6569 984 3545 6570 989 3546 6571 988 3547 6572 984 3548 6573 988 3549 6574 991 3550 6575 991 3551 6576 988 3552 6577 980 3553 6578 982 3554 6579 983 3555 6580 989 3556 6581 989 3557 6582 983 3558 6583 990 3559 6584 989 3560 6585 990 3561 6586 988 3562 6587</p>
        </triangles>
        <triangles material="Shape_250-material" count="9">
          <input semantic="VERTEX" source="#Shape_IndexedFaceSet_270-mesh-vertices" offset="0"/>
          <input semantic="NORMAL" source="#Shape_IndexedFaceSet_270-mesh-normals" offset="1"/>
          <input semantic="TEXCOORD" source="#Shape_IndexedFaceSet_270-mesh-map-0" offset="2" set="0"/>
          <p>1000 3563 6588 1001 3564 6589 999 3565 6590 1000 3566 6591 999 3567 6592 997 3568 6593 997 3569 6594 999 3570 6595 996 3571 6596 997 3572 6597 996 3573 6598 994 3574 6599 994 3575 6600 996 3576 6601 995 3577 6602 995 3578 6603 996 3579 6604 998 3580 6605 998 3581 6606 996 3582 6607 1001 3583 6608 998 3584 6609 1001 3585 6610 1002 3586 6611 1002 3587 6612 1001 3588 6613 1000 3589 6614</p>
        </triangles>
        <triangles material="Shape_251-material" count="124">
          <input semantic="VERTEX" source="#Shape_IndexedFaceSet_270-mesh-vertices" offset="0"/>
          <input semantic="NORMAL" source="#Shape_IndexedFaceSet_270-mesh-normals" offset="1"/>
          <input semantic="TEXCOORD" source="#Shape_IndexedFaceSet_270-mesh-map-0" offset="2" set="0"/>
          <p>1007 3590 6615 1004 3591 6616 1008 3592 6617 1007 3593 6618 1008 3594 6619 1005 3595 6620 1005 3596 6621 1008 3597 6622 1010 3598 6623 1005 3599 6624 1010 3600 6625 1011 3601 6626 1011 3602 6627 1010 3603 6628 1004 3604 6629 1011 3605 6630 1004 3606 6631 1007 3607 6632 1043 3608 6633 1042 3609 6634 1028 3610 6635 1043 3611 6636 1028 3612 6637 1033 3613 6638 1033 3614 6639 1028 3615 6640 1030 3616 6641 1030 3617 6642 1028 3618 6643 1032 3619 6644 1030 3620 6645 1032 3621 6646 1042 3622 6647 1030 3623 6648 1042 3624 6649 1043 3625 6650 1054 3626 6651 1048 3627 6652 1055 3628 6653 1054 3629 6654 1055 3630 6655 1053 3631 6656 1053 3632 6657 1055 3633 6658 1050 3634 6659 1053 3635 6660 1050 3636 6661 1045 3637 6662 1045 3638 6663 1050 3639 6664 1048 3640 6665 1045 3641 6666 1048 3642 6667 1054 3643 6668 1029 3644 6669 1012 3645 6670 1036 3646 6671 1029 3647 6672 1036 3648 6673 1041 3649 6674 1041 3650 6675 1036 3651 6676 1035 3652 6677 1041 3653 6678 1035 3654 6679 1031 3655 6680 1031 3656 6681 1035 3657 6682 1012 3658 6683 1031 3659 6684 1012 3660 6685 1029 3661 6686 1038 3662 6687 1027 3662 6688 1039 3662 6689 1020 3663 6690 1027 3663 6691 1023 3663 6692 1020 3664 6693 1023 3665 6694 1022 3666 6695 1022 3667 6696 1023 3668 6697 1038 3669 6698 1038 3670 6699 1023 3671 6700 1026 3672 6701 1038 3673 6702 1026 3674 6703 1027 3675 6704 1026 3676 6705 1034 3677 6706 1040 3678 6707 1026 3679 6708 1040 3680 6709 1027 3681 6710 1017 3682 6711 1027 3683 6712 1040 3684 6713 1046 3685 6714 1035 3686 6715 1048 3687 6716 1046 3688 6717 1048 3689 6718 1034 3690 6719 1034 3691 6720 1048 3692 6721 1050 3693 6722 1034 3694 6723 1050 3695 6724 1049 3696 6725 1049 3697 6726 1050 3698 6727 1040 3699 6728 1040 3700 6729 1050 3701 6730 1042 3702 6731 1040 3703 6732 1042 3704 6733 1025 3705 6734 1025 3706 6735 1042 3707 6736 1014 3708 6737 1025 3709 6738 1014 3710 6739 1017 3711 6740 1017 3712 6741 1014 3713 6742 1010 3714 6743 1017 3715 6744 1010 3716 6745 1016 3717 6746 1016 3718 6747 1010 3719 6748 1018 3720 6749 1016 3721 6750 1018 3722 6751 1024 3723 6752 1024 3724 6753 1018 3725 6754 1035 3726 6755 1024 3727 6756 1035 3728 6757 1046 3729 6758 1046 3730 6759 1034 3730 6760 1024 3730 6761 1025 3731 6762 1017 3731 6763 1040 3731 6764 1049 3732 6765 1040 3732 6766 1034 3732 6767 1016 3733 6768 1024 3733 6769 1017 3733 6770 1027 3734 6771 1017 3735 6772 1023 3736 6773 1023 3737 6774 1017 3738 6775 1024 3739 6776 1023 3740 6777 1024 3741 6778 1026 3742 6779 1034 3743 6780 1026 3744 6781 1024 3745 6782 1039 3746 6783 1027 3746 6784 1020 3746 6785 1039 3747 6786 1044 3747 6787 1038 3747 6788 1038 3748 6789 1044 3748 6790 1022 3748 6791 1044 3749 6792 1021 3750 6793 1022 3751 6794 1022 3752 6795 1021 3753 6796 1019 3754 6797 1022 3755 6798 1019 3756 6799 1020 3757 6800 1020 3758 6801 1019 3759 6802 1039 3760 6803 1039 3761 6804 1019 3762 6805 1045 3763 6806 1039 3764 6807 1045 3765 6808 1044 3766 6809 1033 3767 6810 1030 3767 6811 1015 3767 6812 1047 3768 6813 1043 3768 6814 1015 3768 6815 1015 3769 6816 1043 3769 6817 1033 3769 6818 1043 3770 6819 1047 3770 6820 1030 3770 6821 1030 3771 6822 1047 3771 6823 1053 3771 6824 1019 3772 6825 1030 3772 6826 1045 3772 6827 1015 3773 6828 1030 3773 6829 1019 3773 6830 1015 3774 6831 1019 3774 6832 1003 3774 6833 1003 3775 6834 1007 3775 6835 1005 3775 6836 1005 3776 6837 1021 3776 6838 1013 3776 6839 1019 3777 6840 1011 3777 6841 1007 3777 6842 1019 3778 6843 1007 3778 6844 1003 3778 6845 1011 3779 6846 1019 3779 6847 1005 3779 6848 1005 3780 6849 1019 3780 6850 1021 3780 6851 1053 3781 6852 1045 3781 6853 1030 3781 6854 1029 3782 6855 1013 3782 6856 1021 3782 6857 1029 3783 6858 1021 3783 6859 1031 3783 6860 1013 3784 6861 1029 3784 6862 1037 3784 6863 1037 3785 6864 1029 3785 6865 1041 3785 6866 1041 3786 6867 1044 3786 6868 1045 3786 6869 1031 3787 6870 1021 3787 6871 1041 3787 6872 1041 3788 6873 1021 3788 6874 1044 3788 6875 1037 3789 6876 1041 3789 6877 1054 3789 6878 1041 3790 6879 1045 3790 6880 1054 3790 6881 1028 3791 6882 1015 3792 6883 1009 3793 6884 1009 3794 6885 1015 3795 6886 1003 3796 6887 1009 3797 6888 1003 3798 6889 1004 3799 6890 1004 3800 6891 1003 3801 6892 1005 3802 6893 1004 3803 6894 1005 3804 6895 1006 3805 6896 1006 3806 6897 1005 3807 6898 1013 3808 6899 1006 3809 6900 1013 3810 6901 1012 3811 6902 1012 3812 6903 1013 3813 6904 1036 3814 6905 1036 3815 6906 1013 3816 6907 1037 3817 6908 1036 3818 6909 1037 3819 6910 1051 3820 6911 1051 3821 6912 1037 3822 6913 1054 3823 6914 1051 3824 6915 1054 3825 6916 1056 3826 6917 1056 3827 6918 1054 3828 6919 1053 3829 6920 1056 3830 6921 1053 3831 6922 1052 3832 6923 1052 3833 6924 1053 3834 6925 1047 3835 6926 1052 3836 6927 1047 3837 6928 1028 3838 6929 1028 3839 6930 1047 3840 6931 1015 3841 6932 1052 3842 6933 1028 3842 6934 1042 3842 6935 1032 3843 6936 1014 3843 6937 1042 3843 6938 1028 3844 6939 1009 3844 6940 1014 3844 6941 1028 3845 6942 1014 3845 6943 1032 3845 6944 1042 3846 6945 1056 3846 6946 1052 3846 6947 1035 3847 6948 1036 3847 6949 1051 3847 6950 1042 3848 6951 1050 3848 6952 1055 3848 6953 1042 3849 6954 1055 3849 6955 1056 3849 6956 1056 3850 6957 1055 3850 6958 1048 3850 6959 1056 3851 6960 1048 3851 6961 1035 3851 6962 1056 3852 6963 1035 3852 6964 1051 3852 6965 1012 3853 6966 1035 3853 6967 1018 3853 6968 1008 3854 6969 1004 3854 6970 1006 3854 6971 1010 3855 6972 1012 3855 6973 1018 3855 6974 1006 3856 6975 1012 3856 6976 1008 3856 6977 1008 3857 6978 1012 3857 6979 1010 3857 6980 1004 3858 6981 1010 3858 6982 1014 3858 6983 1014 3859 6984 1009 3859 6985 1004 3859 6986</p>
        </triangles>
        <triangles material="Shape_252-material" count="188">
          <input semantic="VERTEX" source="#Shape_IndexedFaceSet_270-mesh-vertices" offset="0"/>
          <input semantic="NORMAL" source="#Shape_IndexedFaceSet_270-mesh-normals" offset="1"/>
          <input semantic="TEXCOORD" source="#Shape_IndexedFaceSet_270-mesh-map-0" offset="2" set="0"/>
          <p>1101 3860 6987 1102 3861 6988 1103 3862 6989 1103 3863 6990 1102 3864 6991 1104 3865 6992 1102 3866 6993 1107 3867 6994 1104 3868 6995 1104 3869 6996 1107 3870 6997 1103 3871 6998 1103 3872 6999 1107 3873 7000 1101 3874 7001 1107 3875 7002 1097 3875 7003 1101 3875 7004 1101 3876 7005 1097 3876 7006 1094 3876 7007 1101 3877 7008 1094 3877 7009 1102 3877 7010 1102 3878 7011 1094 3878 7012 1093 3878 7013 1102 3879 7014 1093 3879 7015 1107 3879 7016 1107 3880 7017 1108 3881 7018 1097 3882 7019 1094 3883 7020 1090 3884 7021 1089 3885 7022 1094 3886 7023 1089 3887 7024 1093 3888 7025 1093 3889 7026 1089 3890 7027 1105 3891 7028 1093 3892 7029 1105 3893 7030 1107 3894 7031 1107 3895 7032 1105 3896 7033 1108 3897 7034 1108 3898 7035 1105 3899 7036 1106 3900 7037 1108 3901 7038 1106 3902 7039 1097 3903 7040 1097 3904 7041 1106 3905 7042 1090 3906 7043 1097 3907 7044 1090 3908 7045 1094 3909 7046 1088 3910 7047 1084 3910 7048 1110 3910 7049 1110 3911 7050 1084 3911 7051 1112 3911 7052 1086 3912 7053 1062 3912 7054 1088 3912 7055 1088 3913 7056 1062 3913 7057 1084 3913 7058 1086 3914 7059 1078 3914 7060 1062 3914 7061 1100 3915 7062 1085 3915 7063 1086 3915 7064 1086 3916 7065 1085 3916 7066 1078 3916 7067 1110 3917 7068 1112 3917 7069 1115 3917 7070 1110 3918 7071 1115 3918 7072 1100 3918 7073 1100 3919 7074 1115 3919 7075 1111 3919 7076 1100 3920 7077 1111 3920 7078 1085 3920 7079 1132 3921 7080 1136 3922 7081 1131 3923 7082 1132 3924 7083 1131 3925 7084 1113 3926 7085 1132 3927 7086 1113 3928 7087 1136 3929 7088 1082 3930 7089 1087 3931 7090 1083 3932 7091 1082 3933 7092 1083 3934 7093 1076 3935 7094 1082 3936 7095 1076 3937 7096 1087 3938 7097 1068 3939 7098 1075 3940 7099 1067 3941 7100 1068 3942 7101 1067 3943 7102 1069 3944 7103 1068 3945 7104 1069 3946 7105 1075 3947 7106 1134 3948 7107 1137 3949 7108 1135 3950 7109 1134 3951 7110 1135 3952 7111 1133 3953 7112 1134 3954 7113 1133 3955 7114 1137 3956 7115 1128 3957 7116 1138 3958 7117 1092 3959 7118 1128 3960 7119 1092 3961 7120 1125 3962 7121 1125 3963 7122 1092 3964 7123 1122 3965 7124 1125 3966 7125 1122 3967 7126 1123 3968 7127 1123 3969 7128 1122 3970 7129 1128 3971 7130 1128 3972 7131 1122 3973 7132 1138 3974 7133 1077 3975 7134 1076 3976 7135 1058 3977 7136 1058 3978 7137 1076 3979 7138 1070 3980 7139 1058 3981 7140 1070 3982 7141 1071 3983 7142 1058 3984 7143 1071 3985 7144 1074 3986 7145 1074 3987 7146 1071 3988 7147 1076 3989 7148 1074 3990 7149 1076 3991 7150 1077 3992 7151 1130 3993 7152 1127 3994 7153 1129 3995 7154 1130 3996 7155 1129 3997 7156 1126 3998 7157 1126 3999 7158 1129 4000 7159 1114 4001 7160 1126 4002 7161 1114 4003 7162 1124 4004 7163 1124 4005 7164 1114 4006 7165 1127 4007 7166 1124 4008 7167 1127 4009 7168 1130 4010 7169 1078 4011 7170 1073 4012 7171 1075 4013 7172 1078 4014 7173 1075 4015 7174 1072 4016 7175 1072 4017 7176 1075 4018 7177 1069 4019 7178 1072 4020 7179 1069 4021 7180 1063 4022 7181 1095 4023 7182 1109 4023 7183 1098 4023 7184 1109 4024 7185 1095 4024 7186 1099 4024 7187 1114 4025 7188 1081 4025 7189 1111 4025 7190 1111 4026 7191 1081 4026 7192 1085 4026 7193 1112 4027 7194 1118 4027 7195 1119 4027 7196 1120 4028 7197 1112 4028 7198 1119 4028 7199 1120 4029 7200 1119 4029 7201 1121 4029 7202 1121 4030 7203 1119 4030 7204 1116 4030 7205 1119 4031 7206 1118 4031 7207 1141 4031 7208 1141 4032 7209 1118 4032 7210 1142 4032 7211 1116 4033 7212 1119 4033 7213 1141 4033 7214 1139 4034 7215 1114 4034 7216 1073 4034 7217 1139 4035 7218 1073 4035 7219 1064 4035 7220 1066 4036 7221 1061 4036 7222 1065 4036 7223 1065 4037 7224 1061 4037 7225 1059 4037 7226 1080 4038 7227 1062 4038 7228 1061 4038 7229 1066 4039 7230 1080 4039 7231 1061 4039 7232 1060 4040 7233 1062 4040 7234 1080 4040 7235 1079 4041 7236 1060 4041 7237 1080 4041 7238 1079 4042 7239 1080 4042 7240 1065 4042 7241 1065 4043 7242 1080 4043 7243 1066 4043 7244 1079 4044 7245 1065 4044 7246 1059 4044 7247 1079 4045 7248 1059 4045 7249 1060 4045 7250 1061 4046 7251 1062 4046 7252 1064 4046 7253 1064 4047 7254 1062 4047 7255 1063 4047 7256 1057 4048 7257 1058 4048 7258 1059 4048 7259 1059 4049 7260 1058 4049 7261 1060 4049 7262 1077 4050 7263 1058 4050 7264 1125 4050 7265 1091 4051 7266 1125 4051 7267 1057 4051 7268 1057 4052 7269 1125 4052 7270 1058 4052 7271 1141 4053 7272 1142 4053 7273 1091 4053 7274 1091 4054 7275 1142 4054 7276 1125 4054 7277 1139 4055 7278 1130 4055 7279 1140 4055 7280 1140 4056 7281 1130 4056 7282 1112 4056 7283 1112 4057 7284 1120 4057 7285 1140 4057 7286 1140 4058 7287 1120 4058 7288 1121 4058 7289 1121 4059 7290 1117 4059 7291 1140 4059 7292 1113 4060 7293 1117 4060 7294 1116 4060 7295 1116 4061 7296 1141 4061 7297 1113 4061 7298 1117 4062 7299 1121 4062 7300 1116 4062 7301 1111 4063 7302 1130 4063 7303 1139 4063 7304 1111 4064 7305 1139 4064 7306 1096 4064 7307 1096 4065 7308 1139 4065 7309 1064 4065 7310 1096 4066 7311 1064 4066 7312 1063 4066 7313 1096 4067 7314 1085 4067 7315 1073 4067 7316 1073 4068 7317 1085 4068 7318 1081 4068 7319 1111 4069 7320 1096 4069 7321 1114 4069 7322 1114 4070 7323 1096 4070 7324 1073 4070 7325 1141 4071 7326 1136 4071 7327 1113 4071 7328 1138 222 7329 1131 222 7330 1136 222 7331 1059 4072 7332 1113 4072 7333 1131 4072 7334 1117 4073 7335 1113 4073 7336 1114 4073 7337 1117 4074 7338 1114 4074 7339 1140 4074 7340 1139 4075 7341 1127 4075 7342 1114 4075 7343 1064 4076 7344 1073 4076 7345 1069 4076 7346 1091 4077 7347 1092 4077 7348 1138 4077 7349 1091 4078 7350 1138 4078 7351 1141 4078 7352 1141 4079 7353 1138 4079 7354 1136 4079 7355 1114 4080 7356 1129 4080 7357 1137 4080 7358 1137 222 7359 1129 222 7360 1127 222 7361 1137 4081 7362 1133 4081 7363 1114 4081 7364 1133 4082 7365 1135 4082 7366 1140 4082 7367 1114 4083 7368 1133 4083 7369 1140 4083 7370 1140 4084 7371 1135 4084 7372 1137 4084 7373 1140 4085 7374 1137 4085 7375 1139 4085 7376 1069 4086 7377 1067 4086 7378 1064 4086 7379 1064 4087 7380 1067 4087 7381 1061 4087 7382 1061 4088 7383 1067 4088 7384 1075 4088 7385 1061 4089 7386 1075 4089 7387 1081 4089 7388 1059 4090 7389 1087 4090 7390 1076 4090 7391 1092 222 7392 1083 222 7393 1087 222 7394 1092 4091 7395 1087 4091 7396 1059 4091 7397 1076 4092 7398 1083 4092 7399 1057 4092 7400 1057 4093 7401 1083 4093 7402 1091 4093 7403 1091 4094 7404 1083 4094 7405 1092 4094 7406 1075 4095 7407 1073 4095 7408 1081 4095 7409 1127 4096 7410 1139 4096 7411 1137 4096 7412 1061 4097 7413 1081 4097 7414 1059 4097 7415 1059 4098 7416 1081 4098 7417 1095 4098 7418 1095 4099 7419 1098 4099 7420 1059 4099 7421 1113 4100 7422 1098 4100 7423 1109 4100 7424 1099 4101 7425 1095 4101 7426 1081 4101 7427 1113 4102 7428 1109 4102 7429 1114 4102 7430 1114 4103 7431 1109 4103 7432 1099 4103 7433 1114 4104 7434 1099 4104 7435 1081 4104 7436 1057 4105 7437 1059 4105 7438 1070 4105 7439 1070 4106 7440 1076 4106 7441 1057 4106 7442 1059 4107 7443 1071 4107 7444 1070 4107 7445 1059 4108 7446 1076 4108 7447 1071 4108 7448 1138 4109 7449 1122 4109 7450 1059 4109 7451 1138 4110 7452 1059 4110 7453 1131 4110 7454 1059 4111 7455 1122 4111 7456 1092 4111 7457 1059 4112 7458 1098 4112 7459 1113 4112 7460 1063 4113 7461 1069 4114 7462 1073 4115 7463 1063 4116 7464 1073 4117 7465 1078 4118 7466 1106 4119 7467 1105 4119 7468 1110 4119 7469 1110 4120 7470 1105 4120 7471 1088 4120 7472 1089 4121 7473 1090 4121 7474 1086 4121 7475 1088 4122 7476 1089 4122 7477 1086 4122 7478 1090 4123 7479 1106 4123 7480 1100 4123 7481 1105 4124 7482 1089 4124 7483 1088 4124 7484 1086 4125 7485 1090 4125 7486 1100 4125 7487 1100 4126 7488 1106 4126 7489 1110 4126 7490 1112 4127 7491 1084 4127 7492 1118 4127 7493 1118 4128 7494 1084 4128 7495 1060 4128 7496 1111 4129 7497 1115 4129 7498 1126 4129 7499 1130 4130 7500 1126 4130 7501 1112 4130 7502 1111 4131 7503 1124 4131 7504 1130 4131 7505 1126 4132 7506 1115 4132 7507 1112 4132 7508 1111 4133 7509 1126 4133 7510 1124 4133 7511 1077 4134 7512 1118 4134 7513 1060 4134 7514 1118 4135 7515 1128 4135 7516 1142 4135 7517 1142 4136 7518 1128 4136 7519 1125 4136 7520 1125 4137 7521 1123 4137 7522 1077 4137 7523 1077 4138 7524 1123 4138 7525 1118 4138 7526 1118 4139 7527 1123 4139 7528 1128 4139 7529 1060 4140 7530 1058 4140 7531 1074 4140 7532 1060 4141 7533 1074 4141 7534 1077 4141 7535 1072 4142 7536 1063 4142 7537 1062 4142 7538 1060 4143 7539 1084 4143 7540 1062 4143 7541 1063 4144 7542 1078 4144 7543 1096 4144 7544 1096 4145 7545 1078 4145 7546 1085 4145 7547 1072 4146 7548 1062 4146 7549 1078 4146 7550</p>
        </triangles>
        <triangles material="Shape_253-material" count="4">
          <input semantic="VERTEX" source="#Shape_IndexedFaceSet_270-mesh-vertices" offset="0"/>
          <input semantic="NORMAL" source="#Shape_IndexedFaceSet_270-mesh-normals" offset="1"/>
          <input semantic="TEXCOORD" source="#Shape_IndexedFaceSet_270-mesh-map-0" offset="2" set="0"/>
          <p>1144 4147 7551 1143 4147 7552 1146 4147 7553 1146 4148 7554 1143 4148 7555 1145 4148 7556 1146 4149 7557 1145 4149 7558 1144 4149 7559 1144 4150 7560 1145 4150 7561 1143 4150 7562</p>
        </triangles>
        <triangles material="Shape_254-material" count="36">
          <input semantic="VERTEX" source="#Shape_IndexedFaceSet_270-mesh-vertices" offset="0"/>
          <input semantic="NORMAL" source="#Shape_IndexedFaceSet_270-mesh-normals" offset="1"/>
          <input semantic="TEXCOORD" source="#Shape_IndexedFaceSet_270-mesh-map-0" offset="2" set="0"/>
          <p>1156 4151 7563 1162 4151 7564 1163 4151 7565 1163 4152 7566 1162 4152 7567 1152 4152 7568 1162 4153 7569 1157 4153 7570 1150 4153 7571 1162 4154 7572 1150 4154 7573 1158 4154 7574 1162 4155 7575 1156 4155 7576 1157 4155 7577 1158 4156 7578 1152 4156 7579 1162 4156 7580 1163 4157 7581 1165 4158 7582 1166 4159 7583 1163 4160 7584 1166 4161 7585 1156 4162 7586 1150 4163 7587 1156 4164 7588 1155 4165 7589 1156 4166 7590 1150 4167 7591 1157 4168 7592 1150 4169 7593 1147 4170 7594 1152 4171 7595 1165 4172 7596 1163 4173 7597 1152 4174 7598 1165 4175 7599 1152 4176 7600 1159 4177 7601 1152 4178 7602 1158 4179 7603 1150 4180 7604 1165 4181 7605 1161 4182 7606 1166 4183 7607 1147 4184 7608 1148 4185 7609 1151 4186 7610 1152 4187 7611 1151 4188 7612 1159 4189 7613 1152 4190 7614 1147 4191 7615 1151 4192 7616 1149 4193 7617 1148 4194 7618 1147 4195 7619 1166 4196 7620 1161 4197 7621 1164 4198 7622 1156 4199 7623 1164 4200 7624 1155 4201 7625 1155 4202 7626 1149 4203 7627 1150 4204 7628 1150 4205 7629 1149 4206 7630 1147 4207 7631 1156 4208 7632 1166 4209 7633 1164 4210 7634 1154 4211 7635 1164 4211 7636 1161 4211 7637 1154 4212 7638 1148 4212 7639 1149 4212 7640 1161 4213 7641 1165 4213 7642 1159 4213 7643 1148 4214 7644 1159 4214 7645 1151 4214 7646 1161 4215 7647 1159 4215 7648 1148 4215 7649 1154 4216 7650 1155 4216 7651 1164 4216 7652 1154 4217 7653 1149 4217 7654 1155 4217 7655 1154 4218 7656 1153 4219 7657 1148 4220 7658 1148 4221 7659 1153 4222 7660 1160 4223 7661 1148 4224 7662 1160 4225 7663 1161 4226 7664 1161 4227 7665 1160 4228 7666 1154 4229 7667 1154 4230 7668 1160 4231 7669 1153 4232 7670</p>
        </triangles>
        <triangles material="Shape_255-material" count="6">
          <input semantic="VERTEX" source="#Shape_IndexedFaceSet_270-mesh-vertices" offset="0"/>
          <input semantic="NORMAL" source="#Shape_IndexedFaceSet_270-mesh-normals" offset="1"/>
          <input semantic="TEXCOORD" source="#Shape_IndexedFaceSet_270-mesh-map-0" offset="2" set="0"/>
          <p>1172 4233 7671 1171 4234 7672 1170 4235 7673 1172 4236 7674 1170 4237 7675 1168 4238 7676 1168 4239 7677 1170 4240 7678 1167 4241 7679 1168 4242 7680 1167 4243 7681 1169 4244 7682 1169 4245 7683 1167 4246 7684 1171 4247 7685 1169 4248 7686 1171 4249 7687 1172 4250 7688</p>
        </triangles>
        <triangles material="Shape_256-material" count="24">
          <input semantic="VERTEX" source="#Shape_IndexedFaceSet_270-mesh-vertices" offset="0"/>
          <input semantic="NORMAL" source="#Shape_IndexedFaceSet_270-mesh-normals" offset="1"/>
          <input semantic="TEXCOORD" source="#Shape_IndexedFaceSet_270-mesh-map-0" offset="2" set="0"/>
          <p>1186 4251 7689 1179 4252 7690 1182 4253 7691 1182 4254 7692 1179 4255 7693 1177 4256 7694 1177 4257 7695 1179 4258 7696 1178 4259 7697 1175 4260 7698 1176 4260 7699 1181 4260 7700 1183 4261 7701 1181 4261 7702 1176 4261 7703 1183 4262 7704 1180 4262 7705 1181 4262 7706 1175 4263 7707 1181 4263 7708 1180 4263 7709 1176 4264 7710 1175 4265 7711 1173 4266 7712 1183 4267 7713 1184 4268 7714 1180 4269 7715 1180 4270 7716 1174 4271 7717 1175 4272 7718 1174 4273 7719 1173 4274 7720 1175 4275 7721 1185 4276 7722 1180 4277 7723 1184 4278 7724 1176 4279 7725 1185 4280 7726 1183 4281 7727 1185 4282 7728 1184 4283 7729 1183 4284 7730 1174 4285 7731 1176 4286 7732 1173 4287 7733 1180 4288 7734 1185 4288 7735 1176 4288 7736 1174 4289 7737 1182 4290 7738 1177 4291 7739 1174 4292 7740 1177 4293 7741 1176 4294 7742 1176 4295 7743 1177 4296 7744 1186 4297 7745 1176 4298 7746 1186 4299 7747 1180 4300 7748 1180 4301 7749 1186 4302 7750 1182 4303 7751 1180 4304 7752 1182 4305 7753 1174 4306 7754 1177 4307 7755 1178 4308 7756 1186 4309 7757 1186 4310 7758 1178 4311 7759 1179 4312 7760</p>
        </triangles>
        <triangles material="Shape_257-material" count="9">
          <input semantic="VERTEX" source="#Shape_IndexedFaceSet_270-mesh-vertices" offset="0"/>
          <input semantic="NORMAL" source="#Shape_IndexedFaceSet_270-mesh-normals" offset="1"/>
          <input semantic="TEXCOORD" source="#Shape_IndexedFaceSet_270-mesh-map-0" offset="2" set="0"/>
          <p>1194 4313 7761 1193 4314 7762 1191 4315 7763 1191 4316 7764 1193 4317 7765 1189 4318 7766 1191 4319 7767 1189 4320 7768 1187 4321 7769 1187 4322 7770 1189 4323 7771 1188 4324 7772 1188 4325 7773 1189 4326 7774 1190 4327 7775 1188 4328 7776 1190 4329 7777 1192 4330 7778 1192 4331 7779 1190 4332 7780 1193 4333 7781 1192 4334 7782 1193 4335 7783 1195 4336 7784 1195 4337 7785 1193 4338 7786 1194 4339 7787</p>
        </triangles>
        <triangles material="Shape_258-material" count="24">
          <input semantic="VERTEX" source="#Shape_IndexedFaceSet_270-mesh-vertices" offset="0"/>
          <input semantic="NORMAL" source="#Shape_IndexedFaceSet_270-mesh-normals" offset="1"/>
          <input semantic="TEXCOORD" source="#Shape_IndexedFaceSet_270-mesh-map-0" offset="2" set="0"/>
          <p>1209 4340 7788 1202 4341 7789 1205 4342 7790 1205 4343 7791 1202 4344 7792 1200 4345 7793 1200 4346 7794 1202 4347 7795 1201 4348 7796 1198 4349 7797 1199 4349 7798 1204 4349 7799 1206 4350 7800 1204 4350 7801 1199 4350 7802 1206 4351 7803 1203 4351 7804 1204 4351 7805 1198 4352 7806 1204 4352 7807 1203 4352 7808 1198 4353 7809 1196 4354 7810 1199 4355 7811 1206 4356 7812 1207 4357 7813 1203 4358 7814 1203 4359 7815 1197 4360 7816 1198 4361 7817 1197 4362 7818 1196 4363 7819 1198 4364 7820 1208 4365 7821 1203 4366 7822 1207 4367 7823 1199 4368 7824 1208 4369 7825 1206 4370 7826 1208 4371 7827 1207 4372 7828 1206 4373 7829 1197 4374 7830 1199 4375 7831 1196 4376 7832 1203 4377 7833 1208 4377 7834 1199 4377 7835 1197 4378 7836 1205 4379 7837 1200 4380 7838 1197 4381 7839 1200 4382 7840 1199 4383 7841 1199 4384 7842 1200 4385 7843 1209 4386 7844 1199 4387 7845 1209 4388 7846 1203 4389 7847 1203 4390 7848 1209 4391 7849 1205 4392 7850 1203 4393 7851 1205 4394 7852 1197 4395 7853 1200 4396 7854 1201 4397 7855 1209 4398 7856 1209 4399 7857 1201 4400 7858 1202 4401 7859</p>
        </triangles>
        <triangles material="Shape_259-material" count="9">
          <input semantic="VERTEX" source="#Shape_IndexedFaceSet_270-mesh-vertices" offset="0"/>
          <input semantic="NORMAL" source="#Shape_IndexedFaceSet_270-mesh-normals" offset="1"/>
          <input semantic="TEXCOORD" source="#Shape_IndexedFaceSet_270-mesh-map-0" offset="2" set="0"/>
          <p>1217 4402 7860 1216 4403 7861 1214 4404 7862 1214 4405 7863 1216 4406 7864 1212 4407 7865 1214 4408 7866 1212 4409 7867 1210 4410 7868 1210 4411 7869 1212 4412 7870 1211 4413 7871 1211 4414 7872 1212 4415 7873 1213 4416 7874 1211 4417 7875 1213 4418 7876 1215 4419 7877 1215 4420 7878 1213 4421 7879 1216 4422 7880 1215 4423 7881 1216 4424 7882 1218 4425 7883 1218 4426 7884 1216 4427 7885 1217 4428 7886</p>
        </triangles>
        <triangles material="Shape_260-material" count="44">
          <input semantic="VERTEX" source="#Shape_IndexedFaceSet_270-mesh-vertices" offset="0"/>
          <input semantic="NORMAL" source="#Shape_IndexedFaceSet_270-mesh-normals" offset="1"/>
          <input semantic="TEXCOORD" source="#Shape_IndexedFaceSet_270-mesh-map-0" offset="2" set="0"/>
          <p>1236 4429 7887 1233 4430 7888 1228 4431 7889 1228 4432 7890 1233 4433 7891 1238 4434 7892 1228 4435 7893 1238 4436 7894 1220 4437 7895 1228 4438 7896 1220 4439 7897 1223 4440 7898 1223 4441 7899 1220 4442 7900 1227 4443 7901 1227 4444 7902 1220 4445 7903 1221 4446 7904 1227 4447 7905 1221 4448 7906 1233 4449 7907 1227 4450 7908 1233 4451 7909 1236 4452 7910 1223 4453 7911 1227 4453 7912 1235 4453 7913 1235 4454 7914 1227 4454 7915 1236 4454 7916 1230 4455 7917 1228 4455 7918 1223 4455 7919 1236 4456 7920 1228 4456 7921 1230 4456 7922 1239 4457 7923 1235 4458 7924 1236 4459 7925 1239 4460 7926 1236 4461 7927 1231 4462 7928 1231 4463 7929 1236 4464 7930 1230 4465 7931 1231 4466 7932 1230 4467 7933 1225 4468 7934 1225 4469 7935 1230 4470 7936 1223 4471 7937 1225 4472 7938 1223 4473 7939 1229 4474 7940 1229 4475 7941 1223 4476 7942 1235 4477 7943 1229 4478 7944 1235 4479 7945 1239 4480 7946 1231 4481 7947 1240 4482 7948 1239 4483 7949 1231 4484 7950 1226 4485 7951 1240 4486 7952 1225 4487 7953 1226 4488 7954 1231 4489 7955 1225 4490 7956 1224 4491 7957 1226 4492 7958 1229 4493 7959 1224 4494 7960 1225 4495 7961 1229 4496 7962 1232 4497 7963 1224 4498 7964 1239 4499 7965 1232 4500 7966 1229 4501 7967 1239 4502 7968 1240 4503 7969 1232 4504 7970 1219 4505 7971 1220 4506 7972 1222 4507 7973 1222 4508 7974 1220 4509 7975 1238 4510 7976 1222 4511 7977 1238 4512 7978 1237 4513 7979 1237 4514 7980 1238 4515 7981 1233 4516 7982 1222 4517 7983 1224 4517 7984 1219 4517 7985 1234 4518 7986 1240 4518 7987 1237 4518 7988 1219 4519 7989 1224 4519 7990 1232 4519 7991 1234 4520 7992 1232 4520 7993 1240 4520 7994 1219 4521 7995 1232 4521 7996 1234 4521 7997 1237 4522 7998 1240 4522 7999 1226 4522 8000 1222 4523 8001 1226 4523 8002 1224 4523 8003 1237 4524 8004 1226 4524 8005 1222 4524 8006 1237 4525 8007 1233 4526 8008 1234 4527 8009 1234 4528 8010 1233 4529 8011 1221 4530 8012 1234 4531 8013 1221 4532 8014 1219 4533 8015 1219 4534 8016 1221 4535 8017 1220 4536 8018</p>
        </triangles>
        <triangles material="Shape_261-material" count="38">
          <input semantic="VERTEX" source="#Shape_IndexedFaceSet_270-mesh-vertices" offset="0"/>
          <input semantic="NORMAL" source="#Shape_IndexedFaceSet_270-mesh-normals" offset="1"/>
          <input semantic="TEXCOORD" source="#Shape_IndexedFaceSet_270-mesh-map-0" offset="2" set="0"/>
          <p>1251 4537 8019 1255 4537 8020 1247 4537 8021 1251 4538 8022 1247 4538 8023 1252 4538 8024 1251 4539 8025 1252 4539 8026 1255 4539 8027 1255 4540 8028 1243 4540 8029 1259 4540 8030 1255 4541 8031 1257 4541 8032 1247 4541 8033 1243 4542 8034 1247 4542 8035 1241 4542 8036 1257 4543 8037 1241 4543 8038 1247 4543 8039 1259 4544 8040 1257 4544 8041 1255 4544 8042 1255 4545 8043 1252 4545 8044 1243 4545 8045 1243 4546 8046 1252 4546 8047 1247 4546 8048 1244 4547 8049 1243 4547 8050 1242 4547 8051 1242 4548 8052 1243 4548 8053 1241 4548 8054 1249 4549 8055 1250 4549 8056 1248 4549 8057 1249 4550 8058 1248 4550 8059 1257 4550 8060 1249 4551 8061 1257 4551 8062 1250 4551 8063 1253 4552 8064 1254 4552 8065 1250 4552 8066 1253 4553 8067 1250 4553 8068 1258 4553 8069 1253 4554 8070 1258 4554 8071 1254 4554 8072 1256 4555 8073 1246 4555 8074 1254 4555 8075 1256 4556 8076 1254 4556 8077 1258 4556 8078 1256 4557 8079 1258 4557 8080 1246 4557 8081 1242 4558 8082 1241 4558 8083 1248 4558 8084 1245 4559 8085 1242 4559 8086 1248 4559 8087 1245 3109 8088 1248 3109 8089 1250 3109 8090 1254 4560 8091 1245 4561 8092 1250 4562 8093 1259 4563 8094 1246 4563 8095 1258 4563 8096 1250 4564 8097 1257 4564 8098 1258 4564 8099 1258 4565 8100 1257 4565 8101 1259 4565 8102 1245 4566 8103 1254 4566 8104 1246 4566 8105 1246 4567 8106 1244 4567 8107 1245 4567 8108 1245 4568 8109 1244 4568 8110 1242 4568 8111 1244 4569 8112 1246 4569 8113 1243 4569 8114 1243 4570 8115 1261 4570 8116 1259 4570 8117 1246 4571 8118 1261 4571 8119 1243 4571 8120 1246 4572 8121 1259 4572 8122 1261 4572 8123 1241 4573 8124 1257 4573 8125 1260 4573 8126 1248 4574 8127 1241 4574 8128 1260 4574 8129 1248 4575 8130 1260 4575 8131 1257 4575 8132</p>
        </triangles>
        <triangles material="Shape_262-material" count="36">
          <input semantic="VERTEX" source="#Shape_IndexedFaceSet_270-mesh-vertices" offset="0"/>
          <input semantic="NORMAL" source="#Shape_IndexedFaceSet_270-mesh-normals" offset="1"/>
          <input semantic="TEXCOORD" source="#Shape_IndexedFaceSet_270-mesh-map-0" offset="2" set="0"/>
          <p>1267 4576 8133 1272 4576 8134 1266 4576 8135 1266 4577 8136 1272 4577 8137 1271 4577 8138 1272 4578 8139 1277 4578 8140 1279 4578 8141 1272 4579 8142 1279 4579 8143 1276 4579 8144 1272 4580 8145 1267 4580 8146 1277 4580 8147 1276 4581 8148 1271 4581 8149 1272 4581 8150 1266 4582 8151 1264 4583 8152 1262 4584 8153 1266 4585 8154 1262 4586 8155 1267 4587 8156 1279 4588 8157 1267 4589 8158 1273 4590 8159 1267 4591 8160 1279 4592 8161 1277 4593 8162 1279 4594 8163 1281 4595 8164 1271 4596 8165 1264 4597 8166 1266 4598 8167 1271 4599 8168 1264 4600 8169 1271 4601 8170 1270 4602 8171 1271 4603 8172 1276 4604 8173 1279 4605 8174 1264 4606 8175 1263 4607 8176 1262 4608 8177 1281 4609 8178 1275 4610 8179 1278 4611 8180 1271 4612 8181 1278 4613 8182 1270 4614 8183 1271 4615 8184 1281 4616 8185 1278 4617 8186 1280 4618 8187 1275 4619 8188 1281 4620 8189 1262 4621 8190 1263 4622 8191 1265 4623 8192 1267 4624 8193 1265 4625 8194 1273 4626 8195 1273 4627 8196 1280 4628 8197 1279 4629 8198 1279 4630 8199 1280 4631 8200 1281 4632 8201 1267 4633 8202 1262 4634 8203 1265 4635 8204 1268 4636 8205 1270 4636 8206 1278 4636 8207 1268 4637 8208 1278 4637 8209 1275 4637 8210 1268 4638 8211 1264 4638 8212 1270 4638 8213 1268 4639 8214 1263 4639 8215 1264 4639 8216 1275 4640 8217 1280 4640 8218 1273 4640 8219 1263 4641 8220 1273 4641 8221 1265 4641 8222 1275 4642 8223 1273 4642 8224 1263 4642 8225 1275 4643 8226 1274 4644 8227 1268 4645 8228 1268 4646 8229 1274 4647 8230 1269 4648 8231 1268 4649 8232 1269 4650 8233 1263 4651 8234 1263 4652 8235 1269 4653 8236 1274 4654 8237 1263 4655 8238 1274 4656 8239 1275 4657 8240</p>
        </triangles>
        <triangles material="Shape_263-material" count="6">
          <input semantic="VERTEX" source="#Shape_IndexedFaceSet_270-mesh-vertices" offset="0"/>
          <input semantic="NORMAL" source="#Shape_IndexedFaceSet_270-mesh-normals" offset="1"/>
          <input semantic="TEXCOORD" source="#Shape_IndexedFaceSet_270-mesh-map-0" offset="2" set="0"/>
          <p>1282 4658 8241 1283 4659 8242 1284 4660 8243 1282 4661 8244 1284 4662 8245 1286 4663 8246 1286 4664 8247 1284 4665 8248 1285 4666 8249 1286 4667 8250 1285 4668 8251 1287 4669 8252 1287 4670 8253 1285 4671 8254 1282 4672 8255 1282 4673 8256 1285 4674 8257 1283 4675 8258</p>
        </triangles>
        <triangles material="Shape_264-material" count="26">
          <input semantic="VERTEX" source="#Shape_IndexedFaceSet_270-mesh-vertices" offset="0"/>
          <input semantic="NORMAL" source="#Shape_IndexedFaceSet_270-mesh-normals" offset="1"/>
          <input semantic="TEXCOORD" source="#Shape_IndexedFaceSet_270-mesh-map-0" offset="2" set="0"/>
          <p>1301 4676 8259 1298 4677 8260 1296 4678 8261 1296 4679 8262 1298 4680 8263 1293 4681 8264 1296 4682 8265 1293 4683 8266 1292 4684 8267 1290 4685 8268 1291 4685 8269 1295 4685 8270 1299 4686 8271 1295 4686 8272 1291 4686 8273 1299 4687 8274 1294 4687 8275 1295 4687 8276 1290 4688 8277 1295 4688 8278 1294 4688 8279 1291 4689 8280 1290 4690 8281 1288 4691 8282 1294 4692 8283 1299 4693 8284 1302 4694 8285 1297 4695 8286 1289 4696 8287 1294 4697 8288 1302 4698 8289 1297 4699 8290 1294 4700 8291 1300 4701 8292 1297 4702 8293 1302 4703 8294 1289 4704 8295 1290 4705 8296 1294 4706 8297 1289 4707 8298 1288 4708 8299 1290 4709 8300 1289 4710 8301 1291 4711 8302 1288 4712 8303 1300 4713 8304 1299 4714 8305 1291 4715 8306 1300 4716 8307 1302 4717 8308 1299 4718 8309 1297 4719 8310 1300 4719 8311 1291 4719 8312 1289 4720 8313 1296 4721 8314 1292 4722 8315 1289 4723 8316 1292 4724 8317 1291 4725 8318 1291 4726 8319 1292 4727 8320 1301 4728 8321 1291 4729 8322 1301 4730 8323 1297 4731 8324 1297 4732 8325 1301 4733 8326 1296 4734 8327 1297 4735 8328 1296 4736 8329 1289 4737 8330 1292 4738 8331 1293 4739 8332 1298 4740 8333 1292 4741 8334 1298 4742 8335 1301 4743 8336</p>
        </triangles>
        <triangles material="Shape_265-material" count="9">
          <input semantic="VERTEX" source="#Shape_IndexedFaceSet_270-mesh-vertices" offset="0"/>
          <input semantic="NORMAL" source="#Shape_IndexedFaceSet_270-mesh-normals" offset="1"/>
          <input semantic="TEXCOORD" source="#Shape_IndexedFaceSet_270-mesh-map-0" offset="2" set="0"/>
          <p>1309 4744 8337 1310 4745 8338 1305 4746 8339 1309 4747 8340 1305 4748 8341 1307 4749 8342 1307 4750 8343 1305 4751 8344 1303 4752 8345 1303 4753 8346 1305 4754 8347 1304 4755 8348 1304 4756 8349 1305 4757 8350 1306 4758 8351 1304 4759 8352 1306 4760 8353 1308 4761 8354 1308 4762 8355 1306 4763 8356 1310 4764 8357 1308 4765 8358 1310 4766 8359 1311 4767 8360 1311 4768 8361 1310 4769 8362 1309 4770 8363</p>
        </triangles>
        <triangles material="Shape_266-material" count="110">
          <input semantic="VERTEX" source="#Shape_IndexedFaceSet_270-mesh-vertices" offset="0"/>
          <input semantic="NORMAL" source="#Shape_IndexedFaceSet_270-mesh-normals" offset="1"/>
          <input semantic="TEXCOORD" source="#Shape_IndexedFaceSet_270-mesh-map-0" offset="2" set="0"/>
          <p>1351 4771 8364 1350 4772 8365 1335 4773 8366 1351 4774 8367 1335 4775 8368 1332 4776 8369 1326 4777 8370 1332 4778 8371 1335 4779 8372 1332 4780 8373 1326 4781 8374 1324 4782 8375 1324 4783 8376 1326 4784 8377 1327 4785 8378 1327 4786 8379 1321 4787 8380 1324 4788 8381 1327 4789 8382 1334 4790 8383 1321 4791 8384 1350 4792 8385 1334 4793 8386 1327 4794 8387 1334 4795 8388 1350 4796 8389 1351 4797 8390 1326 4798 8391 1325 4799 8392 1327 4800 8393 1327 4801 8394 1325 4802 8395 1343 4803 8396 1327 4804 8397 1343 4805 8398 1350 4806 8399 1344 4807 8400 1350 4808 8401 1343 4809 8402 1350 4810 8403 1344 4811 8404 1335 4812 8405 1335 4813 8406 1344 4814 8407 1323 4815 8408 1335 4816 8409 1323 4817 8410 1326 4818 8411 1325 4819 8412 1326 4820 8413 1323 4821 8414 1343 4822 8415 1349 4823 8416 1344 4824 8417 1349 4825 8418 1331 4826 8419 1344 4827 8420 1344 4828 8421 1331 4829 8422 1323 4830 8423 1331 4831 8424 1322 4832 8425 1323 4833 8426 1323 4834 8427 1322 4835 8428 1325 4836 8429 1325 4837 8430 1322 4838 8431 1320 4839 8432 1320 4840 8433 1333 4841 8434 1325 4842 8435 1325 4843 8436 1333 4844 8437 1343 4845 8438 1343 4846 8439 1333 4847 8440 1347 4848 8441 1347 4849 8442 1349 4850 8443 1343 4851 8444 1352 4852 8445 1358 4853 8446 1339 4854 8447 1352 4855 8448 1339 4856 8449 1328 4857 8450 1328 4858 8451 1339 4859 8452 1329 4860 8453 1328 4861 8454 1329 4862 8455 1315 4863 8456 1328 4864 8457 1315 4865 8458 1314 4866 8459 1314 4867 8460 1315 4868 8461 1313 4869 8462 1314 4870 8463 1313 4871 8464 1312 4872 8465 1319 4873 8466 1318 4874 8467 1320 4875 8468 1319 4876 8469 1320 4877 8470 1321 4878 8471 1321 4879 8472 1320 4880 8473 1317 4881 8474 1321 4882 8475 1317 4883 8476 1312 4884 8477 1312 4885 8478 1317 4886 8479 1318 4887 8480 1312 4888 8481 1318 4889 8482 1319 4890 8483 1337 4891 8484 1338 4892 8485 1331 4893 8486 1337 4894 8487 1331 4895 8488 1342 4896 8489 1342 4897 8490 1331 4898 8491 1346 4899 8492 1342 4900 8493 1346 4901 8494 1341 4902 8495 1341 4903 8496 1346 4904 8497 1338 4905 8498 1341 4906 8499 1338 4907 8500 1337 4908 8501 1355 4909 8502 1357 4910 8503 1349 4911 8504 1355 4912 8505 1349 4913 8506 1354 4914 8507 1354 4915 8508 1349 4916 8509 1347 4917 8510 1354 4918 8511 1347 4919 8512 1356 4920 8513 1356 4921 8514 1347 4922 8515 1357 4923 8516 1356 4924 8517 1357 4925 8518 1355 4926 8519 1345 4927 8520 1339 4928 8521 1333 4929 8522 1345 4930 8523 1333 4931 8524 1340 4932 8525 1340 4933 8526 1333 4934 8527 1329 4935 8528 1340 4936 8529 1329 4937 8530 1336 4938 8531 1336 4939 8532 1329 4940 8533 1339 4941 8534 1336 4942 8535 1339 4943 8536 1345 4944 8537 1318 4945 8538 1315 4945 8539 1320 4945 8540 1320 4946 8541 1315 4946 8542 1329 4946 8543 1315 4947 8544 1318 4947 8545 1317 4947 8546 1315 4948 8547 1317 4948 8548 1313 4948 8549 1322 4949 8550 1317 4949 8551 1320 4949 8552 1329 4950 8553 1333 4950 8554 1320 4950 8555 1347 4951 8556 1333 4951 8557 1339 4951 8558 1348 4952 8559 1346 4952 8560 1349 4952 8561 1348 4953 8562 1330 4953 8563 1338 4953 8564 1313 4954 8565 1317 4954 8566 1322 4954 8567 1313 4955 8568 1322 4955 8569 1331 4955 8570 1348 4956 8571 1338 4956 8572 1346 4956 8573 1346 4957 8574 1331 4957 8575 1349 4957 8576 1313 4958 8577 1338 4958 8578 1330 4958 8579 1338 4959 8580 1313 4959 8581 1331 4959 8582 1348 4960 8583 1357 4960 8584 1358 4960 8585 1348 4961 8586 1349 4961 8587 1357 4961 8588 1358 4962 8589 1357 4962 8590 1347 4962 8591 1358 4963 8592 1347 4963 8593 1339 4963 8594 1312 4964 8595 1313 4965 8596 1316 4966 8597 1316 4967 8598 1313 4968 8599 1330 4969 8600 1316 4970 8601 1330 4971 8602 1341 4972 8603 1341 4973 8604 1330 4974 8605 1348 4975 8606 1341 4976 8607 1348 4977 8608 1353 4978 8609 1353 4979 8610 1348 4980 8611 1352 4981 8612 1352 4982 8613 1348 4983 8614 1358 4984 8615 1321 4985 8616 1345 4985 8617 1319 4985 8618 1319 4986 8619 1345 4986 8620 1340 4986 8621 1314 4987 8622 1312 4987 8623 1319 4987 8624 1328 4988 8625 1336 4988 8626 1345 4988 8627 1336 4989 8628 1328 4989 8629 1314 4989 8630 1336 4990 8631 1314 4990 8632 1319 4990 8633 1319 4991 8634 1340 4991 8635 1336 4991 8636 1324 4992 8637 1321 4992 8638 1312 4992 8639 1345 4993 8640 1321 4993 8641 1334 4993 8642 1345 4994 8643 1334 4994 8644 1351 4994 8645 1354 4995 8646 1351 4995 8647 1355 4995 8648 1328 4996 8649 1345 4996 8650 1351 4996 8651 1328 4997 8652 1351 4997 8653 1354 4997 8654 1356 4998 8655 1352 4998 8656 1354 4998 8657 1354 4999 8658 1352 4999 8659 1328 4999 8660 1352 5000 8661 1356 5000 8662 1353 5000 8663 1353 5001 8664 1356 5001 8665 1355 5001 8666 1353 5002 8667 1355 5002 8668 1351 5002 8669 1341 5003 8670 1353 5003 8671 1332 5003 8672 1332 5004 8673 1353 5004 8674 1351 5004 8675 1342 5005 8676 1332 5005 8677 1337 5005 8678 1312 5006 8679 1337 5006 8680 1324 5006 8681 1324 5007 8682 1337 5007 8683 1332 5007 8684 1337 5008 8685 1312 5008 8686 1316 5008 8687 1332 5009 8688 1342 5009 8689 1341 5009 8690 1316 5010 8691 1341 5010 8692 1337 5010 8693</p>
        </triangles>
        <triangles material="Shape_267-material" count="34">
          <input semantic="VERTEX" source="#Shape_IndexedFaceSet_270-mesh-vertices" offset="0"/>
          <input semantic="NORMAL" source="#Shape_IndexedFaceSet_270-mesh-normals" offset="1"/>
          <input semantic="TEXCOORD" source="#Shape_IndexedFaceSet_270-mesh-map-0" offset="2" set="0"/>
          <p>1371 5011 8694 1363 5011 8695 1365 5011 8696 1369 5012 8697 1363 5012 8698 1371 5012 8699 1369 5013 8700 1371 5013 8701 1366 5013 8702 1369 5014 8703 1366 5014 8704 1363 5014 8705 1359 5015 8706 1366 5015 8707 1365 5015 8708 1365 5016 8709 1366 5016 8710 1371 5016 8711 1366 5017 8712 1359 5017 8713 1363 5017 8714 1373 5018 8715 1359 5018 8716 1374 5018 8717 1374 5019 8718 1359 5019 8719 1365 5019 8720 1372 5020 8721 1376 5020 8722 1365 5020 8723 1372 5021 8724 1365 5021 8725 1361 5021 8726 1372 5022 8727 1361 5022 8728 1376 5022 8729 1370 5023 8730 1376 5023 8731 1361 5023 8732 1370 5024 8733 1361 5024 8734 1367 5024 8735 1370 5025 8736 1367 5025 8737 1376 5025 8738 1368 5026 8739 1364 5026 8740 1375 5026 8741 1368 5027 8742 1375 5027 8743 1367 5027 8744 1368 5028 8745 1367 5028 8746 1364 5028 8747 1377 5029 8748 1374 5029 8749 1365 5029 8750 1364 5030 8751 1367 5030 8752 1359 5030 8753 1359 5031 8754 1367 5031 8755 1361 5031 8756 1364 5032 8757 1377 5032 8758 1375 5032 8759 1375 3109 8760 1377 3109 8761 1376 3109 8762 1375 5033 8763 1376 5033 8764 1367 5033 8765 1376 5034 8766 1377 5034 8767 1365 5034 8768 1364 5035 8769 1373 5035 8770 1377 5035 8771 1377 5036 8772 1373 5036 8773 1374 5036 8774 1373 5037 8775 1364 5037 8776 1360 5037 8777 1360 5038 8778 1359 5038 8779 1373 5038 8780 1364 5039 8781 1359 5039 8782 1360 5039 8783 1361 5040 8784 1362 5040 8785 1363 5040 8786 1361 5041 8787 1363 5041 8788 1359 5041 8789 1365 5042 8790 1363 5042 8791 1362 5042 8792 1365 5043 8793 1362 5043 8794 1361 5043 8795</p>
        </triangles>
        <triangles material="Shape_268-material" count="118">
          <input semantic="VERTEX" source="#Shape_IndexedFaceSet_270-mesh-vertices" offset="0"/>
          <input semantic="NORMAL" source="#Shape_IndexedFaceSet_270-mesh-normals" offset="1"/>
          <input semantic="TEXCOORD" source="#Shape_IndexedFaceSet_270-mesh-map-0" offset="2" set="0"/>
          <p>1424 5044 8796 1425 5044 8797 1428 5044 8798 1421 5045 8799 1424 5045 8800 1428 5045 8801 1419 5046 8802 1423 5046 8803 1411 5046 8804 1419 5047 8805 1411 5047 8806 1404 5047 8807 1421 5048 8808 1428 5048 8809 1423 5048 8810 1424 5049 8811 1421 5049 8812 1419 5049 8813 1424 5050 8814 1419 5050 8815 1404 5050 8816 1380 5051 8817 1389 5051 8818 1398 5051 8819 1378 5052 8820 1381 5052 8821 1380 5052 8822 1381 47 8823 1389 47 8824 1380 47 8825 1383 5053 8826 1382 5053 8827 1378 5053 8828 1378 5054 8829 1382 5054 8830 1391 5054 8831 1378 5055 8832 1391 5055 8833 1381 5055 8834 1391 5056 8835 1382 5056 8836 1400 5056 8837 1398 5057 8838 1389 5057 8839 1400 5057 8840 1400 5058 8841 1389 5058 8842 1391 5058 8843 1404 5059 8844 1400 5059 8845 1405 5059 8846 1405 5060 8847 1400 5060 8848 1401 5060 8849 1418 5061 8850 1411 5061 8851 1427 5061 8852 1398 5062 8853 1390 5062 8854 1379 5062 8855 1428 5063 8856 1420 5063 8857 1422 5063 8858 1422 59 8859 1418 59 8860 1427 59 8861 1379 5064 8862 1388 5064 8863 1378 5064 8864 1388 59 8865 1390 59 8866 1399 59 8867 1428 5065 8868 1422 5065 8869 1427 5065 8870 1411 5066 8871 1418 5066 8872 1410 5066 8873 1418 5067 8874 1420 5067 8875 1410 5067 8876 1399 5068 8877 1390 5068 8878 1398 5068 8879 1388 5069 8880 1399 5069 8881 1378 5069 8882 1378 5070 8883 1399 5070 8884 1428 5070 8885 1428 5071 8886 1399 5071 8887 1410 5071 8888 1410 5072 8889 1420 5072 8890 1428 5072 8891 1423 5073 8892 1428 5073 8893 1427 5073 8894 1411 5074 8895 1423 5074 8896 1427 5074 8897 1404 5075 8898 1411 5075 8899 1410 5075 8900 1404 5076 8901 1410 5076 8902 1399 5076 8903 1404 5077 8904 1399 5077 8905 1400 5077 8906 1399 5078 8907 1398 5078 8908 1400 5078 8909 1380 5079 8910 1398 5079 8911 1379 5079 8912 1378 5080 8913 1380 5080 8914 1379 5080 8915 1378 5081 8916 1428 5081 8917 1425 5081 8918 1425 5082 8919 1405 5082 8920 1378 5082 8921 1378 5083 8922 1405 5083 8923 1401 5083 8924 1378 5084 8925 1401 5084 8926 1383 5084 8927 1389 5085 8928 1390 5086 8929 1391 5087 8930 1391 5088 8931 1390 5089 8932 1388 5090 8933 1391 5091 8934 1388 5092 8935 1381 5093 8936 1381 5094 8937 1388 5095 8938 1379 5096 8939 1381 5097 8940 1379 5098 8941 1389 5099 8942 1389 5100 8943 1379 5101 8944 1390 5102 8945 1419 5103 8946 1418 5104 8947 1423 5105 8948 1423 5106 8949 1418 5107 8950 1422 5108 8951 1423 5109 8952 1422 5110 8953 1421 5111 8954 1421 5112 8955 1422 5113 8956 1420 5114 8957 1421 5115 8958 1420 5116 8959 1419 5117 8960 1419 5118 8961 1420 5119 8962 1418 5120 8963 1387 5121 8964 1386 5121 8965 1385 5121 8966 1385 5122 8967 1386 5122 8968 1384 5122 8969 1385 5123 8970 1384 5123 8971 1383 5123 8972 1384 5124 8973 1382 5124 8974 1383 5124 8975 1417 5125 8976 1415 5125 8977 1412 5125 8978 1412 5126 8979 1415 5126 8980 1426 5126 8981 1412 5127 8982 1426 5127 8983 1424 5127 8984 1424 5128 8985 1426 5128 8986 1425 5128 8987 1424 5129 8988 1404 5129 8989 1412 5129 8990 1412 5130 8991 1404 5130 8992 1406 5130 8993 1400 5131 8994 1382 5131 8995 1402 5131 8996 1402 5132 8997 1382 5132 8998 1384 5132 8999 1412 5133 9000 1406 5133 9001 1384 5133 9002 1384 5134 9003 1406 5135 9004 1402 5136 9005 1405 5137 9006 1425 5137 9007 1407 5137 9008 1407 5138 9009 1425 5138 9010 1426 5138 9011 1383 5139 9012 1401 5139 9013 1385 5139 9014 1385 5140 9015 1401 5140 9016 1403 5140 9017 1385 5141 9018 1403 5141 9019 1426 5141 9020 1426 5142 9021 1403 5143 9022 1407 5144 9023 1386 5145 9024 1387 5146 9025 1392 5147 9026 1386 5148 9027 1392 5149 9028 1396 5150 9029 1396 5151 9030 1392 5152 9031 1395 5153 9032 1395 5154 9033 1409 5154 9034 1396 5154 9035 1396 5155 9036 1409 5155 9037 1408 5155 9038 1408 5156 9039 1409 5157 9040 1415 5158 9041 1408 5159 9042 1415 5160 9043 1417 5161 9044 1384 5162 9045 1397 5162 9046 1412 5162 9047 1384 5163 9048 1386 5163 9049 1394 5163 9050 1394 222 9051 1386 222 9052 1396 222 9053 1394 222 9054 1396 222 9055 1397 222 9056 1408 5164 9057 1412 5164 9058 1396 5164 9059 1396 5165 9060 1412 5165 9061 1397 5165 9062 1408 5166 9063 1417 5166 9064 1414 5166 9065 1408 5167 9066 1414 5167 9067 1412 5167 9068 1415 3109 9069 1416 3109 9070 1426 3109 9071 1426 5168 9072 1416 5168 9073 1413 5168 9074 1413 3109 9075 1393 3109 9076 1426 3109 9077 1416 5169 9078 1415 5169 9079 1409 5169 9080 1393 3109 9081 1413 3109 9082 1395 3109 9083 1385 5170 9084 1393 5170 9085 1387 5170 9086 1413 5171 9087 1409 5171 9088 1395 5171 9089 1426 3109 9090 1393 3109 9091 1385 3109 9092 1395 3109 9093 1392 3109 9094 1387 3109 9095 1397 5172 9096 1393 5173 9097 1395 5174 9098 1397 5175 9099 1395 5176 9100 1394 5177 9101 1394 5178 9102 1395 5179 9103 1387 5180 9104 1394 5181 9105 1387 5182 9106 1384 5183 9107 1384 5184 9108 1387 5185 9109 1393 5186 9110 1384 5187 9111 1393 5188 9112 1397 5189 9113 1417 5190 9114 1416 5191 9115 1409 5192 9116 1417 5193 9117 1409 5194 9118 1414 5195 9119 1414 5196 9120 1409 5197 9121 1413 5198 9122 1414 5199 9123 1413 5200 9124 1412 5201 9125 1412 5202 9126 1413 5203 9127 1416 5204 9128 1412 5205 9129 1416 5206 9130 1417 5207 9131 1407 5208 9132 1406 5208 9133 1405 5208 9134 1405 5209 9135 1406 5209 9136 1404 5209 9137 1401 5210 9138 1400 5210 9139 1403 5210 9140 1403 5211 9141 1400 5211 9142 1402 5211 9143 1402 5212 9144 1406 5212 9145 1403 5212 9146 1403 5213 9147 1406 5213 9148 1407 5213 9149</p>
        </triangles>
        <triangles material="Shape_269-material" count="262">
          <input semantic="VERTEX" source="#Shape_IndexedFaceSet_270-mesh-vertices" offset="0"/>
          <input semantic="NORMAL" source="#Shape_IndexedFaceSet_270-mesh-normals" offset="1"/>
          <input semantic="TEXCOORD" source="#Shape_IndexedFaceSet_270-mesh-map-0" offset="2" set="0"/>
          <p>1464 5214 9150 1517 5214 9151 1443 5214 9152 1542 5215 9153 1528 5215 9154 1454 5215 9155 1542 5216 9156 1454 5216 9157 1434 5216 9158 1529 47 9159 1543 47 9160 1455 47 9161 1455 47 9162 1543 47 9163 1435 47 9164 1528 5217 9165 1542 5217 9166 1529 5217 9167 1529 5218 9168 1542 5218 9169 1543 5218 9170 1540 5219 9171 1542 5219 9172 1530 5219 9173 1530 5220 9174 1542 5220 9175 1434 5220 9176 1530 5221 9177 1434 5221 9178 1444 5221 9179 1444 5222 9180 1434 5222 9181 1433 5222 9182 1540 5223 9183 1530 5223 9184 1534 5223 9185 1517 5224 9186 1514 5224 9187 1532 5224 9188 1532 5225 9189 1514 5225 9190 1531 5225 9191 1537 5226 9192 1535 5226 9193 1532 5226 9194 1532 5227 9195 1535 5227 9196 1533 5227 9197 1532 5228 9198 1533 5228 9199 1517 5228 9200 1517 5229 9201 1533 5229 9202 1534 5229 9203 1517 5230 9204 1534 5230 9205 1530 5230 9206 1439 5231 9207 1442 5231 9208 1438 5231 9209 1438 5232 9210 1442 5232 9211 1443 5232 9212 1447 5233 9213 1441 5233 9214 1438 5233 9215 1446 5234 9216 1443 5234 9217 1444 5234 9218 1438 5235 9219 1445 5235 9220 1447 5235 9221 1443 5236 9222 1446 5236 9223 1438 5236 9224 1438 5237 9225 1446 5237 9226 1445 5237 9227 1446 5238 9228 1433 5238 9229 1434 5238 9230 1508 5239 9231 1516 5239 9232 1518 5239 9233 1522 5240 9234 1521 5240 9235 1517 5240 9236 1521 5241 9237 1519 5241 9238 1517 5241 9239 1510 5242 9240 1520 5242 9241 1522 5242 9242 1522 5243 9243 1520 5243 9244 1521 5243 9245 1508 5244 9246 1518 5244 9247 1510 5244 9248 1510 5245 9249 1518 5245 9250 1520 5245 9251 1517 5246 9252 1519 5246 9253 1516 5246 9254 1516 5247 9255 1519 5247 9256 1518 5247 9257 1440 5248 9258 1491 5248 9259 1475 5248 9260 1527 47 9261 1525 47 9262 1544 47 9263 1452 5249 9264 1441 5249 9265 1450 5249 9266 1436 5250 9267 1450 5250 9268 1441 5250 9269 1495 47 9270 1544 47 9271 1525 47 9272 1544 47 9273 1495 47 9274 1436 47 9275 1436 47 9276 1495 47 9277 1486 47 9278 1436 5251 9279 1486 5251 9280 1450 5251 9281 1537 5252 9282 1527 5252 9283 1544 5252 9284 1458 47 9285 1450 47 9286 1486 47 9287 1527 5253 9288 1537 5253 9289 1441 5253 9290 1485 47 9291 1452 47 9292 1458 47 9293 1495 5254 9294 1525 5254 9295 1524 5254 9296 1495 47 9297 1524 47 9298 1494 47 9299 1452 5255 9300 1485 5255 9301 1441 5255 9302 1485 47 9303 1458 47 9304 1486 47 9305 1485 5256 9306 1494 5256 9307 1441 5256 9308 1494 5257 9309 1524 5257 9310 1441 5257 9311 1441 5258 9312 1524 5258 9313 1527 5258 9314 1510 3109 9315 1507 3109 9316 1508 3109 9317 1498 5259 9318 1510 5259 9319 1489 5259 9320 1508 5260 9321 1507 5260 9322 1496 5260 9323 1496 5261 9324 1507 5261 9325 1498 5261 9326 1478 3109 9327 1508 3109 9328 1496 3109 9329 1468 3109 9330 1477 3109 9331 1489 3109 9332 1466 5262 9333 1472 5262 9334 1468 5262 9335 1466 3109 9336 1478 3109 9337 1477 3109 9338 1477 5263 9339 1472 5263 9340 1466 5263 9341 1508 5264 9342 1506 5264 9343 1516 5264 9344 1479 3109 9345 1506 3109 9346 1505 3109 9347 1516 5265 9348 1506 5265 9349 1479 5265 9350 1479 3109 9351 1505 3109 9352 1478 3109 9353 1478 5266 9354 1505 5266 9355 1508 5266 9356 1479 5267 9357 1478 5267 9358 1466 5267 9359 1545 5268 9360 1531 5268 9361 1439 5268 9362 1459 5269 9363 1429 5269 9364 1437 5269 9365 1459 5270 9366 1437 5270 9367 1474 5270 9368 1511 5271 9369 1539 5271 9370 1545 5271 9371 1514 5272 9372 1504 5272 9373 1531 5272 9374 1439 5273 9375 1531 5273 9376 1504 5273 9377 1439 5274 9378 1504 5274 9379 1471 5274 9380 1439 5275 9381 1471 5275 9382 1442 5275 9383 1471 222 9384 1504 222 9385 1500 222 9386 1511 5276 9387 1490 5276 9388 1539 5276 9389 1429 5277 9390 1459 5277 9391 1476 5277 9392 1429 5278 9393 1476 5278 9394 1431 5278 9395 1490 5279 9396 1511 5279 9397 1488 5279 9398 1476 222 9399 1459 222 9400 1482 222 9401 1437 5280 9402 1475 5280 9403 1474 5280 9404 1474 5281 9405 1475 5281 9406 1490 5281 9407 1474 5282 9408 1490 5282 9409 1488 5282 9410 1431 5283 9411 1476 5283 9412 1439 5283 9413 1439 5284 9414 1476 5284 9415 1487 5284 9416 1439 5285 9417 1487 5285 9418 1545 5285 9419 1545 5286 9420 1487 5286 9421 1497 5286 9422 1545 5287 9423 1497 5287 9424 1511 5287 9425 1500 5288 9426 1481 5288 9427 1471 5288 9428 1488 5289 9429 1482 5289 9430 1474 5289 9431 1463 5290 9432 1442 5290 9433 1481 5290 9434 1463 5291 9435 1481 5291 9436 1479 5291 9437 1512 5292 9438 1514 5292 9439 1516 5292 9440 1512 5293 9441 1516 5293 9442 1501 5293 9443 1501 5294 9444 1516 5294 9445 1479 5294 9446 1501 5295 9447 1479 5295 9448 1500 5295 9449 1500 5296 9450 1479 5296 9451 1481 5296 9452 1530 5297 9453 1444 5297 9454 1443 5297 9455 1517 5298 9456 1530 5298 9457 1443 5298 9458 1510 5299 9459 1492 5299 9460 1489 5299 9461 1489 5300 9462 1492 5300 9463 1483 5300 9464 1489 5301 9465 1483 5301 9466 1468 5301 9467 1468 5302 9468 1483 5302 9469 1469 5302 9470 1469 5303 9471 1483 5303 9472 1484 5303 9473 1469 5304 9474 1484 5304 9475 1522 5304 9476 1522 5305 9477 1484 5305 9478 1493 5305 9479 1522 5306 9480 1493 5306 9481 1492 5306 9482 1522 5307 9483 1492 5307 9484 1510 5307 9485 1466 5308 9486 1465 5308 9487 1463 5308 9488 1465 5309 9489 1466 5309 9490 1467 5309 9491 1467 5310 9492 1466 5310 9493 1468 5310 9494 1469 5311 9495 1457 5311 9496 1468 5311 9497 1468 5312 9498 1457 5312 9499 1467 5312 9500 1463 5313 9501 1465 5313 9502 1464 5313 9503 1464 5314 9504 1465 5314 9505 1456 5314 9506 1464 5315 9507 1456 5315 9508 1457 5315 9509 1464 5316 9510 1457 5316 9511 1469 5316 9512 1469 222 9513 1522 222 9514 1464 222 9515 1464 5317 9516 1522 5317 9517 1517 5317 9518 1487 5318 9519 1478 5319 9520 1496 5320 9521 1487 5321 9522 1496 5322 9523 1497 5323 9524 1497 5324 9525 1496 5325 9526 1498 5326 9527 1497 5327 9528 1498 5328 9529 1489 5329 9530 1497 5330 9531 1489 5331 9532 1488 5332 9533 1488 5333 9534 1489 5334 9535 1482 5335 9536 1482 5336 9537 1489 5337 9538 1477 5338 9539 1482 5339 9540 1477 5340 9541 1476 5341 9542 1476 5342 9543 1477 5343 9544 1478 5344 9545 1476 5345 9546 1478 5346 9547 1487 5347 9548 1498 5348 9549 1499 5349 9550 1503 5350 9551 1498 5351 9552 1503 5352 9553 1510 5353 9554 1510 5354 9555 1503 5355 9556 1513 5356 9557 1510 5357 9558 1513 5358 9559 1507 5359 9560 1507 5360 9561 1513 5361 9562 1509 5362 9563 1507 5363 9564 1509 5364 9565 1499 5365 9566 1507 5366 9567 1499 5367 9568 1498 5368 9569 1499 5369 9570 1497 5370 9571 1488 5371 9572 1499 5372 9573 1488 5373 9574 1503 5374 9575 1503 5375 9576 1488 5376 9577 1511 5377 9578 1503 5378 9579 1511 5379 9580 1513 5380 9581 1513 5381 9582 1511 5382 9583 1509 5383 9584 1509 5384 9585 1511 5385 9586 1497 5386 9587 1509 5387 9588 1497 5388 9589 1499 5389 9590 1472 5390 9591 1460 5391 9592 1470 5392 9593 1472 5393 9594 1470 5394 9595 1468 5395 9596 1468 5396 9597 1470 5397 9598 1474 5398 9599 1468 5399 9600 1474 5400 9601 1477 5401 9602 1477 5402 9603 1474 5403 9604 1473 5404 9605 1477 5405 9606 1473 5406 9607 1472 5407 9608 1472 5408 9609 1473 5409 9610 1460 5410 9611 1460 5411 9612 1459 5412 9613 1470 5413 9614 1470 5414 9615 1459 5415 9616 1474 5416 9617 1474 5417 9618 1482 5418 9619 1473 5419 9620 1473 5420 9621 1482 5421 9622 1459 5422 9623 1473 5423 9624 1459 5424 9625 1460 5425 9626 1481 5426 9627 1442 5427 9628 1461 5428 9629 1461 5429 9630 1442 5430 9631 1462 5431 9632 1462 5432 9633 1442 5433 9634 1471 5434 9635 1462 5435 9636 1471 5436 9637 1480 5437 9638 1480 5438 9639 1471 5439 9640 1481 5440 9641 1461 5441 9642 1480 5441 9643 1481 5441 9644 1466 5442 9645 1461 5443 9646 1462 5444 9647 1466 5445 9648 1462 5446 9649 1480 5447 9650 1466 5448 9651 1480 5449 9652 1479 5450 9653 1479 5451 9654 1480 5452 9655 1461 5453 9656 1479 5454 9657 1461 5455 9658 1463 5456 9659 1463 5457 9660 1461 5458 9661 1466 5459 9662 1501 5460 9663 1500 5461 9664 1502 5462 9665 1502 5463 9666 1500 5464 9667 1504 5465 9668 1502 5466 9669 1504 5467 9670 1512 5468 9671 1512 5469 9672 1504 5470 9673 1514 5471 9674 1505 5472 9675 1501 5473 9676 1502 5474 9677 1505 5475 9678 1502 5476 9679 1508 5477 9680 1508 5478 9681 1502 5479 9682 1512 5480 9683 1508 5481 9684 1512 5482 9685 1506 5483 9686 1506 5484 9687 1512 5485 9688 1501 5486 9689 1506 5487 9690 1501 5488 9691 1505 5489 9692 1531 5490 9693 1541 5491 9694 1532 5492 9695 1545 5493 9696 1541 5494 9697 1531 5495 9698 1539 5496 9699 1538 5497 9700 1545 5498 9701 1490 5499 9702 1538 5500 9703 1539 5501 9704 1491 5502 9705 1538 5503 9706 1490 5504 9707 1490 5505 9708 1475 5506 9709 1491 5507 9710 1437 5508 9711 1440 5509 9712 1475 5510 9713 1437 5511 9714 1432 5512 9715 1440 5513 9716 1429 5514 9717 1432 5515 9718 1437 5516 9719 1432 5517 9720 1429 5518 9721 1430 5519 9722 1430 5520 9723 1429 5521 9724 1431 5522 9725 1439 5523 9726 1438 5524 9727 1431 5525 9728 1541 5526 9729 1545 5526 9730 1538 5526 9731 1515 5527 9732 1541 5528 9733 1538 5529 9734 1515 5530 9735 1532 5531 9736 1541 5532 9737 1537 5533 9738 1532 5534 9739 1515 5535 9740 1491 5536 9741 1440 5537 9742 1538 5538 9743 1538 5539 9744 1440 5540 9745 1515 5541 9746 1515 5542 9747 1440 5543 9748 1453 5544 9749 1515 5545 9750 1453 5546 9751 1537 5547 9752 1537 5548 9753 1453 5549 9754 1441 5550 9755 1453 5551 9756 1440 5552 9757 1432 5553 9758 1453 5554 9759 1438 5555 9760 1441 5556 9761 1432 5557 9762 1431 5558 9763 1453 5559 9764 1453 5560 9765 1431 5561 9766 1438 5562 9767 1430 5563 9768 1431 5564 9769 1432 5565 9770 1447 5566 9771 1445 5566 9772 1467 5566 9773 1467 5567 9774 1445 5567 9775 1465 5567 9776 1467 5568 9777 1457 5568 9778 1447 5568 9779 1447 5569 9780 1457 5569 9781 1448 5569 9782 1448 5570 9783 1434 5570 9784 1447 5570 9785 1456 5571 9786 1465 5571 9787 1445 5571 9788 1456 5572 9789 1445 5572 9790 1446 5572 9791 1448 5573 9792 1457 5573 9793 1446 5573 9794 1446 5574 9795 1457 5574 9796 1456 5574 9797 1518 5575 9798 1519 5575 9799 1533 5575 9800 1533 5576 9801 1519 5576 9802 1534 5576 9803 1521 5577 9804 1520 5577 9805 1535 5577 9806 1521 5578 9807 1535 5578 9808 1536 5578 9809 1536 5579 9810 1535 5579 9811 1542 5579 9812 1535 5580 9813 1520 5580 9814 1533 5580 9815 1533 5581 9816 1520 5581 9817 1518 5581 9818 1534 5582 9819 1519 5582 9820 1521 5582 9821 1534 5583 9822 1521 5583 9823 1536 5583 9824 1494 5584 9825 1485 5584 9826 1492 5584 9827 1492 5585 9828 1485 5585 9829 1483 5585 9830 1492 5586 9831 1493 5586 9832 1494 5586 9833 1494 5587 9834 1493 5587 9835 1495 5587 9836 1486 5588 9837 1495 5588 9838 1484 5588 9839 1484 5589 9840 1495 5589 9841 1493 5589 9842 1484 5590 9843 1483 5590 9844 1486 5590 9845 1486 5591 9846 1483 5591 9847 1485 5591 9848 1543 5592 9849 1542 5592 9850 1544 5592 9851 1434 5593 9852 1435 5593 9853 1436 5593 9854 1444 5594 9855 1433 5594 9856 1446 5594 9857 1543 5595 9858 1544 5595 9859 1435 5595 9860 1435 5596 9861 1544 5596 9862 1436 5596 9863 1447 5597 9864 1434 5597 9865 1441 5597 9866 1441 5598 9867 1434 5598 9868 1436 5598 9869 1542 5599 9870 1535 5599 9871 1544 5599 9872 1544 5600 9873 1535 5600 9874 1537 5600 9875 1448 5601 9876 1446 5601 9877 1434 5601 9878 1536 5602 9879 1542 5602 9880 1540 5602 9881 1536 5603 9882 1540 5603 9883 1534 5603 9884 1526 5604 9885 1525 5605 9886 1527 5606 9887 1526 5607 9888 1527 5608 9889 1523 5609 9890 1523 5610 9891 1527 5611 9892 1524 5612 9893 1523 5613 9894 1524 5614 9895 1525 5615 9896 1523 5616 9897 1525 5617 9898 1526 5618 9899 1451 5619 9900 1450 5620 9901 1458 5621 9902 1451 5622 9903 1458 5623 9904 1452 5624 9905 1451 5625 9906 1452 5626 9907 1449 5627 9908 1449 5628 9909 1452 5629 9910 1450 5630 9911 1449 5631 9912 1450 5632 9913 1451 5633 9914 1435 5634 9915 1434 5634 9916 1455 5634 9917 1455 5635 9918 1434 5635 9919 1454 5635 9920 1454 5636 9921 1528 5636 9922 1455 5636 9923 1455 5637 9924 1528 5637 9925 1529 5637 9926 1464 5638 9927 1443 5639 9928 1463 5640 9929 1463 5641 9930 1443 5642 9931 1442 5643 9932 1516 5644 9933 1514 5645 9934 1517 5646 9935</p>
        </triangles>
        <triangles material="Shape_271-material" count="336">
          <input semantic="VERTEX" source="#Shape_IndexedFaceSet_270-mesh-vertices" offset="0"/>
          <input semantic="NORMAL" source="#Shape_IndexedFaceSet_270-mesh-normals" offset="1"/>
          <input semantic="TEXCOORD" source="#Shape_IndexedFaceSet_270-mesh-map-0" offset="2" set="0"/>
          <p>1546 5647 9936 1583 5647 9937 1547 5647 9938 1623 5648 9939 1608 5648 9940 1622 5648 9941 1622 5649 9942 1608 5649 9943 1620 5649 9944 1583 59 9945 1567 59 9946 1547 59 9947 1547 5650 9948 1567 5650 9949 1563 5650 9950 1563 5651 9951 1589 5651 9952 1571 5651 9953 1571 59 9954 1589 59 9955 1617 59 9956 1589 59 9957 1596 59 9958 1617 59 9959 1617 5652 9960 1596 5652 9961 1623 5652 9962 1623 5653 9963 1596 5653 9964 1608 5653 9965 1567 5654 9966 1583 5654 9967 1596 5654 9968 1596 59 9969 1583 59 9970 1608 59 9971 1563 59 9972 1571 59 9973 1547 59 9974 1699 5655 9975 1681 5655 9976 1694 5655 9977 1661 47 9978 1657 47 9979 1636 47 9980 1636 5656 9981 1657 5656 9982 1621 5656 9983 1657 5657 9984 1635 5657 9985 1621 5657 9986 1621 5658 9987 1635 5658 9988 1624 5658 9989 1677 47 9990 1694 47 9991 1681 47 9992 1685 5659 9993 1661 5659 9994 1647 5659 9995 1661 47 9996 1636 47 9997 1647 47 9998 1694 5660 9999 1677 5660 10000 1685 5660 10001 1677 5661 10002 1681 5661 10003 1657 5661 10004 1657 47 10005 1681 47 10006 1635 47 10007 1685 47 10008 1647 47 10009 1694 47 10010 1551 5662 10011 1548 5662 10012 1581 5662 10013 1551 5663 10014 1575 5663 10015 1559 5663 10016 1607 5664 10017 1616 5664 10018 1575 5664 10019 1575 5665 10020 1616 5665 10021 1559 5665 10022 1605 5666 10023 1607 5666 10024 1561 5666 10025 1561 5667 10026 1581 5667 10027 1605 5667 10028 1581 5668 10029 1561 5668 10030 1551 5668 10031 1585 59 10032 1576 59 10033 1579 59 10034 1585 59 10035 1579 59 10036 1609 59 10037 1620 5669 10038 1609 5669 10039 1600 5669 10040 1600 59 10041 1609 59 10042 1579 59 10043 1576 5670 10044 1591 5670 10045 1600 5670 10046 1600 5671 10047 1591 5671 10048 1620 5671 10049 1585 5672 10050 1546 5672 10051 1576 5672 10052 1576 5673 10053 1546 5673 10054 1550 5673 10055 1591 5674 10056 1576 5674 10057 1550 5674 10058 1608 5675 10059 1609 5675 10060 1620 5675 10061 1547 5676 10062 1549 5676 10063 1546 5676 10064 1546 5677 10065 1549 5677 10066 1548 5677 10067 1546 5678 10068 1548 5678 10069 1550 5678 10070 1550 5679 10071 1548 5679 10072 1551 5679 10073 1571 5680 10074 1572 5681 10075 1549 5682 10076 1571 5683 10077 1549 5684 10078 1547 5685 10079 1617 5686 10080 1612 5687 10081 1571 5688 10082 1571 5689 10083 1612 5690 10084 1572 5691 10085 1589 5692 10086 1568 5693 10087 1597 5694 10088 1589 5695 10089 1597 5696 10090 1596 5697 10091 1596 5698 10092 1597 5699 10093 1590 5700 10094 1596 5701 10095 1590 5702 10096 1567 5703 10097 1567 5704 10098 1590 5705 10099 1564 5706 10100 1567 5707 10101 1564 5708 10102 1563 5709 10103 1563 5710 10104 1564 5711 10105 1568 5712 10106 1563 5713 10107 1568 5714 10108 1589 5715 10109 1625 5716 10110 1678 5716 10111 1623 5716 10112 1678 5717 10113 1696 5717 10114 1689 5717 10115 1672 59 10116 1682 59 10117 1689 59 10118 1623 5718 10119 1651 5718 10120 1638 5718 10121 1625 5719 10122 1623 5719 10123 1622 5719 10124 1678 59 10125 1682 59 10126 1658 59 10127 1689 59 10128 1682 59 10129 1678 59 10130 1678 5720 10131 1658 5720 10132 1623 5720 10133 1623 5721 10134 1658 5721 10135 1654 5721 10136 1654 5722 10137 1651 5722 10138 1623 5722 10139 1651 59 10140 1654 59 10141 1672 59 10142 1651 5723 10143 1672 5723 10144 1689 5723 10145 1550 5724 10146 1551 5725 10147 1559 5726 10148 1550 5727 10149 1559 5728 10150 1591 5729 10151 1620 5730 10152 1591 5731 10153 1616 5732 10154 1616 5733 10155 1591 5734 10156 1559 5735 10157 1579 5736 10158 1578 5737 10159 1580 5738 10160 1579 5739 10161 1580 5740 10162 1600 5741 10163 1600 5742 10164 1580 5743 10165 1576 5744 10166 1576 5745 10167 1580 5746 10168 1577 5747 10169 1576 5748 10170 1577 5749 10171 1578 5750 10172 1576 5751 10173 1578 5752 10174 1579 5753 10175 1697 5754 10176 1695 5754 10177 1663 5754 10178 1646 5755 10179 1641 5755 10180 1629 5755 10181 1646 5756 10182 1675 5756 10183 1641 5756 10184 1675 5757 10185 1646 5757 10186 1687 5757 10187 1687 47 10188 1695 47 10189 1675 47 10190 1637 5758 10191 1650 5758 10192 1646 5758 10193 1687 47 10194 1669 47 10195 1695 47 10196 1695 5759 10197 1669 5759 10198 1663 5759 10199 1650 5760 10200 1637 5760 10201 1669 5760 10202 1669 5761 10203 1637 5761 10204 1663 5761 10205 1688 5762 10206 1698 5762 10207 1664 5762 10208 1688 5763 10209 1653 5763 10210 1648 5763 10211 1645 5764 10212 1630 5764 10213 1653 5764 10214 1653 5765 10215 1630 5765 10216 1648 5765 10217 1643 5766 10218 1645 5766 10219 1662 5766 10220 1662 5767 10221 1664 5767 10222 1643 5767 10223 1664 5768 10224 1662 5768 10225 1688 5768 10226 1689 5769 10227 1690 5770 10228 1649 5771 10229 1689 5772 10230 1649 5773 10231 1651 5774 10232 1651 5775 10233 1649 5776 10234 1638 5777 10235 1638 5778 10236 1649 5779 10237 1626 5780 10238 1638 5781 10239 1626 5782 10240 1623 5783 10241 1672 5692 10242 1659 5784 10243 1683 5785 10244 1672 5695 10245 1683 5696 10246 1682 5786 10247 1682 5787 10248 1683 5788 10249 1674 5789 10250 1682 5701 10251 1674 5702 10252 1658 5703 10253 1658 5790 10254 1674 5791 10255 1655 5792 10256 1658 5707 10257 1655 5708 10258 1654 5709 10259 1654 5710 10260 1655 5711 10261 1659 5712 10262 1654 5793 10263 1659 5794 10264 1672 5795 10265 1627 5796 10266 1641 5797 10267 1644 5798 10268 1644 5799 10269 1641 5800 10270 1675 5801 10271 1627 5802 10272 1629 5803 10273 1641 5804 10274 1644 5805 10275 1675 5806 10276 1691 5807 10277 1691 5808 10278 1675 5809 10279 1695 5810 10280 1670 5811 10281 1668 5812 10282 1671 5813 10283 1670 5814 10284 1671 5815 10285 1686 5816 10286 1686 5817 10287 1671 5818 10288 1666 5744 10289 1666 5819 10290 1671 5820 10291 1667 5821 10292 1666 5748 10293 1667 5749 10294 1668 5750 10295 1666 5822 10296 1668 5823 10297 1670 5824 10298 1636 5825 10299 1621 5825 10300 1634 5825 10301 1623 5826 10302 1619 5826 10303 1612 5826 10304 1634 5827 10305 1621 5827 10306 1631 5827 10307 1617 5828 10308 1623 5828 10309 1612 5828 10310 1619 5829 10311 1623 5829 10312 1621 5829 10313 1619 5830 10314 1621 5830 10315 1614 5830 10316 1621 5831 10317 1623 5831 10318 1631 5831 10319 1631 5832 10320 1623 5832 10321 1626 5832 10322 1691 5833 10323 1695 5833 10324 1697 5833 10325 1696 5834 10326 1697 5834 10327 1689 5834 10328 1689 5835 10329 1697 5835 10330 1690 5835 10331 1628 5836 10332 1627 5836 10333 1679 5836 10334 1670 5837 10335 1686 5837 10336 1697 5837 10337 1697 5838 10338 1686 5838 10339 1691 5838 10340 1666 59 10341 1644 59 10342 1691 59 10343 1666 59 10344 1691 59 10345 1686 59 10346 1644 5839 10347 1666 5839 10348 1627 5839 10349 1627 5840 10350 1666 5840 10351 1679 5840 10352 1679 5841 10353 1666 5841 10354 1670 5841 10355 1679 5842 10356 1670 5842 10357 1697 5842 10358 1696 2611 10359 1678 2611 10360 1697 2611 10361 1697 5843 10362 1678 5843 10363 1679 5843 10364 1625 5844 10365 1622 5844 10366 1628 5844 10367 1628 5845 10368 1622 5845 10369 1627 5845 10370 1628 5846 10371 1679 5846 10372 1625 5846 10373 1625 5847 10374 1679 5847 10375 1678 5847 10376 1655 5848 10377 1639 5848 10378 1626 5848 10379 1655 5849 10380 1626 5849 10381 1659 5849 10382 1655 5850 10383 1673 5850 10384 1639 5850 10385 1659 47 10386 1649 47 10387 1683 47 10388 1649 5851 10389 1659 5851 10390 1626 5851 10391 1697 5852 10392 1674 5852 10393 1690 5852 10394 1655 5853 10395 1674 5853 10396 1673 5853 10397 1673 5854 10398 1674 5854 10399 1697 5854 10400 1690 47 10401 1674 47 10402 1683 47 10403 1683 47 10404 1649 47 10405 1690 47 10406 1639 5855 10407 1637 5856 10408 1626 5857 10409 1626 5858 10410 1637 5859 10411 1631 5860 10412 1673 5861 10413 1663 5862 10414 1639 5863 10415 1639 5864 10416 1663 5865 10417 1637 5866 10418 1673 5867 10419 1697 5867 10420 1663 5867 10421 1647 5868 10422 1652 5869 10423 1693 5870 10424 1647 5871 10425 1693 5872 10426 1694 5873 10427 1636 5874 10428 1634 5875 10429 1647 5876 10430 1647 5877 10431 1634 5878 10432 1652 5879 10433 1661 5880 10434 1676 5881 10435 1656 5882 10436 1661 5883 10437 1656 5884 10438 1657 5885 10439 1657 5886 10440 1656 5887 10441 1660 5888 10442 1657 5889 10443 1660 5890 10444 1677 5891 10445 1677 5892 10446 1660 5893 10447 1684 5894 10448 1677 5895 10449 1684 5896 10450 1685 5897 10451 1685 5898 10452 1684 5899 10453 1676 5900 10454 1685 5901 10455 1676 5902 10456 1661 5903 10457 1632 5904 10458 1642 5905 10459 1630 5906 10460 1630 5907 10461 1642 5908 10462 1648 5909 10463 1692 5910 10464 1688 5911 10465 1648 5912 10466 1692 5913 10467 1648 5914 10468 1642 5915 10469 1611 5916 10470 1588 5916 10471 1621 5916 10472 1588 5917 10473 1556 5917 10474 1557 5917 10475 1570 47 10476 1566 47 10477 1557 47 10478 1621 5918 10479 1574 5918 10480 1613 5918 10481 1611 5919 10482 1621 5919 10483 1624 5919 10484 1611 5920 10485 1624 5920 10486 1618 5920 10487 1588 47 10488 1566 47 10489 1595 47 10490 1557 47 10491 1566 47 10492 1588 47 10493 1595 5921 10494 1621 5921 10495 1588 5921 10496 1621 5922 10497 1595 5922 10498 1599 5922 10499 1599 5923 10500 1574 5923 10501 1621 5923 10502 1570 47 10503 1557 47 10504 1574 47 10505 1570 5924 10506 1574 5924 10507 1599 5924 10508 1688 5925 10509 1692 5925 10510 1698 5925 10511 1698 5926 10512 1692 5926 10513 1699 5926 10514 1698 5927 10515 1699 5927 10516 1693 5927 10517 1693 5928 10518 1699 5928 10519 1694 5928 10520 1680 5929 10521 1671 5929 10522 1668 5929 10523 1671 5930 10524 1642 5930 10525 1667 5930 10526 1667 5931 10527 1642 5931 10528 1632 5931 10529 1680 47 10530 1668 47 10531 1633 47 10532 1667 5932 10533 1632 5932 10534 1633 5932 10535 1667 47 10536 1633 47 10537 1668 47 10538 1642 5933 10539 1671 5933 10540 1692 5933 10541 1680 5934 10542 1699 5934 10543 1671 5934 10544 1671 5935 10545 1699 5935 10546 1692 5935 10547 1681 5936 10548 1699 5936 10549 1680 5936 10550 1635 5937 10551 1633 5937 10552 1624 5937 10553 1624 5938 10554 1633 5938 10555 1632 5938 10556 1635 5939 10557 1681 5939 10558 1633 5939 10559 1633 5940 10560 1681 5940 10561 1680 5940 10562 1665 5941 10563 1634 5941 10564 1640 5941 10565 1684 5942 10566 1698 5942 10567 1693 5942 10568 1684 59 10569 1693 59 10570 1676 59 10571 1698 5943 10572 1684 5943 10573 1665 5943 10574 1665 5944 10575 1684 5944 10576 1660 5944 10577 1660 5945 10578 1634 5945 10579 1665 5945 10580 1676 59 10581 1693 59 10582 1652 59 10583 1676 5946 10584 1652 5946 10585 1656 5946 10586 1634 5947 10587 1660 5947 10588 1656 5947 10589 1634 5948 10590 1656 5948 10591 1652 5948 10592 1664 5949 10593 1665 5950 10594 1643 5951 10595 1643 5952 10596 1665 5953 10597 1640 5954 10598 1634 5955 10599 1631 5956 10600 1640 5957 10601 1640 5958 10602 1631 5959 10603 1643 5960 10604 1698 5961 10605 1665 5961 10606 1664 5961 10607 1630 5962 10608 1631 5963 10609 1629 5964 10610 1629 5965 10611 1631 5966 10612 1637 5967 10613 1629 5968 10614 1637 5969 10615 1646 5970 10616 1645 5971 10617 1643 5972 10618 1630 5973 10619 1630 5974 10620 1643 5975 10621 1631 5976 10622 1646 5977 10623 1645 5978 10624 1653 5979 10625 1646 5980 10626 1653 5981 10627 1687 5982 10628 1687 5983 10629 1653 5984 10630 1688 5985 10631 1687 5986 10632 1688 5987 10633 1662 5988 10634 1687 5989 10635 1662 5990 10636 1669 5991 10637 1669 5992 10638 1662 5993 10639 1650 5994 10640 1650 5995 10641 1662 5996 10642 1645 5997 10643 1650 5998 10644 1645 5999 10645 1646 6000 10646 1632 6001 10647 1630 6001 10648 1615 6001 10649 1632 6002 10650 1615 6002 10651 1624 6002 10652 1620 6003 10653 1616 6003 10654 1627 6003 10655 1627 6004 10656 1616 6004 10657 1615 6004 10658 1627 6005 10659 1615 6005 10660 1629 6005 10661 1629 6006 10662 1615 6006 10663 1630 6006 10664 1618 6007 10665 1624 6007 10666 1615 6007 10667 1627 6008 10668 1622 6008 10669 1620 6008 10670 1583 6009 10671 1546 6009 10672 1585 6009 10673 1583 6010 10674 1585 6010 10675 1608 6010 10676 1608 6011 10677 1585 6011 10678 1609 6011 10679 1612 6012 10680 1604 6012 10681 1584 6012 10682 1568 47 10683 1564 47 10684 1549 47 10685 1549 6013 10686 1564 6013 10687 1548 6013 10688 1548 6014 10689 1564 6014 10690 1584 6014 10691 1584 6015 10692 1564 6015 10693 1590 6015 10694 1590 6016 10695 1612 6016 10696 1584 6016 10697 1612 6017 10698 1590 6017 10699 1597 6017 10700 1568 47 10701 1549 47 10702 1572 47 10703 1568 6018 10704 1572 6018 10705 1597 6018 10706 1612 6019 10707 1597 6019 10708 1572 6019 10709 1548 6020 10710 1584 6020 10711 1581 6020 10712 1612 6021 10713 1605 6022 10714 1604 6023 10715 1619 6024 10716 1605 6025 10717 1612 6026 10718 1604 6027 10719 1605 6028 10720 1584 6029 10721 1584 6030 10722 1605 6031 10723 1581 6032 10724 1553 6033 10725 1552 6033 10726 1582 6033 10727 1592 6034 10728 1601 6034 10729 1603 6034 10730 1603 6035 10731 1601 6035 10732 1615 6035 10733 1592 59 10734 1560 59 10735 1601 59 10736 1560 6036 10737 1592 6036 10738 1558 6036 10739 1558 59 10740 1552 59 10741 1560 59 10742 1558 59 10743 1562 59 10744 1552 59 10745 1552 6037 10746 1562 6037 10747 1582 6037 10748 1603 6038 10749 1606 6038 10750 1562 6038 10751 1562 6039 10752 1606 6039 10753 1582 6039 10754 1557 6040 10755 1555 6041 10756 1573 6042 10757 1557 6043 10758 1573 6044 10759 1574 6045 10760 1574 6046 10761 1573 6047 10762 1613 6048 10763 1613 6049 10764 1573 6050 10765 1614 6051 10766 1613 6052 10767 1614 6053 10768 1621 6054 10769 1570 5880 10770 1594 6055 10771 1565 6056 10772 1570 5883 10773 1565 5884 10774 1566 6057 10775 1566 6058 10776 1565 6059 10777 1569 6060 10778 1566 5889 10779 1569 5890 10780 1595 5891 10781 1595 6061 10782 1569 6062 10783 1598 6063 10784 1595 5895 10785 1598 5896 10786 1599 5897 10787 1599 5898 10788 1598 5899 10789 1594 5900 10790 1599 6064 10791 1594 6065 10792 1570 6066 10793 1618 6067 10794 1601 6068 10795 1593 6069 10796 1593 6070 10797 1601 6071 10798 1560 6072 10799 1618 6073 10800 1615 6074 10801 1601 6075 10802 1593 6076 10803 1560 6077 10804 1554 6078 10805 1554 6079 10806 1560 6080 10807 1552 6081 10808 1554 6082 10809 1552 6082 10810 1553 6082 10811 1556 6083 10812 1553 6083 10813 1557 6083 10814 1557 6084 10815 1553 6084 10816 1555 6084 10817 1618 6085 10818 1586 6085 10819 1610 6085 10820 1580 47 10821 1593 47 10822 1554 47 10823 1580 47 10824 1554 47 10825 1577 47 10826 1578 6086 10827 1553 6086 10828 1586 6086 10829 1553 6087 10830 1578 6087 10831 1577 6087 10832 1553 6088 10833 1577 6088 10834 1554 6088 10835 1618 6089 10836 1580 6089 10837 1586 6089 10838 1586 47 10839 1580 47 10840 1578 47 10841 1593 6090 10842 1580 6090 10843 1618 6090 10844 1556 2868 10845 1588 2868 10846 1553 2868 10847 1553 6091 10848 1588 6091 10849 1586 6091 10850 1611 6092 10851 1618 6092 10852 1610 6092 10853 1610 6093 10854 1586 6093 10855 1611 6093 10856 1611 6094 10857 1586 6094 10858 1588 6094 10859 1598 6095 10860 1602 6095 10861 1614 6095 10862 1598 6096 10863 1614 6096 10864 1594 6096 10865 1565 6097 10866 1594 6097 10867 1573 6097 10868 1573 6098 10869 1594 6098 10870 1614 6098 10871 1553 6099 10872 1569 6099 10873 1555 6099 10874 1598 6100 10875 1587 6100 10876 1602 6100 10877 1587 6101 10878 1598 6101 10879 1569 6101 10880 1587 6102 10881 1569 6102 10882 1553 6102 10883 1555 59 10884 1569 59 10885 1565 59 10886 1565 59 10887 1573 59 10888 1555 59 10889 1602 6103 10890 1619 6104 10891 1614 6105 10892 1602 6106 10893 1606 6107 10894 1619 6108 10895 1587 6109 10896 1582 6110 10897 1602 6111 10898 1602 6112 10899 1582 6113 10900 1606 6114 10901 1587 6115 10902 1553 6115 10903 1582 6115 10904 1606 6116 10905 1615 6117 10906 1619 6118 10907 1603 6119 10908 1615 6120 10909 1606 6121 10910 1616 6122 10911 1619 6123 10912 1615 6124 10913 1616 6125 10914 1605 6126 10915 1619 6127 10916 1607 6128 10917 1605 6129 10918 1616 6130 10919 1603 6131 10920 1607 6132 10921 1592 6133 10922 1592 6134 10923 1607 6135 10924 1575 6136 10925 1592 6137 10926 1575 6138 10927 1558 6139 10928 1558 6140 10929 1575 6141 10930 1551 6142 10931 1558 6143 10932 1551 6144 10933 1561 6145 10934 1558 6146 10935 1561 6147 10936 1562 6148 10937 1562 6149 10938 1561 6150 10939 1603 6151 10940 1603 6152 10941 1561 6153 10942 1607 6154 10943</p>
        </triangles>
        <triangles material="Shape_272-material" count="336">
          <input semantic="VERTEX" source="#Shape_IndexedFaceSet_270-mesh-vertices" offset="0"/>
          <input semantic="NORMAL" source="#Shape_IndexedFaceSet_270-mesh-normals" offset="1"/>
          <input semantic="TEXCOORD" source="#Shape_IndexedFaceSet_270-mesh-map-0" offset="2" set="0"/>
          <p>1700 6155 10944 1735 6155 10945 1701 6155 10946 1735 6156 10947 1722 6156 10948 1701 6156 10949 1777 6157 10950 1763 6157 10951 1776 6157 10952 1776 6158 10953 1763 6158 10954 1774 6158 10955 1718 6159 10956 1741 6159 10957 1742 6159 10958 1742 59 10959 1741 59 10960 1761 59 10961 1761 6160 10962 1741 6160 10963 1750 6160 10964 1761 6161 10965 1750 6161 10966 1777 6161 10967 1777 6162 10968 1750 6162 10969 1763 6162 10970 1701 6163 10971 1722 6163 10972 1718 6163 10973 1722 6164 10974 1735 6164 10975 1750 6164 10976 1750 6165 10977 1735 6165 10978 1763 6165 10979 1742 6166 10980 1701 6166 10981 1718 6166 10982 1853 6167 10983 1834 6167 10984 1843 6167 10985 1816 47 10986 1812 47 10987 1790 47 10988 1790 6168 10989 1812 6168 10990 1775 6168 10991 1812 6169 10992 1789 6169 10993 1775 6169 10994 1775 6170 10995 1789 6170 10996 1778 6170 10997 1830 47 10998 1843 47 10999 1834 47 11000 1838 47 11001 1816 47 11002 1803 47 11003 1803 47 11004 1816 47 11005 1790 47 11006 1830 6171 11007 1834 6171 11008 1812 6171 11009 1812 47 11010 1834 47 11011 1789 47 11012 1843 6172 11013 1830 6172 11014 1838 6172 11015 1838 47 11016 1803 47 11017 1843 47 11018 1705 6173 11019 1702 6173 11020 1733 6173 11021 1705 6174 11022 1727 6174 11023 1713 6174 11024 1762 6175 11025 1771 6175 11026 1727 6175 11027 1727 6176 11028 1771 6176 11029 1713 6176 11030 1759 6177 11031 1762 6177 11032 1717 6177 11033 1733 47 11034 1717 47 11035 1705 47 11036 1717 6178 11037 1733 6178 11038 1759 6178 11039 1774 6179 11040 1764 6179 11041 1731 6179 11042 1737 59 11043 1728 59 11044 1731 59 11045 1737 59 11046 1731 59 11047 1764 59 11048 1715 6180 11049 1755 6180 11050 1774 6180 11051 1728 6181 11052 1704 6181 11053 1730 6181 11054 1730 6182 11055 1704 6182 11056 1715 6182 11057 1774 6183 11058 1731 6183 11059 1715 6183 11060 1715 59 11061 1731 59 11062 1730 59 11063 1737 6184 11064 1700 6184 11065 1728 6184 11066 1728 6185 11067 1700 6185 11068 1704 6185 11069 1763 6186 11070 1764 6186 11071 1774 6186 11072 1701 6187 11073 1703 6187 11074 1700 6187 11075 1700 6188 11076 1703 6188 11077 1702 6188 11078 1700 6189 11079 1702 6189 11080 1704 6189 11081 1704 6190 11082 1702 6190 11083 1705 6190 11084 1742 6191 11085 1714 6192 11086 1701 6193 11087 1701 6194 11088 1714 6195 11089 1703 6196 11090 1761 6197 11091 1767 6198 11092 1714 6199 11093 1761 6200 11094 1714 6201 11095 1742 6202 11096 1741 6203 11097 1723 6204 11098 1751 6205 11099 1741 6206 11100 1751 6207 11101 1750 6208 11102 1750 6209 11103 1751 6210 11104 1743 6211 11105 1750 6212 11106 1743 6213 11107 1722 6214 11108 1722 6215 11109 1743 6216 11110 1719 6217 11111 1722 6218 11112 1719 6219 11113 1718 482 11114 1718 6220 11115 1719 6221 11116 1723 6222 11117 1718 6223 11118 1723 6224 11119 1741 6225 11120 1779 6226 11121 1831 6226 11122 1777 6226 11123 1831 6227 11124 1850 6227 11125 1847 6227 11126 1825 2472 11127 1835 2472 11128 1847 2472 11129 1777 6228 11130 1805 6228 11131 1792 6228 11132 1831 6229 11133 1835 6229 11134 1813 6229 11135 1779 6230 11136 1777 6230 11137 1776 6230 11138 1847 6231 11139 1835 6231 11140 1831 6231 11141 1831 6232 11142 1813 6232 11143 1777 6232 11144 1777 6233 11145 1813 6233 11146 1809 6233 11147 1809 6234 11148 1805 6234 11149 1777 6234 11150 1805 59 11151 1809 59 11152 1825 59 11153 1825 6235 11154 1847 6235 11155 1805 6235 11156 1704 6236 11157 1705 6237 11158 1713 6238 11159 1704 6239 11160 1713 6240 11161 1715 6241 11162 1774 6242 11163 1755 6243 11164 1771 6244 11165 1771 6245 11166 1755 6246 11167 1713 6247 11168 1713 6248 11169 1755 6249 11170 1715 6250 11171 1731 6251 11172 1729 6252 11173 1754 6253 11174 1731 6254 11175 1754 6255 11176 1732 6256 11177 1731 6257 11178 1732 6258 11179 1730 6259 11180 1730 6260 11181 1732 6261 11182 1729 6262 11183 1730 6263 11184 1729 6264 11185 1728 6265 11186 1728 6266 11187 1729 6267 11188 1731 6268 11189 1851 6269 11190 1846 6269 11191 1817 6269 11192 1800 6270 11193 1795 6270 11194 1783 6270 11195 1800 6271 11196 1840 6271 11197 1795 6271 11198 1846 47 11199 1845 47 11200 1840 47 11201 1791 6272 11202 1804 6272 11203 1800 6272 11204 1846 6273 11205 1804 6273 11206 1817 6273 11207 1804 6274 11208 1791 6274 11209 1817 6274 11210 1844 6275 11211 1808 6275 11212 1801 6275 11213 1799 6276 11214 1784 6276 11215 1808 6276 11216 1808 6277 11217 1784 6277 11218 1801 6277 11219 1797 6278 11220 1799 6278 11221 1807 6278 11222 1807 6279 11223 1818 6279 11224 1797 6279 11225 1807 59 11226 1844 59 11227 1818 59 11228 1818 6280 11229 1844 6280 11230 1852 6280 11231 1847 6281 11232 1841 6282 11233 1805 6283 11234 1805 6284 11235 1841 6285 11236 1802 6286 11237 1805 6287 11238 1802 6288 11239 1792 6289 11240 1792 6290 11241 1802 6291 11242 1780 6292 11243 1792 6293 11244 1780 6294 11245 1777 6295 11246 1825 6296 11247 1814 6297 11248 1836 6298 11249 1825 6299 11250 1836 6300 11251 1835 6301 11252 1835 6302 11253 1836 6303 11254 1827 6304 11255 1835 6305 11256 1827 6306 11257 1813 6307 11258 1813 6308 11259 1827 6309 11260 1810 6310 11261 1813 6311 11262 1810 6312 11263 1809 660 11264 1809 6313 11265 1810 6314 11266 1814 6315 11267 1809 6316 11268 1814 6317 11269 1825 6318 11270 1781 6319 11271 1795 6320 11272 1798 6321 11273 1798 6322 11274 1795 6323 11275 1840 6324 11276 1781 6325 11277 1783 6326 11278 1795 6327 11279 1798 6328 11280 1840 6329 11281 1842 6330 11282 1842 6331 11283 1840 6332 11284 1845 6333 11285 1842 6334 11286 1845 6335 11287 1846 6336 11288 1823 6337 11289 1821 6338 11290 1839 6339 11291 1823 6340 11292 1839 6341 11293 1824 6342 11294 1823 6343 11295 1824 6344 11296 1822 6345 11297 1822 6346 11298 1824 6347 11299 1821 6348 11300 1822 6349 11301 1821 6350 11302 1820 6351 11303 1820 6266 11304 1821 6267 11305 1823 6268 11306 1790 6352 11307 1775 6352 11308 1788 6352 11309 1777 6353 11310 1773 6353 11311 1767 6353 11312 1788 6354 11313 1775 6354 11314 1785 6354 11315 1761 6355 11316 1777 6355 11317 1767 6355 11318 1773 6356 11319 1777 6356 11320 1775 6356 11321 1773 6357 11322 1775 6357 11323 1769 6357 11324 1775 6358 11325 1777 6358 11326 1785 6358 11327 1785 6359 11328 1777 6359 11329 1780 6359 11330 1842 6360 11331 1846 6360 11332 1851 6360 11333 1850 6361 11334 1851 6361 11335 1847 6361 11336 1847 6362 11337 1851 6362 11338 1841 6362 11339 1832 6363 11340 1782 6363 11341 1781 6363 11342 1851 6364 11343 1823 6364 11344 1842 6364 11345 1798 59 11346 1842 59 11347 1822 59 11348 1822 59 11349 1842 59 11350 1823 59 11351 1798 6365 11352 1822 6365 11353 1781 6365 11354 1822 6366 11355 1820 6366 11356 1781 6366 11357 1781 6367 11358 1820 6367 11359 1832 6367 11360 1832 6368 11361 1820 6368 11362 1823 6368 11363 1832 6369 11364 1823 6369 11365 1851 6369 11366 1850 6370 11367 1831 6370 11368 1851 6370 11369 1851 6371 11370 1831 6371 11371 1832 6371 11372 1779 6372 11373 1776 6372 11374 1782 6372 11375 1782 6373 11376 1776 6373 11377 1781 6373 11378 1782 6374 11379 1832 6374 11380 1779 6374 11381 1779 6375 11382 1832 6375 11383 1831 6375 11384 1810 6376 11385 1793 6376 11386 1780 6376 11387 1810 6377 11388 1780 6377 11389 1814 6377 11390 1814 6378 11391 1780 6378 11392 1802 6378 11393 1810 6379 11394 1826 6379 11395 1793 6379 11396 1836 6380 11397 1814 6380 11398 1802 6380 11399 1851 6381 11400 1827 6381 11401 1841 6381 11402 1826 47 11403 1810 47 11404 1827 47 11405 1826 6382 11406 1827 6382 11407 1851 6382 11408 1841 6383 11409 1827 6383 11410 1836 6383 11411 1802 47 11412 1841 47 11413 1836 47 11414 1793 6384 11415 1791 6385 11416 1780 6386 11417 1780 6387 11418 1791 6388 11419 1785 6389 11420 1826 6390 11421 1817 6391 11422 1793 6392 11423 1793 6393 11424 1817 6394 11425 1791 6395 11426 1826 6396 11427 1851 6396 11428 1817 6396 11429 1803 6397 11430 1806 6398 11431 1843 6399 11432 1843 6400 11433 1806 6401 11434 1849 6402 11435 1790 6403 11436 1788 6404 11437 1803 6405 11438 1803 6406 11439 1788 6407 11440 1806 6408 11441 1816 6409 11442 1829 6410 11443 1811 6411 11444 1816 6412 11445 1811 6413 11446 1812 6414 11447 1812 6415 11448 1811 6416 11449 1815 6417 11450 1812 6418 11451 1815 6419 11452 1830 6420 11453 1830 6421 11454 1815 6422 11455 1837 6423 11456 1830 6424 11457 1837 6425 11458 1838 276 11459 1838 6426 11460 1837 6427 11461 1829 6428 11462 1838 6429 11463 1829 6296 11464 1816 6430 11465 1786 6431 11466 1796 6432 11467 1784 6433 11468 1784 6434 11469 1796 6435 11470 1801 6436 11471 1801 6437 11472 1796 6438 11473 1828 6439 11474 1848 6440 11475 1844 6441 11476 1801 6442 11477 1848 6443 11478 1801 6444 11479 1828 6445 11480 1766 6446 11481 1740 6446 11482 1775 6446 11483 1740 6447 11484 1710 6447 11485 1711 6447 11486 1725 2685 11487 1721 2685 11488 1711 2685 11489 1740 6448 11490 1721 6448 11491 1749 6448 11492 1716 6449 11493 1768 6449 11494 1775 6449 11495 1766 6450 11496 1775 6450 11497 1778 6450 11498 1766 6451 11499 1778 6451 11500 1772 6451 11501 1711 6452 11502 1721 6452 11503 1740 6452 11504 1740 6453 11505 1749 6453 11506 1775 6453 11507 1716 6454 11508 1775 6454 11509 1753 6454 11510 1749 6455 11511 1753 6455 11512 1775 6455 11513 1716 47 11514 1753 47 11515 1725 47 11516 1725 6456 11517 1711 6456 11518 1716 6456 11519 1844 6457 11520 1848 6457 11521 1852 6457 11522 1852 6458 11523 1848 6458 11524 1853 6458 11525 1852 6459 11526 1853 6459 11527 1849 6459 11528 1849 6460 11529 1853 6460 11530 1843 6460 11531 1833 47 11532 1839 47 11533 1821 47 11534 1796 6461 11535 1786 6461 11536 1828 6461 11537 1824 47 11538 1828 47 11539 1821 47 11540 1821 6462 11541 1828 6462 11542 1786 6462 11543 1833 47 11544 1821 47 11545 1787 47 11546 1821 6463 11547 1786 6463 11548 1787 6463 11549 1833 6464 11550 1853 6464 11551 1839 6464 11552 1839 6465 11553 1853 6465 11554 1848 6465 11555 1839 47 11556 1848 47 11557 1824 47 11558 1824 6466 11559 1848 6466 11560 1828 6466 11561 1834 6467 11562 1853 6467 11563 1833 6467 11564 1789 6468 11565 1787 6468 11566 1778 6468 11567 1778 6469 11568 1787 6469 11569 1786 6469 11570 1789 6470 11571 1834 6470 11572 1787 6470 11573 1787 6471 11574 1834 6471 11575 1833 6471 11576 1788 6472 11577 1794 6472 11578 1819 6472 11579 1837 6473 11580 1852 6473 11581 1849 6473 11582 1837 59 11583 1849 59 11584 1829 59 11585 1815 6474 11586 1788 6474 11587 1819 6474 11588 1852 6475 11589 1837 6475 11590 1819 6475 11591 1819 59 11592 1837 59 11593 1815 59 11594 1788 6476 11595 1815 6476 11596 1811 6476 11597 1788 6477 11598 1811 6477 11599 1806 6477 11600 1806 59 11601 1811 59 11602 1829 59 11603 1806 59 11604 1829 59 11605 1849 59 11606 1818 6478 11607 1819 6479 11608 1797 6480 11609 1797 6481 11610 1819 6482 11611 1794 6483 11612 1788 6484 11613 1785 6485 11614 1794 6486 11615 1794 6487 11616 1785 6488 11617 1797 6489 11618 1852 6490 11619 1819 6490 11620 1818 6490 11621 1784 6491 11622 1785 6492 11623 1783 6493 11624 1783 6494 11625 1785 6495 11626 1791 6496 11627 1783 6497 11628 1791 6498 11629 1800 6499 11630 1799 6500 11631 1797 6501 11632 1784 6502 11633 1784 6503 11634 1797 6504 11635 1785 6505 11636 1800 6506 11637 1799 6507 11638 1808 6508 11639 1800 6509 11640 1808 6510 11641 1840 6511 11642 1840 6512 11643 1808 6513 11644 1844 6514 11645 1840 6515 11646 1844 6516 11647 1846 6517 11648 1846 6518 11649 1844 6519 11650 1807 6520 11651 1846 6521 11652 1807 6522 11653 1804 6523 11654 1804 6524 11655 1807 6525 11656 1799 6526 11657 1804 6527 11658 1799 6528 11659 1800 6529 11660 1786 6530 11661 1784 6530 11662 1771 6530 11663 1786 6531 11664 1771 6531 11665 1778 6531 11666 1778 6532 11667 1771 6532 11668 1770 6532 11669 1774 6533 11670 1771 6533 11671 1784 6533 11672 1774 6534 11673 1784 6534 11674 1783 6534 11675 1774 6535 11676 1783 6535 11677 1776 6535 11678 1772 6536 11679 1778 6536 11680 1770 6536 11681 1781 6537 11682 1776 6537 11683 1783 6537 11684 1735 6009 11685 1700 6009 11686 1737 6009 11687 1735 6538 11688 1737 6538 11689 1763 6538 11690 1763 6539 11691 1737 6539 11692 1764 6539 11693 1767 6540 11694 1758 6540 11695 1736 6540 11696 1723 47 11697 1719 47 11698 1703 47 11699 1703 6541 11700 1719 6541 11701 1702 6541 11702 1702 6542 11703 1719 6542 11704 1736 6542 11705 1736 47 11706 1719 47 11707 1743 47 11708 1703 47 11709 1714 47 11710 1723 47 11711 1723 47 11712 1714 47 11713 1751 47 11714 1743 6543 11715 1767 6543 11716 1736 6543 11717 1767 6544 11718 1743 6544 11719 1751 6544 11720 1767 6545 11721 1751 6545 11722 1714 6545 11723 1702 6546 11724 1736 6546 11725 1733 6546 11726 1767 6547 11727 1759 6548 11728 1758 6549 11729 1773 6550 11730 1759 6551 11731 1767 6552 11732 1758 6553 11733 1759 6554 11734 1736 6555 11735 1736 6556 11736 1759 6557 11737 1733 6558 11738 1707 6559 11739 1706 6559 11740 1734 6559 11741 1745 6560 11742 1756 6560 11743 1770 6560 11744 1745 6561 11745 1744 6561 11746 1756 6561 11747 1745 6562 11748 1760 6562 11749 1726 6562 11750 1706 59 11751 1712 59 11752 1744 59 11753 1706 6563 11754 1726 6563 11755 1734 6563 11756 1726 6564 11757 1760 6564 11758 1734 6564 11759 1711 6565 11760 1709 6566 11761 1716 6567 11762 1716 6568 11763 1709 6569 11764 1748 6570 11765 1716 6571 11766 1748 6572 11767 1768 6573 11768 1768 6574 11769 1748 6575 11770 1769 6576 11771 1768 6577 11772 1769 6578 11773 1775 6579 11774 1725 6224 11775 1747 6580 11776 1720 6581 11777 1725 6582 11778 1720 6583 11779 1721 6584 11780 1721 6585 11781 1720 6586 11782 1724 6587 11783 1721 6588 11784 1724 6589 11785 1749 6590 11786 1749 6591 11787 1724 6592 11788 1752 6593 11789 1749 6594 11790 1752 6595 11791 1753 370 11792 1753 6596 11793 1752 6597 11794 1747 6598 11795 1753 6599 11796 1747 6600 11797 1725 6601 11798 1772 6602 11799 1756 6603 11800 1746 6604 11801 1746 6605 11802 1756 6606 11803 1744 6607 11804 1772 6608 11805 1770 6609 11806 1756 6610 11807 1746 6611 11808 1744 6612 11809 1708 6613 11810 1708 6614 11811 1744 6615 11812 1712 6616 11813 1708 6617 11814 1712 6618 11815 1706 6619 11816 1708 6620 11817 1706 6620 11818 1707 6620 11819 1710 6621 11820 1707 6621 11821 1711 6621 11822 1711 6622 11823 1707 6622 11824 1709 6622 11825 1772 6623 11826 1738 6623 11827 1765 6623 11828 1746 6624 11829 1708 6624 11830 1732 6624 11831 1732 6625 11832 1708 6625 11833 1729 6625 11834 1729 6626 11835 1707 6626 11836 1738 6626 11837 1707 6627 11838 1729 6627 11839 1708 6627 11840 1772 6628 11841 1754 6628 11842 1738 6628 11843 1738 6629 11844 1754 6629 11845 1729 6629 11846 1746 6630 11847 1732 6630 11848 1772 6630 11849 1772 6631 11850 1732 6631 11851 1754 6631 11852 1710 6632 11853 1740 6632 11854 1707 6632 11855 1707 6633 11856 1740 6633 11857 1738 6633 11858 1766 6634 11859 1772 6634 11860 1765 6634 11861 1765 6635 11862 1738 6635 11863 1766 6635 11864 1766 6636 11865 1738 6636 11866 1740 6636 11867 1707 6637 11868 1724 6637 11869 1709 6637 11870 1769 6638 11871 1747 6638 11872 1752 6638 11873 1769 6639 11874 1752 6639 11875 1757 6639 11876 1739 6640 11877 1757 6640 11878 1752 6640 11879 1739 59 11880 1752 59 11881 1724 59 11882 1739 6641 11883 1724 6641 11884 1707 6641 11885 1720 6642 11886 1747 6642 11887 1748 6642 11888 1748 6643 11889 1747 6643 11890 1769 6643 11891 1709 6644 11892 1724 6644 11893 1720 6644 11894 1748 59 11895 1709 59 11896 1720 59 11897 1757 6645 11898 1773 6646 11899 1769 6647 11900 1757 6648 11901 1760 6649 11902 1773 6650 11903 1739 6651 11904 1734 6652 11905 1757 6653 11906 1757 6654 11907 1734 6655 11908 1760 6656 11909 1739 6657 11910 1707 6657 11911 1734 6657 11912 1760 6658 11913 1770 6659 11914 1773 6660 11915 1745 6661 11916 1770 6662 11917 1760 6663 11918 1771 6664 11919 1773 6665 11920 1770 6666 11921 1771 6667 11922 1759 6668 11923 1773 6669 11924 1762 6670 11925 1759 6671 11926 1771 6672 11927 1745 6673 11928 1762 6674 11929 1727 6675 11930 1745 6676 11931 1727 6677 11932 1744 6678 11933 1744 6679 11934 1727 6680 11935 1705 6681 11936 1744 6682 11937 1705 6683 11938 1706 6684 11939 1706 6685 11940 1705 6686 11941 1717 6687 11942 1706 6688 11943 1717 6689 11944 1726 6690 11945 1726 6691 11946 1717 6692 11947 1762 6693 11948 1726 6694 11949 1762 6695 11950 1745 6696 11951</p>
        </triangles>
        <triangles material="Shape_273-material" count="340">
          <input semantic="VERTEX" source="#Shape_IndexedFaceSet_270-mesh-vertices" offset="0"/>
          <input semantic="NORMAL" source="#Shape_IndexedFaceSet_270-mesh-normals" offset="1"/>
          <input semantic="TEXCOORD" source="#Shape_IndexedFaceSet_270-mesh-map-0" offset="2" set="0"/>
          <p>1854 6697 11952 1893 6697 11953 1855 6697 11954 1932 6698 11955 1917 6698 11956 1931 6698 11957 1931 6699 11958 1917 6699 11959 1929 6699 11960 1893 59 11961 1875 59 11962 1855 59 11963 1871 6700 11964 1899 6700 11965 1880 6700 11966 1880 59 11967 1899 59 11968 1926 59 11969 1926 6701 11970 1899 6701 11971 1905 6701 11972 1926 6702 11973 1905 6702 11974 1932 6702 11975 1932 6703 11976 1905 6703 11977 1917 6703 11978 1875 59 11979 1893 59 11980 1905 59 11981 1905 59 11982 1893 59 11983 1917 59 11984 1880 6704 11985 1855 6704 11986 1871 6704 11987 1855 5650 11988 1875 5650 11989 1871 5650 11990 2009 6705 11991 1991 6705 11992 2002 6705 11993 1971 47 11994 1967 47 11995 1946 47 11996 1946 6706 11997 1967 6706 11998 1933 6706 11999 1967 6707 12000 1945 6707 12001 1933 6707 12002 1933 6708 12003 1945 6708 12004 1930 6708 12005 1930 6709 12006 1945 6709 12007 1942 6709 12008 1987 47 12009 2002 47 12010 1991 47 12011 1995 6710 12012 1971 6710 12013 1955 6710 12014 1971 47 12015 1946 47 12016 1955 47 12017 1987 47 12018 1991 47 12019 1967 47 12020 1967 6711 12021 1991 6711 12022 1945 6711 12023 2002 5660 12024 1987 5660 12025 1995 5660 12026 1995 6712 12027 1955 6712 12028 2002 6712 12029 1859 6713 12030 1884 6713 12031 1868 6713 12032 1916 6714 12033 1925 6714 12034 1868 6714 12035 1916 6715 12036 1868 6715 12037 1884 6715 12038 1913 6716 12039 1916 6716 12040 1870 6716 12041 1870 47 12042 1859 47 12043 1891 47 12044 1891 6717 12045 1859 6717 12046 1856 6717 12047 1870 6718 12048 1891 6718 12049 1913 6718 12050 1895 59 12051 1885 59 12052 1889 59 12053 1869 6719 12054 1909 6719 12055 1929 6719 12056 1895 59 12057 1889 59 12058 1918 59 12059 1929 6720 12060 1918 6720 12061 1887 6720 12062 1887 59 12063 1918 59 12064 1889 59 12065 1887 6721 12066 1869 6721 12067 1929 6721 12068 1885 59 12069 1858 59 12070 1887 59 12071 1895 6722 12072 1854 6722 12073 1885 6722 12074 1885 6723 12075 1854 6723 12076 1858 6723 12077 1869 59 12078 1887 59 12079 1858 59 12080 1917 6724 12081 1918 6724 12082 1929 6724 12083 1855 6725 12084 1857 6725 12085 1854 6725 12086 1854 6726 12087 1857 6726 12088 1856 6726 12089 1854 6727 12090 1856 6727 12091 1858 6727 12092 1858 6728 12093 1856 6728 12094 1859 6728 12095 1880 6729 12096 1881 6730 12097 1857 6731 12098 1880 6732 12099 1857 6733 12100 1855 6734 12101 1926 6735 12102 1921 6736 12103 1880 6737 12104 1880 6738 12105 1921 6739 12106 1881 6740 12107 1899 6741 12108 1876 6742 12109 1906 6743 12110 1899 6744 12111 1906 6745 12112 1905 6746 12113 1905 6747 12114 1906 6748 12115 1900 6749 12116 1905 6750 12117 1900 6751 12118 1875 6752 12119 1875 6753 12120 1900 6754 12121 1872 6755 12122 1875 6756 12123 1872 6757 12124 1871 6758 12125 1871 6759 12126 1872 6760 12127 1876 6761 12128 1871 6762 12129 1876 6763 12130 1899 6764 12131 1934 59 12132 1988 59 12133 1935 59 12134 1988 6765 12135 2005 6765 12136 1998 6765 12137 1982 59 12138 1992 59 12139 1998 59 12140 1988 59 12141 1992 59 12142 1968 59 12143 1934 6766 12144 1932 6766 12145 1931 6766 12146 1932 6767 12147 1934 6767 12148 1935 6767 12149 1998 6768 12150 1992 6768 12151 1988 6768 12152 1988 6769 12153 1968 6769 12154 1935 6769 12155 1935 6770 12156 1968 6770 12157 1964 6770 12158 1964 59 12159 1958 59 12160 1935 59 12161 1958 59 12162 1964 59 12163 1982 59 12164 1958 6771 12165 1982 6771 12166 1998 6771 12167 1858 6772 12168 1859 6773 12169 1868 6774 12170 1858 6775 12171 1868 6776 12172 1869 6777 12173 1929 6778 12174 1909 6779 12175 1925 6780 12176 1925 6781 12177 1909 6782 12178 1868 6783 12179 1868 6784 12180 1909 6785 12181 1869 6786 12182 1889 6787 12183 1888 6788 12184 1890 6789 12185 1889 6790 12186 1890 6791 12187 1887 6792 12188 1887 6793 12189 1890 6794 12190 1886 6795 12191 1887 6796 12192 1886 6797 12193 1885 6798 12194 1885 6799 12195 1886 6800 12196 1888 6801 12197 1885 6802 12198 1888 6803 12199 1889 6804 12200 2006 6805 12201 2003 6805 12202 1973 6805 12203 1960 6806 12204 1950 6806 12205 1957 6806 12206 1957 6807 12207 1950 6807 12208 1939 6807 12209 1972 6808 12210 1957 6808 12211 1947 6808 12212 2003 6809 12213 2000 6809 12214 1960 6809 12215 2003 6810 12216 1972 6810 12217 1973 6810 12218 1972 6811 12219 1947 6811 12220 1973 6811 12221 1997 6812 12222 1963 6812 12223 1956 6812 12224 1954 6813 12225 1940 6813 12226 1963 6813 12227 1963 6814 12228 1940 6814 12229 1956 6814 12230 1952 6815 12231 1954 6815 12232 1962 6815 12233 1962 6816 12234 1974 6816 12235 1952 6816 12236 1962 59 12237 1997 59 12238 1974 59 12239 1974 6817 12240 1997 6817 12241 2008 6817 12242 1998 6818 12243 1999 6819 12244 1959 6820 12245 1998 6821 12246 1959 6822 12247 1958 6823 12248 1958 6824 12249 1959 6825 12250 1936 6826 12251 1958 6827 12252 1936 6828 12253 1935 6829 12254 1982 6830 12255 1969 6831 12256 1993 6832 12257 1982 6833 12258 1993 6834 12259 1992 6835 12260 1992 6836 12261 1993 6837 12262 1984 6838 12263 1992 6839 12264 1984 6840 12265 1968 6841 12266 1968 6842 12267 1984 6843 12268 1965 6844 12269 1968 6845 12270 1965 6846 12271 1964 6847 12272 1964 6759 12273 1965 6760 12274 1969 6761 12275 1964 6762 12276 1969 6763 12277 1982 6764 12278 1937 6848 12279 1950 6849 12280 1953 6850 12281 1953 6851 12282 1950 6852 12283 1960 6853 12284 1937 6854 12285 1939 6855 12286 1950 6856 12287 1953 6857 12288 1960 6858 12289 1996 6859 12290 1996 6860 12291 1960 6861 12292 2000 6862 12293 1996 6863 12294 2000 6864 12295 2003 6865 12296 1980 6866 12297 1979 6867 12298 1981 6868 12299 1980 6869 12300 1981 6870 12301 1978 6871 12302 1978 6872 12303 1981 6873 12304 1977 6874 12305 1978 6875 12306 1977 6876 12307 1976 6877 12308 1976 6878 12309 1977 6879 12310 1979 6880 12311 1976 6881 12312 1979 6882 12313 1980 6883 12314 1946 6884 12315 1933 6884 12316 1944 6884 12317 1922 6885 12318 1933 6885 12319 1923 6885 12320 1932 6886 12321 1928 6886 12322 1921 6886 12323 1944 6887 12324 1933 6887 12325 1941 6887 12326 1926 6888 12327 1932 6888 12328 1921 6888 12329 1928 6889 12330 1932 6889 12331 1933 6889 12332 1928 6890 12333 1933 6890 12334 1922 6890 12335 1936 6891 12336 1932 6891 12337 1935 6891 12338 1933 6892 12339 1932 6892 12340 1941 6892 12341 1941 6893 12342 1932 6893 12343 1936 6893 12344 1996 6894 12345 2003 6894 12346 2007 6894 12347 2007 6895 12348 2003 6895 12349 2006 6895 12350 2007 163 12351 2006 163 12352 2005 163 12353 2005 6896 12354 2006 6896 12355 1998 6896 12356 1998 6897 12357 2006 6897 12358 1999 6897 12359 1989 6898 12360 1938 6898 12361 1937 6898 12362 1953 6899 12363 1978 6899 12364 1937 6899 12365 1978 6900 12366 1976 6900 12367 1937 6900 12368 1980 59 12369 2007 59 12370 1989 59 12371 2007 6901 12372 1980 6901 12373 1978 6901 12374 2007 59 12375 1978 59 12376 1996 59 12377 1953 59 12378 1996 59 12379 1978 59 12380 1937 6902 12381 1976 6902 12382 1989 6902 12383 1989 59 12384 1976 59 12385 1980 59 12386 2005 6903 12387 1988 6903 12388 2007 6903 12389 2007 6904 12390 1988 6904 12391 1989 6904 12392 1934 6905 12393 1931 6905 12394 1938 6905 12395 1938 6906 12396 1931 6906 12397 1937 6906 12398 1938 6907 12399 1989 6907 12400 1934 6907 12401 1934 6908 12402 1989 6908 12403 1988 6908 12404 1965 6909 12405 1948 6909 12406 1936 6909 12407 1965 6910 12408 1936 6910 12409 1969 6910 12410 1936 6911 12411 1959 6911 12412 1969 6911 12413 1965 6912 12414 1983 6912 12415 1948 6912 12416 1993 47 12417 1969 47 12418 1959 47 12419 2006 6913 12420 1984 6913 12421 1999 6913 12422 1983 47 12423 1965 47 12424 1984 47 12425 1983 6914 12426 1984 6914 12427 2006 6914 12428 1999 6915 12429 1984 6915 12430 1993 6915 12431 1993 47 12432 1959 47 12433 1999 47 12434 1948 6916 12435 1947 6917 12436 1936 6918 12437 1936 6919 12438 1947 6920 12439 1941 6921 12440 1983 6922 12441 1973 6923 12442 1948 6924 12443 1948 6925 12444 1973 6926 12445 1947 6927 12446 1983 6928 12447 2006 6928 12448 1973 6928 12449 1955 6929 12450 1961 6930 12451 2001 6931 12452 1955 6932 12453 2001 6933 12454 2002 6934 12455 1946 6935 12456 1944 6936 12457 1955 6937 12458 1955 6938 12459 1944 6939 12460 1961 6940 12461 1971 6941 12462 1986 6942 12463 1966 6943 12464 1971 6944 12465 1966 6945 12466 1967 6946 12467 1967 6947 12468 1966 6948 12469 1970 6949 12470 1967 6950 12471 1970 6951 12472 1987 6952 12473 1987 6953 12474 1970 6954 12475 1994 6955 12476 1987 6956 12477 1994 6957 12478 1995 6958 12479 1995 6959 12480 1994 6960 12481 1986 6961 12482 1995 6962 12483 1986 6963 12484 1971 6964 12485 1942 6965 12486 1951 6966 12487 1940 6967 12488 1940 6968 12489 1951 6969 12490 1956 6970 12491 1956 6971 12492 1951 6972 12493 1985 6973 12494 2004 6974 12495 1997 6975 12496 1956 6976 12497 2004 6977 12498 1956 6978 12499 1985 6979 12500 1920 47 12501 1898 47 12502 1923 47 12503 1898 6980 12504 1865 6980 12505 1866 6980 12506 1878 47 12507 1874 47 12508 1866 47 12509 1898 47 12510 1874 47 12511 1904 47 12512 1920 6981 12513 1933 6981 12514 1930 6981 12515 1933 6982 12516 1920 6982 12517 1923 6982 12518 1866 6983 12519 1874 6983 12520 1898 6983 12521 1898 6984 12522 1904 6984 12523 1923 6984 12524 1923 6985 12525 1908 6985 12526 1883 6985 12527 1904 47 12528 1908 47 12529 1923 47 12530 1883 47 12531 1908 47 12532 1878 47 12533 1883 6986 12534 1878 6986 12535 1866 6986 12536 1997 6987 12537 2004 6987 12538 2008 6987 12539 2008 6988 12540 2004 6988 12541 2009 6988 12542 2008 6989 12543 2009 6989 12544 2001 6989 12545 2001 6990 12546 2009 6990 12547 2002 6990 12548 1990 47 12549 1981 47 12550 1979 47 12551 1951 6991 12552 1942 6991 12553 1985 6991 12554 1990 47 12555 1979 47 12556 1943 47 12557 1977 6992 12558 1942 6992 12559 1943 6992 12560 1977 47 12561 1943 47 12562 1979 47 12563 1981 47 12564 1985 47 12565 1977 47 12566 1977 6993 12567 1985 6993 12568 1942 6993 12569 1990 6994 12570 2009 6994 12571 1981 6994 12572 1981 6995 12573 2009 6995 12574 2004 6995 12575 1981 47 12576 2004 47 12577 1985 47 12578 1991 6996 12579 2009 6996 12580 1990 6996 12581 1945 6997 12582 1943 6997 12583 1942 6997 12584 1945 6998 12585 1991 6998 12586 1943 6998 12587 1943 6999 12588 1991 6999 12589 1990 6999 12590 1944 7000 12591 1949 7000 12592 1975 7000 12593 1994 7001 12594 2008 7001 12595 2001 7001 12596 1994 59 12597 2001 59 12598 1986 59 12599 1970 7002 12600 1944 7002 12601 1975 7002 12602 2008 7003 12603 1994 7003 12604 1975 7003 12605 1975 59 12606 1994 59 12607 1970 59 12608 1944 7004 12609 1970 7004 12610 1966 7004 12611 1944 7005 12612 1966 7005 12613 1961 7005 12614 1961 59 12615 1966 59 12616 1986 59 12617 1961 7006 12618 1986 7006 12619 2001 7006 12620 1974 7007 12621 1975 7008 12622 1952 7009 12623 1952 7010 12624 1975 7011 12625 1949 7012 12626 1944 7013 12627 1941 7014 12628 1949 7015 12629 1949 7016 12630 1941 7017 12631 1952 7018 12632 2008 7019 12633 1975 7019 12634 1974 7019 12635 1940 7020 12636 1941 7021 12637 1939 7022 12638 1939 7023 12639 1941 7024 12640 1947 7025 12641 1957 7026 12642 1939 7027 12643 1947 7028 12644 1954 7029 12645 1952 7030 12646 1940 7031 12647 1940 7032 12648 1952 7033 12649 1941 7034 12650 1957 7035 12651 1954 7036 12652 1960 7037 12653 1960 7038 12654 1954 7039 12655 1963 7040 12656 1960 7041 12657 1963 7042 12658 1997 7043 12659 1960 7044 12660 1997 7045 12661 2003 7046 12662 2003 7047 12663 1997 7048 12664 1962 7049 12665 2003 7050 12666 1962 7051 12667 1972 7052 12668 1972 7053 12669 1962 7054 12670 1957 7055 12671 1957 7056 12672 1962 7057 12673 1954 7058 12674 1942 7059 12675 1940 7059 12676 1924 7059 12677 1929 7060 12678 1925 7060 12679 1937 7060 12680 1937 7061 12681 1925 7061 12682 1924 7061 12683 1937 7062 12684 1924 7062 12685 1939 7062 12686 1939 7063 12687 1924 7063 12688 1940 7063 12689 1927 7064 12690 1930 7064 12691 1924 7064 12692 1924 7065 12693 1930 7065 12694 1942 7065 12695 1937 7066 12696 1931 7066 12697 1929 7066 12698 1893 7067 12699 1854 7067 12700 1895 7067 12701 1893 6010 12702 1895 6010 12703 1917 6010 12704 1917 7068 12705 1895 7068 12706 1918 7068 12707 1921 7069 12708 1912 7069 12709 1894 7069 12710 1876 7070 12711 1872 7070 12712 1857 7070 12713 1857 7071 12714 1872 7071 12715 1856 7071 12716 1856 7072 12717 1872 7072 12718 1894 7072 12719 1894 47 12720 1872 47 12721 1900 47 12722 1876 47 12723 1857 47 12724 1881 47 12725 1876 47 12726 1881 47 12727 1906 47 12728 1900 7073 12729 1921 7073 12730 1894 7073 12731 1921 7074 12732 1900 7074 12733 1906 7074 12734 1921 7075 12735 1906 7075 12736 1881 7075 12737 1856 7076 12738 1894 7076 12739 1891 7076 12740 1921 7077 12741 1913 7078 12742 1912 7079 12743 1928 7080 12744 1913 7081 12745 1921 7082 12746 1912 7083 12747 1913 7084 12748 1894 7085 12749 1894 7086 12750 1913 7087 12751 1891 7088 12752 1861 7089 12753 1860 7089 12754 1892 7089 12755 1901 7090 12756 1910 7090 12757 1915 7090 12758 1915 7091 12759 1910 7091 12760 1924 7091 12761 1879 7092 12762 1915 7092 12763 1914 7092 12764 1860 7093 12765 1867 7093 12766 1901 7093 12767 1860 7094 12768 1879 7094 12769 1892 7094 12770 1879 7095 12771 1914 7095 12772 1892 7095 12773 1866 7096 12774 1864 7097 12775 1882 7098 12776 1866 7099 12777 1882 7100 12778 1883 7101 12779 1883 7102 12780 1882 7103 12781 1922 7104 12782 1883 7105 12783 1922 7106 12784 1923 7107 12785 1878 7108 12786 1903 7109 12787 1873 7110 12788 1878 7111 12789 1873 7112 12790 1874 7113 12791 1874 7114 12792 1873 7115 12793 1877 7116 12794 1874 7117 12795 1877 7118 12796 1904 7119 12797 1904 7120 12798 1877 7121 12799 1907 7122 12800 1904 7123 12801 1907 7124 12802 1908 7125 12803 1908 6959 12804 1907 6960 12805 1903 6961 12806 1908 6962 12807 1903 6963 12808 1878 6964 12809 1927 7126 12810 1910 7127 12811 1902 7128 12812 1902 7129 12813 1910 7130 12814 1901 7131 12815 1927 7132 12816 1924 7133 12817 1910 7134 12818 1902 7135 12819 1901 7136 12820 1862 7137 12821 1862 7138 12822 1901 7139 12823 1867 7140 12824 1862 7141 12825 1867 7142 12826 1860 7143 12827 1862 7144 12828 1860 7144 12829 1863 7144 12830 1863 7145 12831 1860 7145 12832 1861 7145 12833 1863 38 12834 1861 38 12835 1865 38 12836 1865 7146 12837 1861 7146 12838 1866 7146 12839 1866 7147 12840 1861 7147 12841 1864 7147 12842 1888 47 12843 1886 47 12844 1863 47 12845 1919 7148 12846 1927 7148 12847 1896 7148 12848 1863 47 12849 1886 47 12850 1862 47 12851 1896 47 12852 1888 47 12853 1863 47 12854 1902 47 12855 1862 47 12856 1890 47 12857 1890 7149 12858 1862 7149 12859 1886 7149 12860 1902 7150 12861 1890 7150 12862 1927 7150 12863 1927 7151 12864 1890 7151 12865 1896 7151 12866 1896 7152 12867 1890 7152 12868 1888 7152 12869 1865 7153 12870 1898 7153 12871 1863 7153 12872 1863 705 12873 1898 705 12874 1896 705 12875 1920 7154 12876 1930 7154 12877 1919 7154 12878 1919 7155 12879 1930 7155 12880 1927 7155 12881 1919 7156 12882 1896 7156 12883 1920 7156 12884 1920 7157 12885 1896 7157 12886 1898 7157 12887 1861 7158 12888 1877 7158 12889 1864 7158 12890 1907 7159 12891 1911 7159 12892 1922 7159 12893 1907 7160 12894 1922 7160 12895 1903 7160 12896 1897 59 12897 1907 59 12898 1877 59 12899 1897 7161 12900 1877 7161 12901 1861 7161 12902 1873 59 12903 1903 59 12904 1882 59 12905 1907 7162 12906 1897 7162 12907 1911 7162 12908 1882 7163 12909 1903 7163 12910 1922 7163 12911 1873 59 12912 1864 59 12913 1877 59 12914 1873 59 12915 1882 59 12916 1864 59 12917 1911 7164 12918 1928 7165 12919 1922 7166 12920 1911 7167 12921 1914 7168 12922 1928 7169 12923 1897 7170 12924 1892 7171 12925 1911 7172 12926 1911 7173 12927 1892 7174 12928 1914 7175 12929 1897 7176 12930 1861 7176 12931 1892 7176 12932 1914 7177 12933 1924 7178 12934 1928 7179 12935 1915 7180 12936 1924 7181 12937 1914 7182 12938 1925 7183 12939 1928 7184 12940 1924 7185 12941 1925 7186 12942 1913 7187 12943 1928 7188 12944 1916 7189 12945 1913 7190 12946 1925 7191 12947 1915 7192 12948 1916 7193 12949 1901 7194 12950 1901 7195 12951 1916 7196 12952 1884 7197 12953 1901 7198 12954 1884 7199 12955 1859 7200 12956 1901 7201 12957 1859 7202 12958 1860 7203 12959 1860 7204 12960 1859 7205 12961 1870 7206 12962 1860 7207 12963 1870 7208 12964 1879 7209 12965 1879 7210 12966 1870 7211 12967 1915 7212 12968 1915 7213 12969 1870 7214 12970 1916 7215 12971</p>
        </triangles>
        <triangles material="Shape_274-material" count="340">
          <input semantic="VERTEX" source="#Shape_IndexedFaceSet_270-mesh-vertices" offset="0"/>
          <input semantic="NORMAL" source="#Shape_IndexedFaceSet_270-mesh-normals" offset="1"/>
          <input semantic="TEXCOORD" source="#Shape_IndexedFaceSet_270-mesh-map-0" offset="2" set="0"/>
          <p>2010 1318 12972 2047 1318 12973 2011 1318 12974 2088 7216 12975 2073 7216 12976 2087 7216 12977 2087 7217 12978 2073 7217 12979 2085 7217 12980 2047 7218 12981 2033 7218 12982 2011 7218 12983 2029 7219 12984 2053 7219 12985 2054 7219 12986 2054 59 12987 2053 59 12988 2081 59 12989 2081 7220 12990 2053 7220 12991 2062 7220 12992 2081 7221 12993 2062 7221 12994 2088 7221 12995 2088 7222 12996 2062 7222 12997 2073 7222 12998 2011 7223 12999 2033 7223 13000 2029 7223 13001 2054 7224 13002 2011 7224 13003 2029 7224 13004 2033 227 13005 2047 227 13006 2062 227 13007 2062 7225 13008 2047 7225 13009 2073 7225 13010 2165 7226 13011 2146 7226 13012 2154 7226 13013 2127 47 13014 2123 47 13015 2101 47 13016 2101 7227 13017 2123 7227 13018 2086 7227 13019 2123 7228 13020 2100 7228 13021 2086 7228 13022 2086 7229 13023 2100 7229 13024 2089 7229 13025 2142 47 13026 2154 47 13027 2146 47 13028 2150 7230 13029 2127 7230 13030 2112 7230 13031 2112 47 13032 2127 47 13033 2101 47 13034 2142 7231 13035 2146 7231 13036 2123 7231 13037 2123 47 13038 2146 47 13039 2100 47 13040 2154 7232 13041 2142 7232 13042 2150 7232 13043 2150 47 13044 2112 47 13045 2154 47 13046 2015 7233 13047 2038 7233 13048 2024 7233 13049 2072 7234 13050 2080 7234 13051 2038 7234 13052 2038 7235 13053 2080 7235 13054 2024 7235 13055 2070 7236 13056 2072 7236 13057 2028 7236 13058 2028 47 13059 2015 47 13060 2045 47 13061 2045 7237 13062 2015 7237 13063 2012 7237 13064 2028 7238 13065 2045 7238 13066 2070 7238 13067 2085 7239 13068 2026 7239 13069 2066 7239 13070 2049 59 13071 2039 59 13072 2043 59 13073 2049 59 13074 2043 59 13075 2074 59 13076 2085 7240 13077 2074 7240 13078 2041 7240 13079 2041 59 13080 2074 59 13081 2043 59 13082 2041 7241 13083 2026 7241 13084 2085 7241 13085 2039 59 13086 2014 59 13087 2041 59 13088 2049 7242 13089 2010 7242 13090 2039 7242 13091 2039 7243 13092 2010 7243 13093 2014 7243 13094 2026 59 13095 2041 59 13096 2014 59 13097 2073 7244 13098 2074 7244 13099 2085 7244 13100 2011 7245 13101 2013 7245 13102 2010 7245 13103 2010 7246 13104 2013 7246 13105 2012 7246 13106 2010 7247 13107 2012 7247 13108 2014 7247 13109 2014 7248 13110 2012 7248 13111 2015 7248 13112 2054 7249 13113 2025 7250 13114 2011 7251 13115 2011 7252 13116 2025 7253 13117 2013 7254 13118 2081 7255 13119 2077 7256 13120 2054 7257 13121 2054 7258 13122 2077 7259 13123 2025 7260 13124 2053 7261 13125 2034 7262 13126 2063 7263 13127 2053 7264 13128 2063 7265 13129 2062 7266 13130 2062 7267 13131 2063 7268 13132 2055 7269 13133 2062 7270 13134 2055 7271 13135 2033 7272 13136 2033 7273 13137 2055 7274 13138 2030 7275 13139 2033 7276 13140 2030 7277 13141 2029 7278 13142 2029 7279 13143 2030 7280 13144 2034 7281 13145 2029 7282 13146 2034 7283 13147 2053 7284 13148 2090 7285 13149 2143 7285 13150 2088 7285 13151 2143 7286 13152 2161 7286 13153 2158 7286 13154 2137 59 13155 2147 59 13156 2158 59 13157 2143 7287 13158 2147 7287 13159 2124 7287 13160 2088 7288 13161 2116 7288 13162 2103 7288 13163 2090 7289 13164 2088 7289 13165 2087 7289 13166 2158 59 13167 2147 59 13168 2143 59 13169 2143 7290 13170 2124 7290 13171 2088 7290 13172 2088 7291 13173 2124 7291 13174 2120 7291 13175 2120 7292 13176 2116 7292 13177 2088 7292 13178 2116 7293 13179 2120 7293 13180 2137 7293 13181 2137 59 13182 2158 59 13183 2116 59 13184 2014 7294 13185 2015 7295 13186 2024 7296 13187 2014 7297 13188 2024 7298 13189 2026 7299 13190 2085 7300 13191 2066 7301 13192 2080 7302 13193 2080 7303 13194 2066 7304 13195 2024 7305 13196 2024 7306 13197 2066 7307 13198 2026 7308 13199 2043 7309 13200 2042 7310 13201 2044 7311 13202 2043 7312 13203 2044 7313 13204 2041 7314 13205 2041 7315 13206 2044 7316 13207 2040 7317 13208 2041 7318 13209 2040 7319 13210 2039 7320 13211 2039 7321 13212 2040 7322 13213 2042 7323 13214 2039 7324 13215 2042 7325 13216 2043 7326 13217 2162 7327 13218 2157 7327 13219 2128 7327 13220 2114 7328 13221 2106 7328 13222 2094 7328 13223 2114 7329 13224 2151 7329 13225 2106 7329 13226 2102 7330 13227 2115 7330 13228 2114 7330 13229 2157 47 13230 2156 47 13231 2151 47 13232 2157 889 13233 2115 889 13234 2128 889 13235 2115 7331 13236 2102 7331 13237 2128 7331 13238 2155 7332 13239 2119 7332 13240 2113 7332 13241 2110 7333 13242 2095 7333 13243 2119 7333 13244 2119 7334 13245 2095 7334 13246 2113 7334 13247 2108 7335 13248 2110 7335 13249 2118 7335 13250 2118 7336 13251 2129 7336 13252 2108 7336 13253 2118 59 13254 2155 59 13255 2129 59 13256 2129 7337 13257 2155 7337 13258 2164 7337 13259 2158 7338 13260 2152 7339 13261 2116 7340 13262 2116 7341 13263 2152 7342 13264 2111 7343 13265 2116 7344 13266 2111 7345 13267 2103 7346 13268 2103 7347 13269 2111 7348 13270 2091 7349 13271 2103 7350 13272 2091 7351 13273 2088 7352 13274 2137 7353 13275 2125 7354 13276 2148 7355 13277 2137 7356 13278 2148 7357 13279 2147 7358 13280 2147 7359 13281 2148 7360 13282 2139 7361 13283 2147 7362 13284 2139 7363 13285 2124 7364 13286 2124 7365 13287 2139 7366 13288 2121 7367 13289 2124 7368 13290 2121 7369 13291 2120 7370 13292 2120 7371 13293 2121 7372 13294 2125 7373 13295 2120 7374 13296 2125 7375 13297 2137 7376 13298 2092 7377 13299 2106 7378 13300 2109 7379 13301 2109 7380 13302 2106 7381 13303 2151 7382 13304 2092 7383 13305 2094 7384 13306 2106 7385 13307 2109 7386 13308 2151 7387 13309 2153 7388 13310 2153 7389 13311 2151 7390 13312 2156 7391 13313 2153 7392 13314 2156 7393 13315 2157 7394 13316 2135 7395 13317 2134 7396 13318 2136 7397 13319 2135 7398 13320 2136 7399 13321 2133 7400 13322 2133 7401 13323 2136 7402 13324 2132 7403 13325 2133 7404 13326 2132 7405 13327 2131 7406 13328 2131 7407 13329 2132 7408 13330 2134 7409 13331 2131 7410 13332 2134 7411 13333 2135 7412 13334 2101 7413 13335 2086 7413 13336 2099 7413 13337 2099 7414 13338 2086 7414 13339 2096 7414 13340 2088 7415 13341 2084 7415 13342 2077 7415 13343 2081 7416 13344 2088 7416 13345 2077 7416 13346 2084 7417 13347 2088 7417 13348 2086 7417 13349 2084 7418 13350 2086 7418 13351 2082 7418 13352 2086 7419 13353 2088 7419 13354 2096 7419 13355 2096 7420 13356 2088 7420 13357 2091 7420 13358 2153 7421 13359 2157 7421 13360 2163 7421 13361 2163 7422 13362 2157 7422 13363 2162 7422 13364 2163 163 13365 2162 163 13366 2161 163 13367 2161 7423 13368 2162 7423 13369 2158 7423 13370 2158 7424 13371 2162 7424 13372 2152 7424 13373 2093 7425 13374 2092 7425 13375 2144 7425 13376 2109 7426 13377 2133 7426 13378 2092 7426 13379 2133 7427 13380 2131 7427 13381 2092 7427 13382 2135 59 13383 2163 59 13384 2144 59 13385 2163 7428 13386 2135 7428 13387 2133 7428 13388 2163 59 13389 2133 59 13390 2153 59 13391 2109 59 13392 2153 59 13393 2133 59 13394 2092 7429 13395 2131 7429 13396 2144 7429 13397 2144 59 13398 2131 59 13399 2135 59 13400 2161 7430 13401 2143 7430 13402 2163 7430 13403 2163 7431 13404 2143 7431 13405 2144 7431 13406 2090 7432 13407 2087 7432 13408 2093 7432 13409 2093 7433 13410 2087 7433 13411 2092 7433 13412 2093 7434 13413 2144 7434 13414 2090 7434 13415 2090 7435 13416 2144 7435 13417 2143 7435 13418 2121 7436 13419 2104 7436 13420 2091 7436 13421 2121 7437 13422 2091 7437 13423 2125 7437 13424 2091 7438 13425 2111 7438 13426 2125 7438 13427 2121 7439 13428 2138 7439 13429 2104 7439 13430 2148 7440 13431 2125 7440 13432 2111 7440 13433 2162 7441 13434 2139 7441 13435 2152 7441 13436 2138 47 13437 2121 47 13438 2139 47 13439 2138 7442 13440 2139 7442 13441 2162 7442 13442 2152 47 13443 2139 47 13444 2148 47 13445 2111 7443 13446 2152 7443 13447 2148 7443 13448 2104 7444 13449 2102 7445 13450 2091 7446 13451 2091 7447 13452 2102 7448 13453 2096 7449 13454 2138 7450 13455 2128 7451 13456 2104 7452 13457 2104 7453 13458 2128 7454 13459 2102 7455 13460 2138 7456 13461 2162 7456 13462 2128 7456 13463 2112 7457 13464 2117 7458 13465 2154 7459 13466 2154 7460 13467 2117 7461 13468 2160 7462 13469 2101 7463 13470 2099 7464 13471 2112 7465 13472 2112 7466 13473 2099 7467 13474 2117 7468 13475 2127 7469 13476 2141 7470 13477 2122 7471 13478 2127 7472 13479 2122 7473 13480 2123 7474 13481 2123 7475 13482 2122 7476 13483 2126 7477 13484 2123 7478 13485 2126 7479 13486 2142 7480 13487 2142 7481 13488 2126 7482 13489 2149 7483 13490 2142 7484 13491 2149 7485 13492 2150 7486 13493 2150 7487 13494 2149 7488 13495 2141 7489 13496 2150 7490 13497 2141 7491 13498 2127 7492 13499 2097 7493 13500 2107 7494 13501 2095 7495 13502 2095 7496 13503 2107 7497 13504 2113 7498 13505 2113 7499 13506 2107 7500 13507 2140 7501 13508 2159 7502 13509 2155 7503 13510 2113 7504 13511 2159 7505 13512 2113 7506 13513 2140 7507 13514 2076 7508 13515 2052 7508 13516 2086 7508 13517 2052 7509 13518 2021 7509 13519 2022 7509 13520 2036 47 13521 2032 47 13522 2022 47 13523 2052 7510 13524 2032 7510 13525 2061 7510 13526 2076 7511 13527 2086 7511 13528 2089 7511 13529 2076 7512 13530 2089 7512 13531 2083 7512 13532 2022 47 13533 2032 47 13534 2052 47 13535 2052 7513 13536 2061 7513 13537 2086 7513 13538 2086 7514 13539 2065 7514 13540 2027 7514 13541 2086 7515 13542 2027 7515 13543 2078 7515 13544 2061 7516 13545 2065 7516 13546 2086 7516 13547 2027 7517 13548 2065 7517 13549 2036 7517 13550 2036 47 13551 2022 47 13552 2027 47 13553 2155 7518 13554 2159 7518 13555 2164 7518 13556 2164 7519 13557 2159 7519 13558 2165 7519 13559 2164 7520 13560 2165 7520 13561 2160 7520 13562 2160 7521 13563 2165 7521 13564 2154 7521 13565 2145 47 13566 2136 47 13567 2134 47 13568 2107 7522 13569 2097 7522 13570 2140 7522 13571 2145 47 13572 2134 47 13573 2098 47 13574 2132 7523 13575 2097 7523 13576 2098 7523 13577 2132 47 13578 2098 47 13579 2134 47 13580 2136 7524 13581 2140 7524 13582 2132 7524 13583 2132 7525 13584 2140 7525 13585 2097 7525 13586 2145 7526 13587 2165 7526 13588 2136 7526 13589 2136 7527 13590 2165 7527 13591 2159 7527 13592 2136 47 13593 2159 47 13594 2140 47 13595 2146 7528 13596 2165 7528 13597 2145 7528 13598 2100 7529 13599 2098 7529 13600 2089 7529 13601 2089 7530 13602 2098 7530 13603 2097 7530 13604 2100 7531 13605 2146 7531 13606 2098 7531 13607 2098 7532 13608 2146 7532 13609 2145 7532 13610 2099 7533 13611 2105 7533 13612 2130 7533 13613 2149 7534 13614 2164 7534 13615 2160 7534 13616 2149 59 13617 2160 59 13618 2141 59 13619 2126 7535 13620 2099 7535 13621 2130 7535 13622 2164 7536 13623 2149 7536 13624 2130 7536 13625 2130 59 13626 2149 59 13627 2126 59 13628 2099 7537 13629 2126 7537 13630 2122 7537 13631 2099 7538 13632 2122 7538 13633 2117 7538 13634 2117 59 13635 2122 59 13636 2141 59 13637 2117 7539 13638 2141 7539 13639 2160 7539 13640 2129 7540 13641 2130 7541 13642 2108 7542 13643 2108 7543 13644 2130 7544 13645 2105 7545 13646 2099 7546 13647 2096 7547 13648 2105 7548 13649 2105 7549 13650 2096 7550 13651 2108 7551 13652 2164 7552 13653 2130 7552 13654 2129 7552 13655 2095 7553 13656 2096 7554 13657 2094 7555 13658 2094 7556 13659 2096 7557 13660 2102 7558 13661 2114 7559 13662 2094 7560 13663 2102 7561 13664 2110 7562 13665 2108 7563 13666 2095 7564 13667 2095 7565 13668 2108 7566 13669 2096 7567 13670 2114 7568 13671 2110 7569 13672 2119 7570 13673 2114 7571 13674 2119 7572 13675 2151 7573 13676 2151 7574 13677 2119 7575 13678 2155 7576 13679 2151 7577 13680 2155 7578 13681 2157 7579 13682 2157 7580 13683 2155 7581 13684 2118 7582 13685 2157 7583 13686 2118 7584 13687 2115 7585 13688 2115 7586 13689 2118 7587 13690 2110 7588 13691 2115 7589 13692 2110 7590 13693 2114 7591 13694 2097 7592 13695 2095 7592 13696 2079 7592 13697 2097 7593 13698 2079 7593 13699 2089 7593 13700 2085 7594 13701 2080 7594 13702 2092 7594 13703 2092 7595 13704 2080 7595 13705 2079 7595 13706 2092 7596 13707 2079 7596 13708 2094 7596 13709 2094 7597 13710 2079 7597 13711 2095 7597 13712 2083 7598 13713 2089 7598 13714 2079 7598 13715 2092 7599 13716 2087 7599 13717 2085 7599 13718 2047 7600 13719 2010 7600 13720 2049 7600 13721 2047 7601 13722 2049 7601 13723 2073 7601 13724 2073 7602 13725 2049 7602 13726 2074 7602 13727 2077 7603 13728 2069 7603 13729 2048 7603 13730 2034 7604 13731 2030 7604 13732 2013 7604 13733 2013 7605 13734 2030 7605 13735 2012 7605 13736 2012 7606 13737 2030 7606 13738 2048 7606 13739 2048 7607 13740 2030 7607 13741 2055 7607 13742 2013 7608 13743 2025 7608 13744 2034 7608 13745 2034 47 13746 2025 47 13747 2063 47 13748 2055 7609 13749 2077 7609 13750 2048 7609 13751 2077 7610 13752 2055 7610 13753 2063 7610 13754 2077 7611 13755 2063 7611 13756 2025 7611 13757 2012 7612 13758 2048 7612 13759 2045 7612 13760 2077 7613 13761 2070 7614 13762 2069 7615 13763 2084 7616 13764 2070 7617 13765 2077 7618 13766 2069 7619 13767 2070 7620 13768 2048 7621 13769 2048 7622 13770 2070 7623 13771 2045 7624 13772 2017 7625 13773 2016 7625 13774 2046 7625 13775 2057 7626 13776 2067 7626 13777 2079 7626 13778 2057 7627 13779 2056 7627 13780 2067 7627 13781 2071 7628 13782 2037 7628 13783 2057 7628 13784 2016 59 13785 2023 59 13786 2056 59 13787 2016 1185 13788 2037 1185 13789 2046 1185 13790 2037 7629 13791 2071 7629 13792 2046 7629 13793 2022 7630 13794 2020 7631 13795 2027 7632 13796 2027 7633 13797 2020 7634 13798 2060 7635 13799 2027 7636 13800 2060 7637 13801 2078 7638 13802 2078 7639 13803 2060 7640 13804 2082 7641 13805 2078 7642 13806 2082 7643 13807 2086 7644 13808 2036 7645 13809 2059 7646 13810 2031 7647 13811 2036 7648 13812 2031 7649 13813 2032 7650 13814 2032 7651 13815 2031 7652 13816 2035 7653 13817 2032 7654 13818 2035 7655 13819 2061 7656 13820 2061 7657 13821 2035 7658 13822 2064 7659 13823 2061 7660 13824 2064 7661 13825 2065 7662 13826 2065 7663 13827 2064 7664 13828 2059 7665 13829 2065 7666 13830 2059 7667 13831 2036 7668 13832 2083 7669 13833 2067 7670 13834 2058 7671 13835 2058 7672 13836 2067 7673 13837 2056 7674 13838 2083 7675 13839 2079 7676 13840 2067 7677 13841 2058 7678 13842 2056 7679 13843 2018 7680 13844 2018 7681 13845 2056 7682 13846 2023 7683 13847 2018 7684 13848 2023 7685 13849 2016 7686 13850 2018 7687 13851 2016 7687 13852 2019 7687 13853 2019 7688 13854 2016 7688 13855 2017 7688 13856 2019 38 13857 2017 38 13858 2021 38 13859 2021 7689 13860 2017 7689 13861 2022 7689 13862 2022 7690 13863 2017 7690 13864 2020 7690 13865 2083 7691 13866 2050 7691 13867 2075 7691 13868 2042 7692 13869 2040 7692 13870 2019 7692 13871 2019 7693 13872 2040 7693 13873 2018 7693 13874 2050 47 13875 2042 47 13876 2019 47 13877 2058 7694 13878 2018 7694 13879 2044 7694 13880 2044 7695 13881 2018 7695 13882 2040 7695 13883 2058 7696 13884 2044 7696 13885 2083 7696 13886 2083 7697 13887 2044 7697 13888 2050 7697 13889 2050 47 13890 2044 47 13891 2042 47 13892 2021 7698 13893 2052 7698 13894 2019 7698 13895 2019 7699 13896 2052 7699 13897 2050 7699 13898 2076 7700 13899 2083 7700 13900 2075 7700 13901 2075 7701 13902 2050 7701 13903 2076 7701 13904 2076 7702 13905 2050 7702 13906 2052 7702 13907 2017 7703 13908 2035 7703 13909 2020 7703 13910 2064 7704 13911 2068 7704 13912 2082 7704 13913 2064 7705 13914 2082 7705 13915 2059 7705 13916 2051 59 13917 2064 59 13918 2035 59 13919 2051 7706 13920 2035 7706 13921 2017 7706 13922 2031 7707 13923 2059 7707 13924 2060 7707 13925 2064 7708 13926 2051 7708 13927 2068 7708 13928 2060 7709 13929 2059 7709 13930 2082 7709 13931 2020 59 13932 2035 59 13933 2031 59 13934 2060 7710 13935 2020 7710 13936 2031 7710 13937 2068 7711 13938 2084 7712 13939 2082 7713 13940 2068 7714 13941 2071 7715 13942 2084 7716 13943 2051 7717 13944 2046 7718 13945 2068 7719 13946 2068 7720 13947 2046 7721 13948 2071 7722 13949 2051 7723 13950 2017 7723 13951 2046 7723 13952 2071 7724 13953 2079 7725 13954 2084 7726 13955 2057 7727 13956 2079 7728 13957 2071 7729 13958 2080 7730 13959 2084 7731 13960 2079 7732 13961 2080 7733 13962 2070 7734 13963 2084 7735 13964 2072 7736 13965 2070 7737 13966 2080 7738 13967 2057 7739 13968 2072 7740 13969 2038 7741 13970 2057 7742 13971 2038 7743 13972 2056 7744 13973 2056 7745 13974 2038 7746 13975 2015 7747 13976 2056 7748 13977 2015 7749 13978 2016 7750 13979 2016 7751 13980 2015 7752 13981 2028 7753 13982 2016 7754 13983 2028 7755 13984 2037 7756 13985 2037 7757 13986 2028 7758 13987 2072 7759 13988 2037 7760 13989 2072 7761 13990 2057 7762 13991</p>
        </triangles>
        <triangles material="Shape_275-material" count="336">
          <input semantic="VERTEX" source="#Shape_IndexedFaceSet_270-mesh-vertices" offset="0"/>
          <input semantic="NORMAL" source="#Shape_IndexedFaceSet_270-mesh-normals" offset="1"/>
          <input semantic="TEXCOORD" source="#Shape_IndexedFaceSet_270-mesh-map-0" offset="2" set="0"/>
          <p>2166 7763 13992 2201 7763 13993 2167 7763 13994 2243 7764 13995 2228 7764 13996 2242 7764 13997 2242 7765 13998 2228 7765 13999 2240 7765 14000 2189 59 14001 2167 59 14002 2201 59 14003 2185 7766 14004 2207 7766 14005 2208 7766 14006 2208 59 14007 2207 59 14008 2236 59 14009 2236 7767 14010 2207 7767 14011 2216 7767 14012 2236 7768 14013 2216 7768 14014 2243 7768 14015 2243 7769 14016 2216 7769 14017 2228 7769 14018 2167 7770 14019 2189 7770 14020 2185 7770 14021 2185 59 14022 2208 59 14023 2167 59 14024 2189 7771 14025 2201 7771 14026 2216 7771 14027 2216 59 14028 2201 59 14029 2228 59 14030 2319 7772 14031 2301 7772 14032 2309 7772 14033 2282 47 14034 2278 47 14035 2257 47 14036 2257 7773 14037 2278 7773 14038 2244 7773 14039 2278 7774 14040 2256 7774 14041 2244 7774 14042 2244 7775 14043 2256 7775 14044 2241 7775 14045 2241 7776 14046 2256 7776 14047 2253 7776 14048 2297 47 14049 2309 47 14050 2301 47 14051 2305 7777 14052 2282 7777 14053 2267 7777 14054 2267 47 14055 2282 47 14056 2257 47 14057 2297 7778 14058 2301 7778 14059 2278 7778 14060 2278 47 14061 2301 47 14062 2256 47 14063 2309 7779 14064 2297 7779 14065 2305 7779 14066 2305 47 14067 2267 47 14068 2309 47 14069 2171 7780 14070 2168 7780 14071 2199 7780 14072 2171 7781 14073 2193 7781 14074 2179 7781 14075 2227 7782 14076 2235 7782 14077 2179 7782 14078 2227 7783 14079 2179 7783 14080 2193 7783 14081 2225 7784 14082 2227 7784 14083 2184 7784 14084 2184 7785 14085 2199 7785 14086 2225 7785 14087 2199 47 14088 2184 47 14089 2171 47 14090 2203 7786 14091 2194 7786 14092 2197 7786 14093 2203 7787 14094 2197 7787 14095 2229 7787 14096 2240 7788 14097 2229 7788 14098 2197 7788 14099 2194 7789 14100 2170 7789 14101 2196 7789 14102 2196 7790 14103 2210 7790 14104 2197 7790 14105 2197 7791 14106 2210 7791 14107 2240 7791 14108 2210 59 14109 2196 59 14110 2170 59 14111 2203 7792 14112 2166 7792 14113 2194 7792 14114 2194 7793 14115 2166 7793 14116 2170 7793 14117 2228 7794 14118 2229 7794 14119 2240 7794 14120 2167 7795 14121 2169 7795 14122 2166 7795 14123 2166 7796 14124 2169 7796 14125 2168 7796 14126 2166 7797 14127 2168 7797 14128 2170 7797 14129 2170 7798 14130 2168 7798 14131 2171 7798 14132 2208 7799 14133 2182 7800 14134 2167 7801 14135 2167 7802 14136 2182 7803 14137 2169 7804 14138 2236 7805 14139 2232 7806 14140 2208 7807 14141 2208 7808 14142 2232 7809 14143 2182 7810 14144 2207 7811 14145 2190 7812 14146 2217 7813 14147 2207 7814 14148 2217 7815 14149 2216 7816 14150 2216 7817 14151 2217 7818 14152 2209 7819 14153 2216 7820 14154 2209 7821 14155 2189 7822 14156 2189 7823 14157 2209 7824 14158 2186 7825 14159 2189 7826 14160 2186 7827 14161 2185 7828 14162 2185 7829 14163 2186 7830 14164 2190 7831 14165 2185 7832 14166 2190 7833 14167 2207 7834 14168 2245 59 14169 2298 59 14170 2246 59 14171 2298 7286 14172 2316 7286 14173 2313 7286 14174 2292 7835 14175 2302 7835 14176 2313 7835 14177 2298 59 14178 2302 59 14179 2279 59 14180 2245 7836 14181 2243 7836 14182 2242 7836 14183 2243 7837 14184 2245 7837 14185 2246 7837 14186 2313 59 14187 2302 59 14188 2298 59 14189 2298 59 14190 2279 59 14191 2246 59 14192 2246 7838 14193 2279 7838 14194 2275 7838 14195 2275 7839 14196 2270 7839 14197 2246 7839 14198 2270 7840 14199 2275 7840 14200 2292 7840 14201 2292 7841 14202 2313 7841 14203 2270 7841 14204 2170 7842 14205 2171 7843 14206 2179 7844 14207 2170 7845 14208 2179 7846 14209 2210 7847 14210 2240 7848 14211 2210 7849 14212 2235 7850 14213 2235 7851 14214 2210 7852 14215 2179 7853 14216 2197 7854 14217 2195 7855 14218 2220 7856 14219 2197 7857 14220 2220 7858 14221 2198 7859 14222 2197 7860 14223 2198 7861 14224 2196 7862 14225 2196 7863 14226 2198 7864 14227 2195 7865 14228 2196 7866 14229 2195 7867 14230 2194 7868 14231 2194 7869 14232 2195 7870 14233 2197 7871 14234 2317 7872 14235 2315 7872 14236 2283 7872 14237 2271 7873 14238 2261 7873 14239 2269 7873 14240 2269 7874 14241 2261 7874 14242 2250 7874 14243 2271 47 14244 2295 47 14245 2261 47 14246 2295 47 14247 2271 47 14248 2307 47 14249 2307 47 14250 2315 47 14251 2295 47 14252 2307 47 14253 2289 47 14254 2315 47 14255 2315 7875 14256 2289 7875 14257 2283 7875 14258 2269 7876 14259 2258 7876 14260 2289 7876 14261 2289 7877 14262 2258 7877 14263 2283 7877 14264 2310 7878 14265 2318 7878 14266 2284 7878 14267 2310 7879 14268 2274 7879 14269 2268 7879 14270 2265 7880 14271 2251 7880 14272 2274 7880 14273 2274 7881 14274 2251 7881 14275 2268 7881 14276 2263 7882 14277 2265 7882 14278 2273 7882 14279 2273 7883 14280 2284 7883 14281 2263 7883 14282 2284 59 14283 2273 59 14284 2310 59 14285 2313 7884 14286 2308 7885 14287 2270 7886 14288 2270 7887 14289 2308 7888 14290 2266 7889 14291 2270 7890 14292 2266 7891 14293 2246 7892 14294 2246 7893 14295 2266 7894 14296 2247 7895 14297 2292 7896 14298 2280 7897 14299 2303 7898 14300 2292 7899 14301 2303 7900 14302 2302 7901 14303 2302 7902 14304 2303 7903 14305 2294 7904 14306 2302 7905 14307 2294 7906 14308 2279 7907 14309 2279 7908 14310 2294 7909 14311 2276 7910 14312 2279 7911 14313 2276 7912 14314 2275 7913 14315 2275 7914 14316 2276 7915 14317 2280 7916 14318 2275 7917 14319 2280 7918 14320 2292 7919 14321 2248 7920 14322 2261 7921 14323 2264 7922 14324 2264 7923 14325 2261 7924 14326 2295 7925 14327 2248 7926 14328 2250 7927 14329 2261 7928 14330 2264 7929 14331 2295 7930 14332 2311 7931 14333 2311 7932 14334 2295 7933 14335 2315 7934 14336 2290 7935 14337 2287 7855 14338 2306 7936 14339 2290 7937 14340 2306 7858 14341 2291 7938 14342 2290 7939 14343 2291 7940 14344 2288 7941 14345 2288 7863 14346 2291 7864 14347 2287 7865 14348 2288 7942 14349 2287 7943 14350 2286 7944 14351 2286 7945 14352 2287 7946 14353 2290 7871 14354 2257 7947 14355 2244 7947 14356 2255 7947 14357 2255 7948 14358 2244 7948 14359 2252 7948 14360 2243 7949 14361 2239 7949 14362 2232 7949 14363 2236 7950 14364 2243 7950 14365 2232 7950 14366 2247 7951 14367 2243 7951 14368 2246 7951 14369 2239 7952 14370 2243 7952 14371 2244 7952 14372 2239 7953 14373 2244 7953 14374 2237 7953 14375 2237 7954 14376 2244 7954 14377 2233 7954 14378 2244 7955 14379 2243 7955 14380 2252 7955 14381 2252 7956 14382 2243 7956 14383 2247 7956 14384 2311 7957 14385 2315 7957 14386 2317 7957 14387 2316 7958 14388 2317 7958 14389 2313 7958 14390 2313 7959 14391 2317 7959 14392 2308 7959 14393 2299 7960 14394 2249 7960 14395 2248 7960 14396 2317 7961 14397 2290 7961 14398 2311 7961 14399 2288 59 14400 2264 59 14401 2311 59 14402 2288 59 14403 2311 59 14404 2290 59 14405 2264 7962 14406 2288 7962 14407 2248 7962 14408 2288 7963 14409 2286 7963 14410 2248 7963 14411 2248 7964 14412 2286 7964 14413 2299 7964 14414 2299 7965 14415 2286 7965 14416 2290 7965 14417 2299 7966 14418 2290 7966 14419 2317 7966 14420 2316 2611 14421 2298 2611 14422 2317 2611 14423 2317 5843 14424 2298 5843 14425 2299 5843 14426 2245 7967 14427 2242 7967 14428 2249 7967 14429 2249 7968 14430 2242 7968 14431 2248 7968 14432 2249 7969 14433 2299 7969 14434 2245 7969 14435 2245 6908 14436 2299 6908 14437 2298 6908 14438 2276 7970 14439 2259 7970 14440 2247 7970 14441 2276 7971 14442 2247 7971 14443 2280 7971 14444 2247 7972 14445 2266 7972 14446 2280 7972 14447 2276 7973 14448 2293 7973 14449 2259 7973 14450 2303 7974 14451 2280 7974 14452 2266 7974 14453 2317 7975 14454 2294 7975 14455 2308 7975 14456 2293 47 14457 2276 47 14458 2294 47 14459 2293 7976 14460 2294 7976 14461 2317 7976 14462 2308 7977 14463 2294 7977 14464 2303 7977 14465 2266 7978 14466 2308 7978 14467 2303 7978 14468 2259 7979 14469 2258 7980 14470 2247 7981 14471 2247 7982 14472 2258 7983 14473 2252 7984 14474 2293 7985 14475 2283 7986 14476 2259 7987 14477 2259 7988 14478 2283 7989 14479 2258 7990 14480 2293 7991 14481 2317 7991 14482 2283 7991 14483 2267 7992 14484 2272 7993 14485 2309 7994 14486 2309 7995 14487 2272 7996 14488 2314 7997 14489 2257 7998 14490 2255 7999 14491 2267 8000 14492 2267 8001 14493 2255 8002 14494 2272 8003 14495 2282 8004 14496 2296 8005 14497 2277 8006 14498 2282 8007 14499 2277 8008 14500 2278 8009 14501 2278 8010 14502 2277 8011 14503 2281 8012 14504 2278 8013 14505 2281 8014 14506 2297 8015 14507 2297 8016 14508 2281 8017 14509 2304 8018 14510 2297 8019 14511 2304 8020 14512 2305 8021 14513 2305 8022 14514 2304 8023 14515 2296 8024 14516 2305 8025 14517 2296 8026 14518 2282 8027 14519 2253 8028 14520 2262 8029 14521 2251 8030 14522 2251 8031 14523 2262 8032 14524 2268 8033 14525 2312 8034 14526 2310 8035 14527 2268 8036 14528 2312 8037 14529 2268 8038 14530 2262 8039 14531 2231 47 14532 2206 47 14533 2233 47 14534 2206 7509 14535 2176 7509 14536 2177 7509 14537 2192 8040 14538 2188 8040 14539 2177 8040 14540 2206 47 14541 2188 47 14542 2215 47 14543 2231 8041 14544 2244 8041 14545 2241 8041 14546 2244 8042 14547 2231 8042 14548 2233 8042 14549 2177 47 14550 2188 47 14551 2206 47 14552 2206 47 14553 2215 47 14554 2233 47 14555 2183 8043 14556 2233 8043 14557 2219 8043 14558 2215 8044 14559 2219 8044 14560 2233 8044 14561 2183 8045 14562 2219 8045 14563 2192 8045 14564 2192 8046 14565 2177 8046 14566 2183 8046 14567 2310 8047 14568 2312 8047 14569 2318 8047 14570 2318 8048 14571 2312 8048 14572 2319 8048 14573 2318 8049 14574 2319 8049 14575 2314 8049 14576 2314 8050 14577 2319 8050 14578 2309 8050 14579 2300 47 14580 2306 47 14581 2287 47 14582 2291 8051 14583 2262 8051 14584 2287 8051 14585 2287 8052 14586 2262 8052 14587 2253 8052 14588 2300 47 14589 2287 47 14590 2254 47 14591 2287 8053 14592 2253 8053 14593 2254 8053 14594 2262 8054 14595 2291 8054 14596 2312 8054 14597 2300 8055 14598 2319 8055 14599 2306 8055 14600 2306 8056 14601 2319 8056 14602 2312 8056 14603 2306 8057 14604 2312 8057 14605 2291 8057 14606 2301 5936 14607 2319 5936 14608 2300 5936 14609 2256 8058 14610 2254 8058 14611 2253 8058 14612 2256 8059 14613 2301 8059 14614 2254 8059 14615 2254 8060 14616 2301 8060 14617 2300 8060 14618 2255 8061 14619 2260 8061 14620 2285 8061 14621 2304 8062 14622 2318 8062 14623 2314 8062 14624 2304 8063 14625 2314 8063 14626 2296 8063 14627 2281 8064 14628 2255 8064 14629 2285 8064 14630 2318 8065 14631 2304 8065 14632 2285 8065 14633 2285 8066 14634 2304 8066 14635 2281 8066 14636 2255 8067 14637 2281 8067 14638 2277 8067 14639 2255 8068 14640 2277 8068 14641 2272 8068 14642 2272 59 14643 2277 59 14644 2296 59 14645 2272 59 14646 2296 59 14647 2314 59 14648 2284 8069 14649 2285 8070 14650 2263 8071 14651 2263 8072 14652 2285 8073 14653 2260 8074 14654 2255 8075 14655 2252 8076 14656 2260 8077 14657 2260 8078 14658 2252 8079 14659 2263 8080 14660 2318 5961 14661 2285 5961 14662 2284 5961 14663 2251 8081 14664 2252 8082 14665 2250 8083 14666 2250 8084 14667 2252 8085 14668 2258 8086 14669 2269 8087 14670 2250 8088 14671 2258 8089 14672 2265 8090 14673 2263 8091 14674 2251 8092 14675 2251 8093 14676 2263 8094 14677 2252 8095 14678 2269 8096 14679 2265 8097 14680 2271 8098 14681 2271 8099 14682 2265 8100 14683 2274 8101 14684 2271 8102 14685 2274 8103 14686 2307 8104 14687 2307 8105 14688 2274 8106 14689 2310 8107 14690 2307 8108 14691 2310 8109 14692 2289 8110 14693 2289 8111 14694 2310 8112 14695 2273 8113 14696 2289 8114 14697 2273 8115 14698 2269 8116 14699 2269 8117 14700 2273 8118 14701 2265 8119 14702 2248 8120 14703 2242 8120 14704 2235 8120 14705 2238 8121 14706 2241 8121 14707 2251 8121 14708 2235 8122 14709 2242 8122 14710 2240 8122 14711 2235 8123 14712 2234 8123 14713 2248 8123 14714 2248 8124 14715 2234 8124 14716 2238 8124 14717 2248 8125 14718 2238 8125 14719 2250 8125 14720 2250 8126 14721 2238 8126 14722 2251 8126 14723 2251 8127 14724 2241 8127 14725 2253 8127 14726 2201 608 14727 2166 608 14728 2203 608 14729 2201 8128 14730 2203 8128 14731 2228 8128 14732 2228 8129 14733 2203 8129 14734 2229 8129 14735 2232 8130 14736 2224 8130 14737 2202 8130 14738 2190 8131 14739 2186 8131 14740 2169 8131 14741 2169 8132 14742 2186 8132 14743 2168 8132 14744 2168 8133 14745 2186 8133 14746 2202 8133 14747 2202 8134 14748 2186 8134 14749 2209 8134 14750 2169 47 14751 2182 47 14752 2190 47 14753 2190 47 14754 2182 47 14755 2217 47 14756 2209 8135 14757 2232 8135 14758 2202 8135 14759 2232 8136 14760 2209 8136 14761 2217 8136 14762 2232 8137 14763 2217 8137 14764 2182 8137 14765 2168 6020 14766 2202 6020 14767 2199 6020 14768 2232 8138 14769 2225 8139 14770 2224 8140 14771 2239 8141 14772 2225 8142 14773 2232 8143 14774 2224 8144 14775 2225 8145 14776 2202 8146 14777 2202 8147 14778 2225 8148 14779 2199 8149 14780 2173 8150 14781 2172 8150 14782 2200 8150 14783 2211 8151 14784 2221 8151 14785 2223 8151 14786 2223 8152 14787 2221 8152 14788 2234 8152 14789 2211 59 14790 2180 59 14791 2221 59 14792 2180 59 14793 2211 59 14794 2178 59 14795 2178 59 14796 2172 59 14797 2180 59 14798 2178 59 14799 2181 59 14800 2172 59 14801 2172 8153 14802 2181 8153 14803 2200 8153 14804 2223 8154 14805 2226 8154 14806 2181 8154 14807 2181 8155 14808 2226 8155 14809 2200 8155 14810 2177 8156 14811 2175 8157 14812 2183 8158 14813 2183 8159 14814 2175 8160 14815 2214 8161 14816 2183 8162 14817 2214 8163 14818 2233 8164 14819 2233 8165 14820 2214 8166 14821 2237 8167 14822 2192 8168 14823 2213 8169 14824 2187 8170 14825 2192 8171 14826 2187 8172 14827 2188 8173 14828 2188 8174 14829 2187 8175 14830 2191 8176 14831 2188 8177 14832 2191 8178 14833 2215 8179 14834 2215 8180 14835 2191 8181 14836 2218 8182 14837 2215 8183 14838 2218 8184 14839 2219 8185 14840 2219 8186 14841 2218 8187 14842 2213 8188 14843 2219 8189 14844 2213 8190 14845 2192 8191 14846 2238 8192 14847 2221 8193 14848 2212 8194 14849 2212 8195 14850 2221 8196 14851 2180 8197 14852 2238 8198 14853 2234 8199 14854 2221 8200 14855 2212 8201 14856 2180 8202 14857 2174 8203 14858 2174 8204 14859 2180 8205 14860 2172 8206 14861 2174 8207 14862 2172 8207 14863 2173 8207 14864 2176 8208 14865 2173 8208 14866 2177 8208 14867 2177 8209 14868 2173 8209 14869 2175 8209 14870 2238 8210 14871 2204 8210 14872 2230 8210 14873 2198 47 14874 2212 47 14875 2174 47 14876 2198 8211 14877 2174 8211 14878 2195 8211 14879 2195 8212 14880 2173 8212 14881 2204 8212 14882 2173 8213 14883 2195 8213 14884 2174 8213 14885 2238 8214 14886 2220 8214 14887 2204 8214 14888 2204 8215 14889 2220 8215 14890 2195 8215 14891 2212 8216 14892 2198 8216 14893 2238 8216 14894 2238 8217 14895 2198 8217 14896 2220 8217 14897 2176 2868 14898 2206 2868 14899 2173 2868 14900 2173 6091 14901 2206 6091 14902 2204 6091 14903 2231 8218 14904 2241 8218 14905 2230 8218 14906 2230 8219 14907 2241 8219 14908 2238 8219 14909 2230 8220 14910 2204 8220 14911 2231 8220 14912 2231 7157 14913 2204 7157 14914 2206 7157 14915 2173 8221 14916 2191 8221 14917 2175 8221 14918 2237 8222 14919 2213 8222 14920 2218 8222 14921 2237 8223 14922 2218 8223 14923 2222 8223 14924 2205 8224 14925 2222 8224 14926 2218 8224 14927 2205 59 14928 2218 59 14929 2191 59 14930 2205 8225 14931 2191 8225 14932 2173 8225 14933 2187 8226 14934 2213 8226 14935 2214 8226 14936 2214 8227 14937 2213 8227 14938 2237 8227 14939 2187 59 14940 2175 59 14941 2191 59 14942 2214 8228 14943 2175 8228 14944 2187 8228 14945 2222 8229 14946 2239 8230 14947 2237 8231 14948 2222 8232 14949 2226 8233 14950 2239 8234 14951 2205 8235 14952 2200 8236 14953 2222 8237 14954 2222 8238 14955 2200 8239 14956 2226 8240 14957 2205 8241 14958 2173 8241 14959 2200 8241 14960 2226 8242 14961 2234 8243 14962 2239 8244 14963 2223 8245 14964 2234 8246 14965 2226 8247 14966 2235 8248 14967 2239 8249 14968 2234 8250 14969 2235 8251 14970 2225 8252 14971 2239 8253 14972 2227 8254 14973 2225 8255 14974 2235 8256 14975 2223 8257 14976 2227 8258 14977 2211 8259 14978 2211 8260 14979 2227 8261 14980 2193 8262 14981 2211 8263 14982 2193 8264 14983 2178 8265 14984 2178 8266 14985 2193 8267 14986 2171 8268 14987 2178 8269 14988 2171 8270 14989 2181 8271 14990 2181 8272 14991 2171 8273 14992 2184 8274 14993 2181 8275 14994 2184 8276 14995 2223 8277 14996 2223 8278 14997 2184 8279 14998 2227 8280 14999</p>
        </triangles>
      </mesh>
    </geometry>
  </library_geometries>
  <library_visual_scenes>
    <visual_scene id="Scene" name="Scene">
      <node id="Shape_IndexedFaceSet_028" name="Shape_IndexedFaceSet.028" type="NODE">
        <matrix sid="transform">-4.37114e-8 7.54979e-8 -1 0 -1 -3.30012e-15 4.37114e-8 0 0 1 7.54979e-8 0 0 0 0 1</matrix>
        <instance_geometry url="#Shape_IndexedFaceSet_270-mesh" name="Shape_IndexedFaceSet.028">
          <bind_material>
            <technique_common>
              <instance_material symbol="Shape_270-material" target="#Shape_270-material">
                <bind_vertex_input semantic="UVMap" input_semantic="TEXCOORD" input_set="0"/>
              </instance_material>
              <instance_material symbol="Shape_242-material" target="#Shape_242-material">
                <bind_vertex_input semantic="UVMap" input_semantic="TEXCOORD" input_set="0"/>
              </instance_material>
              <instance_material symbol="Shape_243-material" target="#Shape_243-material">
                <bind_vertex_input semantic="UVMap" input_semantic="TEXCOORD" input_set="0"/>
              </instance_material>
              <instance_material symbol="Shape_244-material" target="#Shape_244-material">
                <bind_vertex_input semantic="UVMap" input_semantic="TEXCOORD" input_set="0"/>
              </instance_material>
              <instance_material symbol="Shape_245-material" target="#Shape_245-material">
                <bind_vertex_input semantic="UVMap" input_semantic="TEXCOORD" input_set="0"/>
              </instance_material>
              <instance_material symbol="Shape_246-material" target="#Shape_246-material">
                <bind_vertex_input semantic="UVMap" input_semantic="TEXCOORD" input_set="0"/>
              </instance_material>
              <instance_material symbol="Shape_247-material" target="#Shape_247-material">
                <bind_vertex_input semantic="UVMap" input_semantic="TEXCOORD" input_set="0"/>
              </instance_material>
              <instance_material symbol="Shape_248-material" target="#Shape_248-material">
                <bind_vertex_input semantic="UVMap" input_semantic="TEXCOORD" input_set="0"/>
              </instance_material>
              <instance_material symbol="Shape_249-material" target="#Shape_249-material">
                <bind_vertex_input semantic="UVMap" input_semantic="TEXCOORD" input_set="0"/>
              </instance_material>
              <instance_material symbol="Shape_250-material" target="#Shape_250-material">
                <bind_vertex_input semantic="UVMap" input_semantic="TEXCOORD" input_set="0"/>
              </instance_material>
              <instance_material symbol="Shape_251-material" target="#Shape_251-material">
                <bind_vertex_input semantic="UVMap" input_semantic="TEXCOORD" input_set="0"/>
              </instance_material>
              <instance_material symbol="Shape_252-material" target="#Shape_252-material">
                <bind_vertex_input semantic="UVMap" input_semantic="TEXCOORD" input_set="0"/>
              </instance_material>
              <instance_material symbol="Shape_253-material" target="#Shape_253-material">
                <bind_vertex_input semantic="UVMap" input_semantic="TEXCOORD" input_set="0"/>
              </instance_material>
              <instance_material symbol="Shape_254-material" target="#Shape_254-material">
                <bind_vertex_input semantic="UVMap" input_semantic="TEXCOORD" input_set="0"/>
              </instance_material>
              <instance_material symbol="Shape_255-material" target="#Shape_255-material">
                <bind_vertex_input semantic="UVMap" input_semantic="TEXCOORD" input_set="0"/>
              </instance_material>
              <instance_material symbol="Shape_256-material" target="#Shape_256-material">
                <bind_vertex_input semantic="UVMap" input_semantic="TEXCOORD" input_set="0"/>
              </instance_material>
              <instance_material symbol="Shape_257-material" target="#Shape_257-material">
                <bind_vertex_input semantic="UVMap" input_semantic="TEXCOORD" input_set="0"/>
              </instance_material>
              <instance_material symbol="Shape_258-material" target="#Shape_258-material">
                <bind_vertex_input semantic="UVMap" input_semantic="TEXCOORD" input_set="0"/>
              </instance_material>
              <instance_material symbol="Shape_259-material" target="#Shape_259-material">
                <bind_vertex_input semantic="UVMap" input_semantic="TEXCOORD" input_set="0"/>
              </instance_material>
              <instance_material symbol="Shape_260-material" target="#Shape_260-material">
                <bind_vertex_input semantic="UVMap" input_semantic="TEXCOORD" input_set="0"/>
              </instance_material>
              <instance_material symbol="Shape_261-material" target="#Shape_261-material">
                <bind_vertex_input semantic="UVMap" input_semantic="TEXCOORD" input_set="0"/>
              </instance_material>
              <instance_material symbol="Shape_262-material" target="#Shape_262-material">
                <bind_vertex_input semantic="UVMap" input_semantic="TEXCOORD" input_set="0"/>
              </instance_material>
              <instance_material symbol="Shape_263-material" target="#Shape_263-material">
                <bind_vertex_input semantic="UVMap" input_semantic="TEXCOORD" input_set="0"/>
              </instance_material>
              <instance_material symbol="Shape_264-material" target="#Shape_264-material">
                <bind_vertex_input semantic="UVMap" input_semantic="TEXCOORD" input_set="0"/>
              </instance_material>
              <instance_material symbol="Shape_265-material" target="#Shape_265-material">
                <bind_vertex_input semantic="UVMap" input_semantic="TEXCOORD" input_set="0"/>
              </instance_material>
              <instance_material symbol="Shape_266-material" target="#Shape_266-material">
                <bind_vertex_input semantic="UVMap" input_semantic="TEXCOORD" input_set="0"/>
              </instance_material>
              <instance_material symbol="Shape_267-material" target="#Shape_267-material">
                <bind_vertex_input semantic="UVMap" input_semantic="TEXCOORD" input_set="0"/>
              </instance_material>
              <instance_material symbol="Shape_268-material" target="#Shape_268-material">
                <bind_vertex_input semantic="UVMap" input_semantic="TEXCOORD" input_set="0"/>
              </instance_material>
              <instance_material symbol="Shape_269-material" target="#Shape_269-material">
                <bind_vertex_input semantic="UVMap" input_semantic="TEXCOORD" input_set="0"/>
              </instance_material>
              <instance_material symbol="Shape_271-material" target="#Shape_271-material">
                <bind_vertex_input semantic="UVMap" input_semantic="TEXCOORD" input_set="0"/>
              </instance_material>
              <instance_material symbol="Shape_272-material" target="#Shape_272-material">
                <bind_vertex_input semantic="UVMap" input_semantic="TEXCOORD" input_set="0"/>
              </instance_material>
              <instance_material symbol="Shape_273-material" target="#Shape_273-material">
                <bind_vertex_input semantic="UVMap" input_semantic="TEXCOORD" input_set="0"/>
              </instance_material>
              <instance_material symbol="Shape_274-material" target="#Shape_274-material">
                <bind_vertex_input semantic="UVMap" input_semantic="TEXCOORD" input_set="0"/>
              </instance_material>
              <instance_material symbol="Shape_275-material" target="#Shape_275-material">
                <bind_vertex_input semantic="UVMap" input_semantic="TEXCOORD" input_set="0"/>
              </instance_material>
            </technique_common>
          </bind_material>
        </instance_geometry>
      </node>
      <node id="Camera" name="Camera" type="NODE">
        <matrix sid="transform">0.6859207 -0.3240135 0.6515582 7.358891 0.7276763 0.3054208 -0.6141704 -6.925791 0 0.8953956 0.4452714 4.958309 0 0 0 1</matrix>
        <instance_camera url="#Camera-camera"/>
      </node>
      <node id="Light" name="Light" type="NODE">
        <matrix sid="transform">-0.2908646 -0.7711008 0.5663932 4.076245 0.9551712 -0.1998834 0.2183912 1.005454 -0.05518906 0.6045247 0.7946723 5.903862 0 0 0 1</matrix>
        <instance_light url="#Light-light"/>
      </node>
    </visual_scene>
  </library_visual_scenes>
  <scene>
    <instance_visual_scene url="#Scene"/>
  </scene>
</COLLADA>