<?xml version="1.0" encoding="utf-8"?>
<COLLADA xmlns="http://www.collada.org/2005/11/COLLADASchema" version="1.4.1" xmlns:xsi="http://www.w3.org/2001/XMLSchema-instance">
  <asset>
    <contributor>
      <author>Blender User</author>
      <authoring_tool>Blender 4.4.3 commit date:2025-04-29, commit time:14:09, hash:802179c51ccc</authoring_tool>
    </contributor>
    <created>2026-04-18T20:24:47</created>
    <modified>2026-04-18T20:24:47</modified>
    <unit name="meter" meter="1"/>
    <up_axis>Z_UP</up_axis>
  </asset>
  <library_cameras>
    <camera id="Camera-camera" name="Camera">
      <optics>
        <technique_common>
          <perspective>
            <xfov sid="xfov">39.59775</xfov>
            <aspect_ratio>1.777778</aspect_ratio>
            <znear sid="znear">0.1</znear>
            <zfar sid="zfar">100</zfar>
          </perspective>
        </technique_common>
      </optics>
      <extra>
        <technique profile="blender">
          <shiftx sid="shiftx" type="float">0</shiftx>
          <shifty sid="shifty" type="float">0</shifty>
          <dof_distance sid="dof_distance" type="float">10</dof_distance>
        </technique>
      </extra>
    </camera>
  </library_cameras>
  <library_lights>
    <light id="Light-light" name="Light">
      <technique_common>
        <point>
          <color sid="color">1000 1000 1000</color>
          <constant_attenuation>1</constant_attenuation>
          <linear_attenuation>0</linear_attenuation>
          <quadratic_attenuation>0</quadratic_attenuation>
        </point>
      </technique_common>
      <extra>
        <technique profile="blender">
          <type sid="type" type="int">0</type>
          <flag sid="flag" type="int">0</flag>
          <mode sid="mode" type="int">2097153</mode>
          <red sid="red" type="float">1</red>
          <green sid="green" type="float">1</green>
          <blue sid="blue" type="float">1</blue>
          <energy sid="blender_energy" type="float">1000</energy>
          <spotsize sid="spotsize" type="float">75</spotsize>
          <spotblend sid="spotblend" type="float">0.15</spotblend>
          <clipsta sid="clipsta" type="float">0.04999995</clipsta>
          <clipend sid="clipend" type="float">40</clipend>
          <radius sid="radius" type="float">0.1</radius>
          <area_shape sid="area_shape" type="int">1</area_shape>
          <area_size sid="area_size" type="float">0.1</area_size>
          <area_sizey sid="area_sizey" type="float">0.1</area_sizey>
          <area_sizez sid="area_sizez" type="float">1</area_sizez>
        </technique>
      </extra>
    </light>
  </library_lights>
  <library_effects>
    <effect id="Shape_001-effect">
      <profile_COMMON>
        <technique sid="common">
          <lambert>
            <emission>
              <color sid="emission">0 0 0 1</color>
            </emission>
            <diffuse>
              <color sid="diffuse">0.792157 0.819608 0.933333 1</color>
            </diffuse>
            <index_of_refraction>
              <float sid="ior">1.5</float>
            </index_of_refraction>
          </lambert>
        </technique>
      </profile_COMMON>
    </effect>
    <effect id="Shape-effect">
      <profile_COMMON>
        <technique sid="common">
          <lambert>
            <emission>
              <color sid="emission">0 0 0 1</color>
            </emission>
            <diffuse>
              <color sid="diffuse">0.792157 0.819608 0.933333 1</color>
            </diffuse>
            <index_of_refraction>
              <float sid="ior">1.5</float>
            </index_of_refraction>
          </lambert>
        </technique>
      </profile_COMMON>
    </effect>
    <effect id="Shape_002-effect">
      <profile_COMMON>
        <technique sid="common">
          <lambert>
            <emission>
              <color sid="emission">0 0 0 1</color>
            </emission>
            <diffuse>
              <color sid="diffuse">0.898039 0.917647 0.929412 1</color>
            </diffuse>
            <index_of_refraction>
              <float sid="ior">1.5</float>
            </index_of_refraction>
          </lambert>
        </technique>
      </profile_COMMON>
    </effect>
    <effect id="Shape_003-effect">
      <profile_COMMON>
        <technique sid="common">
          <lambert>
            <emission>
              <color sid="emission">0 0 0 1</color>
            </emission>
            <diffuse>
              <color sid="diffuse">0.898039 0.917647 0.929412 1</color>
            </diffuse>
            <index_of_refraction>
              <float sid="ior">1.5</float>
            </index_of_refraction>
          </lambert>
        </technique>
      </profile_COMMON>
    </effect>
    <effect id="Shape_004-effect">
      <profile_COMMON>
        <technique sid="common">
          <lambert>
            <emission>
              <color sid="emission">0 0 0 1</color>
            </emission>
            <diffuse>
              <color sid="diffuse">0.501961 0.501961 0.501961 1</color>
            </diffuse>
            <index_of_refraction>
              <float sid="ior">1.5</float>
            </index_of_refraction>
          </lambert>
        </technique>
      </profile_COMMON>
    </effect>
  </library_effects>
  <library_images/>
  <library_materials>
    <material id="Shape_001-material" name="Shape.001">
      <instance_effect url="#Shape_001-effect"/>
    </material>
    <material id="Shape-material" name="Shape">
      <instance_effect url="#Shape-effect"/>
    </material>
    <material id="Shape_002-material" name="Shape.002">
      <instance_effect url="#Shape_002-effect"/>
    </material>
    <material id="Shape_003-material" name="Shape.003">
      <instance_effect url="#Shape_003-effect"/>
    </material>
    <material id="Shape_004-material" name="Shape.004">
      <instance_effect url="#Shape_004-effect"/>
    </material>
  </library_materials>
  <library_geometries>
    <geometry id="Shape_IndexedFaceSet_001-mesh" name="Shape_IndexedFaceSet.001">
      <mesh>
        <source id="Shape_IndexedFaceSet_001-mesh-positions">
          <float_array id="Shape_IndexedFaceSet_001-mesh-positions-array" count="1599">3.78733e-5 0.006510138 0.03855568 0.001400172 -0.01632958 0.04005116 0.001266658 0.01320546 0.04007387 0.008729875 -0.03832978 0.03920686 0.002988159 -0.01418322 -0.006126523 0.002990186 -0.01411068 0.006116449 0.002987623 -0.001889944 -0.01572501 0.002984881 -0.001984953 0.01577508 0.004081428 -0.007169663 -0.007069647 0.004833042 -0.007617413 0.006543219 0.002979338 5.96168e-4 -0.01123011 0.002979278 8.17768e-4 0.01120281 0.005174756 0.009604573 -0.0116254 0.005823016 0.009037315 0.01202923 0.002986907 0.01182597 -9.45344e-5 0.004403054 0.01187604 -0.009844958 0.00498259 0.01156651 0.009659707 0.01015204 0.01429229 0.03713512 0.01042109 -0.02323305 0.03760629 0.005435526 -0.009620308 -0.01156681 0.005313217 -0.009790599 0.01142537 0.007179439 -0.008764803 -0.005506634 0.005270242 0.007611393 -0.006653189 0.005330443 0.007464587 0.006788432 0.01182723 0.04257643 0.03935241 0.007350862 -0.01201963 -0.008950054 0.007584154 0.005395889 0.008491039 0.008319497 -0.01204872 0.00894165 0.008885204 -0.005549311 0.008450984 0.00873053 0.005501389 -0.008468329 0.00941044 0.008240163 0.005898773 0.009114503 -0.005842566 -0.008226633 0.008847594 0.008293867 -0.00571841 0.008982896 -0.008280158 0.005853712 0.00974971 -0.01018249 -0.01106292 0.00931853 -0.009673297 0.01149553 0.009659647 0.01123404 0.009990334 0.009937584 0.0110169 -0.01029056 0.008102118 3.80636e-6 -0.01434957 0.008101463 3.84886e-6 0.01435297 0.01164829 0.01045441 0.03746944 0.01275843 0.00276643 0.03325861 0.01345616 -0.0130214 -0.007565855 0.01332694 -0.01306843 0.007523298 0.02396756 0.04688894 0.03727656 0.01302129 -0.004006981 0.00808084 0.01307731 -0.006609857 -0.008040547 0.0147888 -0.02781891 0.03827565 0.03036147 -0.06446224 0.03852343 0.01342296 -7.21319e-4 -0.01068943 0.01300144 0.00351572 0.009732544 0.01301681 0.0118153 9.4299e-5 0.01562124 -0.003419518 0.0068596 0.01451098 -0.02318143 -5.25376e-4 0.01447898 -0.01551967 -0.01820129 0.01448166 -0.01623111 0.01772791 0.01660573 -0.01751071 -0.006621241 0.01650971 -0.01758253 0.006735086 0.01450353 -0.006407737 -0.01403504 0.0145033 -0.006056129 0.01425749 0.01475071 -0.005787909 -0.02253371 0.0148127 -0.00504744 0.02259629 0.01450109 0.004320502 -0.01457989 0.01450151 0.004618525 0.01444625 0.01586061 0.009065985 -0.02181708 0.01513797 0.007189631 0.02226066 0.01450067 0.0148223 -0.006151437 0.01449763 0.01189363 0.009360909 0.01449191 0.02173399 -0.009051144 0.01450228 0.02239674 0.008312165 0.01453429 0.008817434 -0.02444195 0.01690208 -0.008805453 -0.00691694 0.01748591 -0.005845904 -0.01088696 0.01572585 0.002634644 0.02522844 0.01972091 -0.03048807 0.03339296 0.01707357 -0.01942455 0.02420973 0.01729083 0.007825553 0.02866166 0.02414435 0.04249894 0.0379582 0.02068644 -0.02708899 -0.02193015 0.0217961 -0.03047358 0.02217102 0.02051383 -0.02617794 0.02522224 0.01747024 -0.003269076 0.003421187 0.02226537 0.03198856 0.0316109 0.01898133 0.02380019 0.02473825 0.01917678 -0.0184164 0.02943593 0.01908844 -0.02039438 -0.01223546 0.01908904 -0.02041321 0.01210743 0.01782923 -0.008617579 0.002473771 0.01748371 -9.09838e-6 -0.01207119 0.01748389 -0.001033246 0.004863977 0.01749646 0.00333023 -0.02500528 0.01929479 0.02096092 0.01064145 0.02005094 -0.02492034 -0.02514004 0.01811206 -0.02305388 -1.0887e-4 0.01924616 0.02340328 -0.001731038 0.01867824 0.02296751 9.79997e-4 0.02209669 0.02973067 -0.02502882 0.02473586 0.03574025 -0.02208608 0.02595162 0.03389275 0.02954578 0.02346825 0.03322947 0.02217626 0.02446615 -0.03605121 -0.02263826 0.02758598 0.04069072 0.001052856 0.03727412 0.06983608 0.03922051 0.0323438 -0.05266028 0.03682833 0.02968055 -0.04361295 -8.88369e-4 0.02702611 -0.03822743 0.001534104 0.03185498 0.04589027 -0.02463096 0.03028798 -0.03994226 0.02964949 0.03725516 -0.058393 0.03855019 0.03512775 0.04903197 0.03119432 0.03341156 0.04708635 0.0247181 0.04865497 -0.07638233 0.0394383 0.0360803 -0.04782998 0.02541351 0.03596752 -0.05013847 0.02262097 0.03698158 -0.04992485 -0.02506554 0.0428071 0.055265 -0.001468181 0.0347771 0.04743605 0.02200025 0.04468691 0.05625176 0.001419901 0.04249298 -0.05479651 -0.02202552 0.04158806 -0.05161875 0.02961206 0.04278373 0.054973 -0.02212291 0.05266559 -0.06965184 0.03751504 0.04500037 -0.05614459 0.001481354 0.04571515 0.0634405 0.03849929 0.04680001 0.05601805 0.03024238 0.0527262 0.06009709 0.02533417 0.05437886 0.06583678 0.03525149 0.05028718 -0.06027793 0.03144896 0.04421263 -0.05641841 -0.00112003 0.0669732 0.07296407 0.03717654 0.05358481 -0.05972802 0.03242212 0.0518887 0.06034225 -0.02492779 0.05320745 -0.06192487 -0.02455818 0.05329561 -0.06215113 0.02391171 0.05056977 0.06061542 0.02245813 0.06921988 0.06725674 -0.0222575 0.05982178 -0.06217551 -0.02499175 0.06940221 -0.06661319 0.02200204 0.05837303 -0.06372457 -0.001299083 0.06002432 0.06433844 0.001212596 0.06733983 -0.06646412 0.001407563 0.07303452 -0.06739473 0.02510863 0.06472963 0.06545805 -0.02503514 0.0725373 0.06824994 0.03449612 0.07941091 -0.08314377 0.0400474 0.06095921 -0.06168246 -0.004926562 0.0653156 0.06530594 -0.001522123 0.06101894 0.06170785 0.004817306 0.07747828 -0.07422733 0.03868108 0.07004678 -0.06667613 -0.02205735 0.07029998 -0.06740814 0.03151154 0.0757476 -0.06620258 0.03066301 0.08768314 0.07495909 0.03878319 0.07714676 0.08289313 0.03910994 0.06495296 0.06298249 -0.006719231 0.06451225 -0.06284224 0.004817247 0.07640475 0.06855559 0.0244019 0.06522709 -0.0020653 0.004909336 0.06509065 0.001903474 -0.004674315 0.06452363 0.002674937 -0.0249949 0.06566792 0.007115006 0.005073666 0.06680732 -0.004248261 -0.02149432 0.06550544 -0.00448507 -0.002511382 0.07073885 0.06470555 0.02747154 0.06612312 0.006824672 -0.02310812 0.06579911 0.005861103 -0.002370178 0.0738604 -0.01658582 -0.0250281 0.07570147 -0.06811273 -0.02471321 0.06804865 0.004862487 -0.02151614 0.06762993 0.004547595 0.005004584 0.0732153 0.01529383 -0.02158534 0.0679233 -0.003953576 -0.002500593 0.06825208 0.00502479 -0.002501428 0.072254 -0.01454198 -0.02151638 0.07226467 -0.01457113 -0.002497673 0.08238631 0.06815689 0.02201777 0.08308827 0.06844842 0.02973073 0.07404404 0.01415467 -0.002572238 0.07373744 -0.01284199 -0.02162355 0.07370662 -0.0124765 -0.002549111 0.1064558 -0.08088016 0.03855091 0.07459509 0.01328235 -0.02160489 0.07960093 0.06886804 3.53413e-4 0.07912057 -0.06826639 -0.001068353 0.0800426 0.01847124 -0.02500224 0.07568621 0.01649487 0.0048213 0.07715666 -0.0162723 0.00484544 0.07923185 0.01571536 0.005003273 0.09828048 0.0704751 0.03582394 0.07944709 -0.0176016 0.004893124 0.07915955 0.003857076 -0.02358871 0.08090198 -0.005762338 -0.02199995 0.07925349 0.01761591 -0.004575669 0.08054983 -0.005263268 -0.02499997 0.08441483 0.01868271 0.005075633 0.09755373 -0.06694239 0.001440167 0.1008265 0.06641024 -0.001046657 0.09825181 -0.06641942 -0.001424729 0.09869515 0.06631553 0.001420617 0.08647376 -0.06854093 0.0226767 0.09086716 -0.06832671 -0.02277112 0.09426784 0.06681019 -0.02200025 0.08204275 -0.01675111 -0.02151185 0.08183991 -0.01802414 -0.002549171 0.08213043 -0.0155636 -0.002469539 0.0832954 0.01818662 -0.02163398 0.08312362 0.01696836 -0.002507865 0.08887118 -0.01750212 0.004996716 0.0887624 0.002098023 -0.02499997 0.08322846 0.0155394 -0.0216152 0.0950787 0.06527596 0.02991026 0.08917641 0.06798833 -0.02471584 0.08826327 0.002450108 -0.02199995 0.09587287 -0.01396906 -0.02501457 0.1271176 -0.07173758 0.0399838 0.1037945 -0.06428998 -0.02515906 0.09804439 0.06581932 0.02515459 0.1060314 -0.06398743 -0.02211076 0.0927217 -0.0137335 -0.02154755 0.09290075 -0.01379019 -0.002553462 0.09369814 0.01296395 -0.002513945 0.09667104 0.008897721 0.004997372 0.09377145 0.01300209 -0.02139538 0.09723544 -0.06454461 0.02968513 0.1054686 -0.06380391 0.02504324 0.08845144 -0.06906402 0.03277432 0.1001925 0.008417844 -0.02500671 0.1104753 0.07888239 0.03942787 0.09764319 -0.006122052 -0.02153748 0.09619176 -0.00892508 0.005001246 0.0980724 0.005302488 -0.02144813 0.09638684 0.01210355 0.004818677 0.09637135 -0.01206541 -0.00466609 0.09866577 -0.008995056 0.004824578 0.09866106 -0.006197392 -0.00257641 0.09916675 0.005120217 -0.002508223 0.1050262 -0.06918489 0.03767675 0.09860718 0.008987903 -0.004668772 0.101205 0.00443238 0.005075454 0.1107685 -0.06346422 0.02303749 0.09971326 -0.006785154 -0.02131241 0.1003839 0.005353271 -0.02161049 0.1087658 0.0635693 -0.02471739 0.1185141 0.05870169 -0.02253508 0.1075442 0.06412464 0.02245748 0.1136754 -0.06135302 0.03126442 0.09698528 -0.07251054 0.03684598 0.1135782 -0.06180566 -3.46647e-4 0.1229739 -0.05588555 0.02229344 0.1216113 0.05634206 -0.001219093 0.115655 -0.05734419 0.02816253 0.1208276 0.0619623 0.03814578 0.1149208 0.05766421 0.02847504 0.1251981 -0.0600236 0.03849524 0.119655 -0.0577259 -0.02465927 0.1222925 -0.05533903 -0.02203172 0.1194182 0.05662763 0.0251134 0.1274376 0.07036936 0.03851711 0.1243463 0.05614155 0.03308379 0.1283571 -0.05090194 0.001340091 0.1281535 -0.06103479 0.03762429 0.1337242 0.04551219 -0.0248683 0.1309758 -0.04818677 0.02506387 0.1257335 0.05384075 0.02255767 0.1346545 -0.04197293 -0.02501136 0.1325232 -0.04680579 -0.001410663 0.1293547 0.05047047 0.001400291 0.1306473 0.04642623 0.03083145 0.1334252 0.04609286 0.02487349 0.1513191 -0.04816621 0.03907829 0.1342615 -0.0455265 -0.02477645 0.1269966 -0.05011522 0.03111314 0.1321582 -0.04927587 0.0337603 0.1401317 0.03753846 -0.0220198 0.1438174 0.04403501 0.03723692 0.1345145 0.04411637 -0.001435339 0.1449604 0.0412575 0.0385648 0.1388374 -0.03903925 -0.02212888 0.1348562 -0.04002624 -0.004885196 0.13994 0.03836417 0.03145194 0.1349208 0.03995227 0.004832267 0.1401931 -0.0374158 0.02235263 0.1468647 -0.03987866 0.03899484 0.1379795 0.03579533 -0.02500885 0.1406838 -0.03668665 0.03130102 0.1370934 0.03694909 -0.00489372 0.1370537 -0.03700256 0.004817426 0.1439924 0.03251999 0.02336329 0.1404523 -0.03325271 0.03081762 0.1445588 -0.02918976 0.001466691 0.1445361 0.02953553 -0.001402258 0.1431877 -0.03246724 -0.001241326 0.1433028 0.03229707 0.001226246 0.1471753 -0.02261334 0.02504241 0.1450903 0.0236321 0.02976703 0.1457458 0.02491354 0.02193975 0.1473935 0.02476125 0.03226703 0.1441339 0.0312612 -0.02440619 0.1495806 -0.01800227 0.02265721 0.1496573 0.007877886 -0.02516883 0.1497495 -0.01633781 0.03091073 0.1478143 0.05192399 0.03939718 0.1466922 -0.02582532 -0.02260982 0.1479399 -0.01571345 0.03255236 0.1545202 -0.02155238 0.03715878 0.1486753 -0.01387566 -0.02524876 0.1509987 0.009596765 0.02455013 0.150879 -0.003342807 0.02197062 0.1501157 -0.0153467 -1.98965e-4 0.1509332 0.01083445 0.001038253 0.1493141 0.004496753 0.03091669 0.1507474 0.005824327 0.03001141 0.149615 0.01700699 -0.02261137 0.1513359 -0.001858353 -0.001071214 0.1518616 -0.004734575 -0.02304261 0.1570097 0.01107907 0.03726142 0.1660849 -0.009108066 0.03903466 0.1583579 0.00181514 0.03886973 0.160958 0.02773648 0.03969156 2.0346e-6 -0.02156299 0.009721815 -4.07723e-7 -0.02140432 -0.009799301 -6.46925e-7 -0.01069277 -0.02112257 -1.7457e-6 -0.01000738 0.02148848 0.001148641 -0.006932377 9.3238e-4 0 -0.005207359 -0.001132488 0 -0.005793571 0.001185595 0 -0.001143395 0.004541873 0 -9.98912e-4 -0.003781557 0.001312494 -9.3238e-4 -0.006932377 0 0.001752912 -0.004167854 0.001160681 9.3238e-4 0.006932377 0 0.00574243 -0.02259874 -3.60575e-7 0.009723603 0.02173262 0 7.493e-4 0.003748416 0 0.005207359 0.001132488 0.001249969 0.005999982 -0.00121355 0.001712918 0.007032036 8.89408e-4 9.8008e-7 0.01731187 -0.01539838 -1.61855e-6 0.02406257 0.006005346 0.002714216 -0.01478558 -0.004279017 0.003809213 -0.01361334 0.007530748 0.006485581 -0.01224058 -0.008704185 0.005179524 -0.01113903 0.01052576 0.002496898 -0.004758417 -0.0153048 0.002499461 -8.76846e-4 0.01578313 0.002499997 -0.007033884 -8.67246e-4 0.002499997 -0.004256904 1.13673e-4 0.002499997 -0.001811742 0.002851903 0.002499997 0.001469314 -0.003157973 0.002499997 -0.001132488 0.006792604 0.002499997 -2.06417e-4 -0.004814326 0.002499997 0.001132488 -0.006792604 0.002499997 2.06417e-4 0.004814326 0.002495288 0.003825187 -0.01567769 0.002499997 0.004230201 1.88748e-4 0.002502918 0.0109471 0.01083546 0.002497434 0.01588582 -0.003829896 0.003631889 -0.02230221 0.006489634 0.004535913 -0.02179431 -0.007723271 0.005645871 -0.01577734 -0.01677203 0.006325781 -0.01724272 0.01523911 0.006519138 0.01192194 -0.009540736 0.005880415 0.01000881 0.01154708 0.005556404 0.01599073 -0.01658028 0.005709528 0.01637238 0.0161764 0.007335901 -0.009320676 -0.01209986 0.006228208 -0.01538813 0.01710337 0.006854474 0.009445071 -0.01199448 0.008031666 -0.009425699 0.01199686 0.007433354 0.01195383 0.009475469 0.007453441 0.01502239 0.01741671 0.008520007 -0.01736479 -0.01509612 0.009210228 0.01709407 0.01543825 0.01068526 -0.02215385 0.007358968 0.008784174 -0.01171475 0.009797513 0.008828103 0.01718026 -0.01530939 0.01446384 -0.01347684 -0.007380247 0.007600426 2.21479e-5 -0.01482272 0.007601499 1.76895e-5 0.01481723 0.008771717 -0.01538681 -0.01710259 0.009458005 -0.01602244 0.01654434 0.008981168 -0.01145011 -0.01009339 0.009222745 0.01029354 0.01128178 0.008702158 0.0153855 -0.0171014 0.009217679 0.01088505 -0.01069927 0.01102423 -0.02222567 -0.006043553 0.01450073 -0.02125483 -0.01020044 0.01450192 -0.02141326 0.009685099 0.0144999 -0.01814657 -0.005468428 0.01512295 -0.01413363 0.007682502 0.01450127 -0.007512271 0.02333712 0.01450186 -0.008853197 -0.02222859 0.01450008 -0.007151722 -0.01407623 0.01449996 -0.007422208 0.01388978 0.01449692 0.01027292 -0.01233875 0.01450091 0.006240487 0.01451277 0.01450026 0.01092475 -0.02084368 0.01449984 0.01259058 0.01953309 0.01450151 0.01479405 0.005751609 0.01450061 0.01977443 -0.01231217 0.01450109 0.02318656 0.007422447 0.07057785 -0.007260441 -0.02070593 0.06940501 -0.001953005 0.01285898 0.07018673 0.004942834 -0.02086818 0.07157719 0.008241057 0.01280146 0.07551085 -0.01207906 0.01291191 0.07597917 0.01181811 -0.02093642 0.07351219 -6.99379e-4 -0.02099996 0.07504123 -8.11335e-4 -0.01524895 0.07368975 -0.00243622 0.01299995 0.0733897 5.08532e-4 0.01799994 0.07861191 -6.49473e-4 -0.02099996 0.07597661 2.41422e-4 -0.02099996 0.08069932 0.008764326 0.01299995 0.0810483 0.01359653 0.01284837 0.08251476 -0.009048223 0.01799994 0.07974034 -0.01346796 -0.02093285 0.08348518 0.009048223 0.01799994 0.08040189 0.001764774 0.01799994 0.08139002 0.002696812 0.03599995 0.08530062 -0.008764326 0.01299995 0.08061122 0.009176671 -0.02099996 0.08203667 0.009450972 -0.01524895 0.08460992 -0.002696812 0.03599995 0.08110541 0.001591265 -0.037 0.08136063 0.001612901 -0.02099996 0.08270674 0.01078677 -0.02099996 0.08281141 0.008275091 -0.02099996 0.0835182 -0.002684891 0.01799994 0.08484989 -0.001642107 -0.03699994 0.08329319 -0.01078677 -0.02099996 0.08396327 -0.009450972 -0.01524895 0.08318853 -0.008275091 -0.02099996 0.08561897 0.0138176 -0.02072942 0.0866363 3.20291e-4 -0.02099996 0.08538872 -0.009176671 -0.02099996 0.08568489 5.18217e-4 0.01799994 0.09089416 0.01163077 0.01270562 0.08848351 -0.01295852 0.01275265 0.09274208 -0.01050394 -0.02060633 0.09231019 0.00243622 0.01299995 0.09261023 -5.08535e-4 0.01799994 0.09002333 -2.41419e-4 -0.02099996 0.09095877 8.11335e-4 -0.01524895 0.09499466 0.006836235 -0.02088063 0.09248775 6.99381e-4 -0.02099996 0.09633547 -0.003587424 -0.02093797 0.09722715 -0.001060843 0.01285344 0.02035057 0.004639208 0.01685988 0.02209365 9.31827e-4 0.01681059 0.02617377 -0.001382946 0.01786887 0.02144646 0.006355345 0.01761406 0.03887844 0.008541584 0.02257537 0.05583399 -0.004932999 0.01887655 0.0610342 0.007968366 0.02511608 0.07822149 -0.004275977 0.0185455 0.07715594 -0.002976715 0.01848661 0.0763486 -6.27509e-5 0.0217539 0.07671928 0.001653432 0.02094936 0.07701814 0.003516376 0.01801341 0.07656943 -0.002005815 0.02424728 0.07839107 0.004557251 0.02399814 0.07974553 4.19316e-4 0.02424997 0.08043467 -0.002125322 0.01855504 0.08093684 0.002460837 0.01835662 0.08139032 -0.006271481 0.02398228 0.08530879 -0.00297892 0.02424997 0.08203595 -0.00312519 0.01804935 0.08341932 0.003254413 0.02424997 0.08210766 0.0064947 0.01889234 0.08431047 -0.006441593 0.02157121 0.08328253 0.006499528 0.01836597 0.08519911 0.006208598 0.02423733 0.08492118 -0.01701515 0.0248841 0.08537256 -0.006004154 0.0180189 0.084477 0.002747178 0.01831346 0.08601278 -0.005855143 0.02196657 0.08617568 -0.001139044 0.01832592 0.08727639 -0.00500828 0.02423799 0.08703619 0.005029559 0.01801776 0.08758491 0.004657208 0.02104192 0.09285932 0.02668273 0.01880156 0.08743399 0.00476104 0.02256691 0.08845204 -0.00353074 0.01830762 0.08924716 0.001693844 0.02399832 0.08911788 -0.001827895 0.01831531 0.09518897 -0.03890764 0.02348524 0.09605824 -0.01306313 0.01870346 0.09704786 0.01045644 0.02484059 0.1129015 0.05199688 0.01728826 0.1113249 -0.04397034 0.01842093 0.1090725 -0.04476058 0.01790064 0.1093581 0.02803713 0.02386188 0.1060086 0.03703308 0.01900786 0.1082988 -0.05650252 0.01759958 0.1098779 0.04959726 0.01801508 0.1128997 -0.05249458 0.01705682 0.1106159 -0.0564031 0.01675152 0.1181085 0.05207067 0.01678246 0.1192963 0.05004513 0.01767671 0.06794685 6.08117e-4 -0.02147823 0.07135093 -0.009310007 -0.02163636 0.07350033 0.01175516 -0.0217027 0.07630372 -0.01331174 -0.02099996 0.07336533 0.002484679 -0.02199995 0.07305568 0.001823782 -0.02099996 0.07571732 -2.31404e-4 -0.02199995 0.07761967 0.002973914 -0.02199995 0.07756388 9.90527e-4 -0.02099996 0.07675951 0.002827346 -0.02099996 0.08256018 -0.0148946 -0.02199995 0.07989239 -0.007176876 -0.02199995 0.08081907 -0.004984617 -0.021375 0.07936704 -0.01058727 -0.02160412 0.08248555 -0.006725311 -0.02099996 0.08423316 0.006335318 -0.02099996 0.08264619 -0.01016104 -0.02153658 0.08223563 0.01479262 -0.02154999 0.09205693 -0.01267158 -0.02099996 0.08370393 0.007919013 -0.02199995 0.08452999 0.01123791 -0.02199995 0.0838018 0.01064735 -0.02099996 0.08767312 0.002793967 -0.02154999 0.08680725 0.01018553 -0.02099996 0.08688026 0.008520126 -0.02199995 0.08865565 -0.001558899 -0.02199995 0.08960849 0.01329398 -0.02138233 0.08924043 -0.002827346 -0.02099996 0.09117811 3.58797e-4 -0.02099996 0.09388113 -0.01023918 -0.02199995 0.09139609 -0.003591954 -0.02149999 0.09246444 -4.62076e-4 -0.02199995 0.09797912 0.002731621 -0.02148211</float_array>
          <technique_common>
            <accessor source="#Shape_IndexedFaceSet_001-mesh-positions-array" count="533" stride="3">
              <param name="X" type="float"/>
              <param name="Y" type="float"/>
              <param name="Z" type="float"/>
            </accessor>
          </technique_common>
        </source>
        <source id="Shape_IndexedFaceSet_001-mesh-normals">
          <float_array id="Shape_IndexedFaceSet_001-mesh-normals-array" count="8742">0.02001309 -0.8641394 -0.5028544 -0.02796 -0.7227141 -0.6905813 0.04147768 -0.8612735 -0.5064462 0.03612637 -0.8707299 0.4904329 -0.02580809 -0.7349627 0.6776164 0.01293861 -0.8734297 0.4867786 -0.03651154 -0.7711932 0.6355534 -0.04005831 -0.7724618 0.6337966 -0.04856073 -0.7610309 0.6468957 -0.4466426 -0.6333466 0.6319671 -0.4880657 -0.5535917 0.6747801 -0.4493534 -0.4714423 0.7588304 6.80616e-4 -0.6049699 0.7962481 0.001831948 -0.6075883 0.7942501 -0.01280075 -0.6206831 0.7839571 0.06081068 -0.6083087 0.7913675 0.08515501 -0.6972206 0.711781 0.0365504 -0.7758967 0.6298005 0.009180009 -0.7907602 0.6120573 0.03415048 -0.7293638 0.6832731 0.02907758 -0.742235 0.6695087 -0.05577886 -0.7436459 -0.6662428 -0.04425853 -0.7607709 -0.6475098 -0.02885389 -0.7692692 -0.638273 0.02312111 -0.7610656 -0.6482628 0.01539993 -0.7726417 -0.6346556 0.01846057 -0.7731552 -0.6339483 0.04733622 -0.7813639 -0.6222778 0.09398519 -0.7140185 -0.69379 0.07036685 -0.6159952 -0.7846009 -0.00677663 -0.636552 -0.7712041 0.007658243 -0.6229739 -0.7822052 0.006841182 -0.620316 -0.7843222 -0.430748 -0.4725382 -0.7688718 -0.4737949 -0.542822 -0.6934427 -0.4353626 -0.6335945 -0.6395447 0.008704364 0.4356426 -0.9000777 0.03132039 0.6381114 -0.7693068 0.05054873 0.6436622 -0.7636386 0.1414553 0.5188026 -0.84311 0.1219171 0.7031977 -0.7004635 0.1101997 0.7027022 -0.702898 -0.001964509 0.7023374 0.7118416 -0.002236604 0.6998434 0.7142928 -0.01348328 0.6941713 0.7196837 0.0201779 0.6485313 0.7609205 6.19413e-5 0.6889612 0.7247982 0.004440784 0.6686868 0.743531 0.02708029 0.6704651 0.7414467 0.02293676 0.6695775 0.742388 0.06530797 0.4608093 0.885093 -0.06579411 -0.5055958 0.8602581 -0.06213378 -0.4955428 0.8663584 -0.06001669 -0.4963238 0.8660605 0.194857 0.1954903 0.9611526 0.1930028 0.1836182 0.9638642 0.1914284 0.1841166 0.9640832 -0.04039204 0.07088947 0.9966661 -0.032054 -0.143625 0.989113 -0.05645811 0.1005398 0.99333 0.4259784 -0.6088584 0.669204 0.416534 -0.5875194 0.6937726 0.417289 -0.5870901 0.6936824 -0.08241426 0.2159619 0.9729175 -0.04471713 0.4540753 0.8898406 -0.03324329 0.4501168 0.8923508 0.05553472 0.7000039 -0.7119764 0.05887866 0.7066076 -0.7051517 0.04707217 0.7033486 -0.7092848 -0.2778353 0.9548177 -0.1055026 -0.2597387 0.9601944 -0.1027746 -0.2327263 0.9622119 0.1413744 -0.08324325 0.9941551 0.06874865 -1.88723e-5 0.9511888 0.3086097 -0.02450907 0.9499685 0.3113826 -0.06777769 0.4668872 -0.8817157 -0.05758213 0.2328597 -0.9708042 -0.06123101 0.2317321 -0.9708507 0.4154839 -0.6543526 -0.6318195 0.407764 -0.6336017 -0.657478 0.4070025 -0.6340094 -0.657557 -0.06409049 -0.1494361 -0.9866921 -0.01072412 0.0791127 -0.996808 -0.06759583 -0.1615779 -0.9845423 0.203848 0.1608179 -0.9657037 0.2000809 0.1494795 -0.9683097 0.2016441 0.148931 -0.9680699 -0.06083351 -0.4846523 -0.8725891 -0.06284087 -0.4838424 -0.8728961 -0.06682538 -0.4938876 -0.8669541 -0.9999762 0.005280077 0.004469215 -0.9819671 -0.1617164 -0.09792119 -0.8955017 0.2770516 -0.3483089 -0.9562216 0.180073 0.2306816 0.06124788 0.9980241 0.01401865 -0.9707826 -0.1399853 0.1948981 -0.9999728 0.005527436 -0.004897952 -0.9658097 -0.2173027 -0.1413901 -0.9383088 0.2598934 -0.2281052 -0.9922669 -0.1093798 0.05867224 -0.8999241 0.3289828 0.2861939 0.02404147 0.4718843 0.8813327 0.02165502 0.3428012 0.9391584 -0.02128326 0.5260891 0.8501632 0.5550603 -0.6755772 -0.4852872 0.5838544 -0.6270222 -0.5157103 0.5568624 -0.5015242 -0.6621012 0.01733696 -0.53348 -0.845635 0.09368371 -0.5974295 -0.7964305 0.07637649 -0.5637903 -0.8223789 0.005775809 -0.6023997 -0.7981738 -0.04746252 -0.6410993 -0.7659889 -0.05201035 -0.674578 -0.7363691 -0.2842288 -0.7537787 -0.5924792 -0.2629122 -0.8057648 -0.5306792 -0.2636008 -0.6433508 -0.718759 -0.03157627 -0.8623433 -0.5053387 0.03956156 -0.8280126 -0.5593122 0.04962599 -0.8225128 -0.5665776 -0.0409426 -0.8559684 0.5154046 0.02616143 -0.8254814 0.5638227 0.02212476 -0.8278211 0.5605558 -0.3893331 -0.6512877 0.6513403 -0.3868158 -0.6270388 0.6761626 -0.3728015 -0.6495938 0.6626062 -0.4393688 -0.6814412 0.5853145 -0.4574556 -0.6361639 0.621313 -0.4471292 -0.4922742 0.7468211 0.04188501 -0.5438299 0.8381497 0.08260208 -0.5562739 0.8268836 0.09422862 -0.5809936 0.8084352 0.5646017 -0.4866366 0.6666406 0.5910916 -0.6007421 0.5382562 0.5634269 -0.662997 0.4929354 -0.01916176 0.4322569 0.9015468 0.09576034 0.5217497 0.847707 0.08283168 0.521096 0.8494692 0.003534376 0.6244167 0.7810836 0.1255415 0.6782171 0.7240588 0.06935536 0.6332361 0.770845 0.02096575 0.4222462 -0.9062387 0.1240282 0.5359975 -0.8350591 0.150912 0.5592864 -0.8151223 -0.3534089 0.5988711 -0.7186486 -0.3110729 0.6270443 -0.7141773 -0.2908278 0.6883735 -0.6645007 -0.0260663 0.3641494 0.9309758 0.003625631 0.4965217 0.8680167 0.04286539 0.3649744 0.9300303 -0.1037965 -0.3889058 0.9154117 -0.08939838 -0.3907076 0.9161635 -0.09777039 -0.4013358 0.9106978 -0.03147619 -0.8703625 0.4914047 -0.01469933 -0.82912 0.5588774 0.01572722 -0.8687778 0.4949523 -0.01151883 -0.8727464 -0.4880383 0.03673177 -0.8696963 -0.4922186 0.003192424 -0.8315178 -0.5554888 0.006990373 -0.5125315 -0.8586401 0.01552402 -0.5228016 -0.8523132 0.01743322 -0.5102139 -0.8598709 -0.1803362 0.329601 -0.9267374 -0.1951013 0.08622735 -0.9769853 -0.1957516 0.3298699 -0.9235082 -0.2142888 0.1795238 -0.960131 -0.1821367 0.1714901 -0.9682031 -0.1586837 0.3194635 -0.9342177 -0.9996496 -0.01215398 -0.02351796 -0.9999929 -0.001925826 -0.003254592 -0.9909877 0.04512685 0.1261228 -0.9397417 0.3418498 -0.004917085 -0.8212175 -0.5646806 -0.08208328 -0.7963359 0.5648376 -0.2163511 -0.9999993 -0.001002013 6.36521e-4 -0.9966851 -0.03254675 -0.07456231 -0.9877758 0.09754413 -0.1215905 -0.9878687 0.08022838 -0.1329622 -0.9995722 -0.001708209 -0.02919667 -0.9994899 0.01546931 -0.0279414 -0.9928299 0.05190891 -0.1076766 -0.8227293 -0.5658813 0.05380487 -0.79671 0.5539832 0.2415696 -0.9992741 0.01418721 0.0353583 -0.9993085 -8.27909e-4 0.03717577 -0.9970099 0.02847176 0.07183784 -0.9967626 0.04570394 0.06614792 -0.9986513 0.005598485 0.05161678 -1 4.33489e-4 -1.15359e-4 -0.9585426 -0.2823451 0.03843659 -0.959657 -0.2792707 0.03265738 -0.9674017 -0.2523095 0.0217694 -0.9262092 -0.3486893 -0.143361 -0.8594293 -0.508429 -0.05367845 -0.9085456 -0.4096829 -0.08188313 -0.9038301 -0.4216474 0.07283443 -0.9449801 -0.3116431 0.09945499 -0.9034743 -0.4222043 0.0740115 -0.6547406 -0.7023229 -0.2793874 -0.6532285 -0.7060313 -0.2735185 -0.6155532 -0.7271572 -0.3038697 -0.7699394 -0.6380603 0.00851655 -0.7989655 -0.6005732 0.03108048 -0.7691132 -0.6389444 0.01466137 -0.499265 -0.8660082 -0.02764755 -0.4981725 -0.8667879 -0.0224294 -0.418222 -0.9072918 -0.0437293 -0.3574587 -0.9304621 -0.08039653 -0.435698 -0.8966866 -0.07823288 -0.354158 -0.9321227 -0.07562607 -0.1103536 -0.9900206 0.08764272 -0.105428 -0.9898698 0.09509235 -0.02493935 -0.9961718 0.08378374 0.09990811 -0.9911882 -0.08697336 0.05142599 -0.9957317 -0.07663983 0.09924674 -0.9916236 -0.08266085 0.4768781 -0.874957 0.08389049 0.4446941 -0.8933832 0.06413692 0.4874069 -0.8686956 0.08833241 0.4616199 -0.8829573 0.08540248 0.4705782 -0.8774242 0.09318244 0.532897 -0.8401104 0.1011705 0.721432 -0.6910187 -0.04504555 0.6680111 -0.7430022 -0.04133808 0.7323246 -0.6798365 -0.03902572 0.7750558 -0.6318594 0.006500661 0.7861202 -0.6179654 0.01157677 0.8288479 -0.5592721 0.01503521 0.8721533 -0.4891032 -0.01126182 0.8345534 -0.5508108 -0.01132047 0.8817653 -0.4716261 -0.007673799 0.9513721 -0.3005456 0.06755429 0.956726 -0.2811597 0.07499849 0.974555 -0.2165275 0.05795145 0.9906764 -0.04544985 -0.1284316 0.9870036 -0.1095545 -0.117565 0.9928725 -0.02598148 -0.1163154 0.9814023 0.1715 0.08623957 0.9763632 0.1930034 0.09728646 0.9622409 0.2552194 0.09463387 0.8984236 0.4384269 -0.0248425 0.9254153 0.3785323 -0.01788794 0.8875924 0.460305 -0.01729667 0.8481616 0.5288324 0.03095644 0.8335732 0.551139 0.03743857 0.7967767 0.6032443 0.03526175 0.7189793 0.6942695 -0.03253817 0.6980057 0.7150501 -0.03861933 0.6559032 0.7518196 -0.0675162 0.6887266 0.7247012 -0.02153605 0.7281175 0.6854511 0.001351833 0.6656349 0.7460777 -0.01727163 0.4579966 0.8883334 0.03321075 0.4581034 0.8881466 0.03656214 0.4152015 0.9093168 0.02740198 0.2915326 0.9533231 -0.07863819 0.3363683 0.9389908 -0.07178246 0.2920235 0.9534256 -0.07551074 0.02679502 0.9995909 0.009998321 0.04637908 0.9988939 0.007742106 -0.006669044 0.9995228 0.03016096 0.005232274 0.9981808 0.06006538 -0.0280267 0.9963331 0.08083832 -0.07848328 0.9934191 0.08342027 -0.4158966 0.9093832 0.007232964 -0.3883903 0.9214336 0.01063245 -0.4490557 0.893157 0.02489626 -0.37086 0.9279317 -0.03749203 -0.4053534 0.9139865 -0.0178163 -0.4492931 0.8933215 -0.01061403 -0.7423781 0.6699649 0.004673302 -0.7415764 0.67083 0.007189214 -0.7126658 0.7014098 -0.01148307 -0.9607353 0.2735117 -0.04667937 -0.9639167 0.2629769 -0.04132556 -0.9313236 0.3587681 -0.0626254 -0.8007087 0.5828813 0.1382571 -0.8200737 0.5580615 0.126675 -0.7778154 0.6169146 0.1200827 -0.8289527 -0.5348195 0.1637247 -0.8880395 -0.4283289 0.1670931 -0.8862423 -0.4344906 0.160601 -0.9733175 -0.2271864 -0.03224438 -0.9728759 -0.2276351 -0.04116803 -0.9511758 -0.3085918 0.005982339 -0.9402337 0.339723 0.02343153 -0.9635336 0.2675196 -0.006031751 -0.9616786 0.2741736 0.00177896 -0.8575604 0.4948037 0.1405693 -0.9109048 0.3901362 0.1343373 -0.9131115 0.3834855 0.1384422 -0.906715 -0.412397 -0.08829945 -0.9516359 -0.2926268 -0.09358769 -0.9076171 -0.4113885 -0.0836116 -0.8260096 -0.5636199 0.006394922 -0.8261014 -0.5634539 0.008729517 -0.796294 -0.6048734 0.00663948 -0.7330086 -0.6752622 -0.08197253 -0.7332933 -0.6749889 -0.08167707 -0.6694973 -0.7367235 -0.09493088 -0.4740723 -0.8787947 0.05454748 -0.4777922 -0.8764992 0.05885487 -0.4074853 -0.9117912 0.05091911 -0.3731021 -0.9274916 0.02354186 -0.4576756 -0.887623 0.05156236 -0.3764575 -0.9258784 0.03208196 0.02390652 -0.999233 0.03101694 -0.06166875 -0.9980099 -0.01316475 0.02209556 -0.9995334 0.02109056 -0.1269379 -0.9813271 -0.1445127 -0.1281263 -0.9794919 -0.155497 -0.08321869 -0.989526 -0.1179532 0.2830678 -0.9546716 0.09205961 0.3543742 -0.9317933 0.07861506 0.3632595 -0.9288773 0.07231628 0.6986473 -0.7151618 0.02087187 0.7489849 -0.6625036 0.01052337 0.7591715 -0.6508784 0.004020512 0.4994071 -0.8618243 -0.08860796 0.4231106 -0.903018 -0.07440459 0.4988571 -0.8627713 -0.08226346 0.8288815 -0.5563787 -0.05829483 0.7805547 -0.6220691 -0.06135493 0.818866 -0.5708479 -0.05992656 0.9369543 -0.3415086 0.07408565 0.9584525 -0.2776774 0.06530123 0.963706 -0.2613525 0.05445992 0.9799339 -0.1781052 -0.08948844 0.9777225 -0.1951805 -0.07722222 0.9893457 -0.1134466 -0.0912413 0.9870294 0.139867 -0.07880514 0.9792827 0.1977146 -0.04375427 0.9738855 0.2232207 -0.04146963 0.927608 0.3082134 0.2110639 0.9362078 0.2848728 0.2058214 0.8999558 0.3588926 0.2475396 0.7992869 0.5897654 0.1154008 0.8156138 0.567699 0.1117684 0.7606861 0.632342 0.1466299 0.8444417 0.5350746 0.02477341 0.8116382 0.5820803 0.04925495 0.7948482 0.6052553 0.0433861 0.4829749 0.8731322 -0.06614917 0.456465 0.8861073 -0.08033478 0.5313686 0.8459706 -0.04451179 0.4664264 0.8798878 -0.09079533 0.4920009 0.8674116 -0.07437968 0.4162904 0.9047005 -0.09066206 0.1819067 0.982753 0.03326529 0.2156113 0.9761704 0.02455657 0.1330901 0.9904719 0.03539031 -0.2350242 0.9698334 0.06470668 -0.2731934 0.9603655 0.05535072 -0.189458 0.9808505 0.04514634 -0.09089857 0.9902164 -0.1058731 -0.04346579 0.9913826 -0.1235768 -0.007859528 0.9940466 -0.1086722 -0.4627568 0.8851475 -0.04868572 -0.4263726 0.9036586 -0.04009717 -0.5063099 0.8612263 -0.04404008 -0.6082338 0.7936838 0.01085335 -0.6079162 0.7938979 0.01280891 -0.6729185 0.7396247 0.01166081 -0.6587051 0.7524012 -2.365e-5 -0.6546446 0.7559311 0.002926588 -0.6916192 0.7222596 -0.001992702 -0.7516889 0.657212 0.05510222 -0.7801691 0.622286 0.06400364 -0.8084298 0.5858043 0.05722522 -0.9131734 0.4051874 -0.04401683 -0.9059722 0.4218792 -0.03510528 -0.9496273 0.3116841 -0.03257119 0.004228234 -0.07985067 0.9967979 -0.0516265 -0.09850537 0.9937965 0.09050685 -0.3120498 0.9457449 -0.09910666 -0.08170652 0.9917167 -0.1433072 -0.04517233 0.9886469 -0.2565709 -0.2722719 0.9273831 -0.8243175 0.02324622 0.5656504 -0.9083186 0.1672588 0.3833822 -0.8540638 -0.06908011 0.5155609 -0.5122207 0.8278073 -0.228834 -0.6230164 0.6633191 -0.4145582 -0.5323371 0.8179146 -0.2182501 -0.558823 -0.2690588 -0.7844262 -0.4710193 -0.355433 -0.8073465 -0.6214176 -0.4710986 -0.6260242 0.6601797 0.09742468 -0.7447625 0.620194 0.1902441 -0.7610299 0.7837997 0.2496597 -0.5686197 0.252739 0.8700605 0.4232231 0.2380737 0.8715508 0.428626 0.3552862 0.7110087 0.6068264 -0.03720742 0.9452401 -0.3242481 -0.1664426 0.8310872 -0.5306515 -0.06808906 0.9463652 -0.3158434 -0.4074946 0.9030748 -0.1356624 -0.2823705 0.9541333 0.09948229 -0.3780527 0.9147819 -0.1423035 -0.4582208 0.8573838 0.2343648 -0.4671882 0.8511044 0.2394927 -0.2817229 0.8566001 0.4322829 -0.6240624 0.4463615 0.6413326 -0.5133578 0.5302117 0.6747885 -0.619134 0.6379392 0.4579375 -0.7895191 0.4511944 -0.4160331 -0.8702588 0.463598 -0.1665132 -0.7307049 0.5745536 -0.3687257 -0.9455518 0.3254661 0.001869022 -0.9546148 0.2977025 0.009169101 -0.8745539 0.4250103 0.2334986 -0.8627704 0.390384 0.3212907 -0.8962244 0.3365002 0.2890491 -0.8824527 0.1649376 0.4405372 -0.6515796 0.007349908 -0.7585447 -0.6060394 -0.1126511 -0.7874174 -0.7841519 -0.1568797 -0.6004121 -0.9650775 -0.221896 0.1392398 -0.9535251 -0.2719305 -0.1297832 -0.9332399 -0.3367949 0.1250303 -0.9020961 -0.4281985 0.05356103 -0.9637439 -0.2511849 -0.09002214 -0.8752019 -0.4837064 0.007053911 -0.6195071 -0.7267634 0.2966917 -0.713523 -0.6179441 0.3301972 -0.7394666 -0.6696869 0.06861943 -0.63819 -0.7046005 -0.3102449 -0.5180977 -0.7828347 -0.3445935 -0.5624113 -0.8224921 -0.08485513 -0.2815855 -0.7681025 0.5750899 -0.2662312 -0.770092 0.5797237 -0.3545268 -0.5740284 0.7381072 -0.3234967 -0.9427293 0.0813114 -0.1627525 -0.9773891 -0.1349902 -0.2918444 -0.9519637 0.09269338 -0.07780563 -0.8660353 0.4938919 -0.1287597 -0.9581136 0.2558113 0.04914927 -0.8931511 0.4470633 0.04782426 -0.7796195 -0.6244248 0.03424668 -0.7773126 -0.6281818 0.1706905 -0.604021 -0.7784751 0.2365106 -0.9713659 0.02260959 0.2731325 -0.9301922 -0.2452369 0.3501373 -0.9366602 0.008461713 0.5025032 -0.7597992 0.4125481 0.3844844 -0.8131296 0.4370263 0.4485521 -0.8752666 0.1808577 0.4071941 -0.8562685 -0.3178009 0.3834658 -0.922037 -0.05293393 0.2995847 -0.9045019 -0.3035215 0.5553277 -0.8180406 0.1497355 0.7234787 -0.689801 -0.02744364 0.5697119 -0.8048801 0.1661217 0.6542358 -0.5225189 0.5467627 0.548373 -0.6035585 0.5787956 0.6362951 -0.6908649 0.3432701 0.8319817 -0.4432448 -0.3336774 0.8647384 -0.4964336 -0.07603526 0.7622397 -0.5697036 -0.3072922 0.466724 -0.2004009 -0.861399 0.6653326 -0.2513628 -0.7029576 0.4451225 -0.3223593 -0.8354343 0.934597 -0.2696727 -0.2319594 0.8406761 -0.2638839 -0.4728945 0.9529721 -0.138187 -0.2697195 0.6996908 -0.0964483 -0.7079058 0.5372753 0.06648337 -0.8407825 0.7017854 -0.09217101 -0.7064006 0.2309877 0.04998838 0.9716717 0.2424395 0.01414406 0.9700635 -0.001246809 -0.06684863 0.9977625 0.9443774 0.2007822 -0.2604572 0.9710921 0.06936699 -0.2284044 0.880652 0.05462354 -0.4706045 0.7472441 0.4323032 0.5047181 0.7861931 0.3154296 0.5314176 0.8857212 0.3608137 0.2920813 0.8496545 0.5235305 -0.06327062 0.7131937 0.6496549 -0.2632551 0.8376985 0.543687 -0.05163109 0.6385877 0.7133821 0.2886033 0.6197989 0.7267427 0.2961326 0.6740152 0.5508413 0.4922168 0.5381189 0.6658039 -0.5168496 0.3452889 0.6337652 -0.692183 0.5371766 0.6668909 -0.5164282 0.2453795 0.9587053 0.1437814 0.279483 0.9511424 0.1312153 0.1175885 0.9894213 -0.08496189 -0.01363879 0.9675095 0.2524667 -0.04096585 0.9646087 0.2604843 0.1002766 0.876396 0.4710357 -0.7216269 -0.664133 0.1954023 -0.6671001 -0.7309455 0.1438618 -0.530596 -0.7896706 0.3080397 0.2632666 -0.9374782 -0.2276518 0.3323734 -0.9168488 -0.2211703 0.2411654 -0.9703977 0.01294887 0.9083839 -0.145839 0.3918799 0.9179361 -0.127079 0.375825 0.9142981 0.04890513 0.4020788 0.6806057 0.5868415 -0.4386264 0.576081 0.6665602 -0.473105 0.6374297 0.7312127 -0.2429224 0.3708947 0.8012112 0.469572 0.3463596 0.8089479 0.475014 0.4208741 0.6400421 0.6428151 0.42282 0.7523124 0.5052222 0.4366753 0.8554353 0.2784696 0.3452308 0.797501 0.4947807 -0.42348 0.8976683 0.1218866 -0.5234856 0.8452394 -0.1073945 -0.4732605 0.8714045 0.1291461 -0.8486182 -0.4550153 0.2698301 -0.8634487 -0.4315342 0.2612178 -0.8147056 -0.5764596 0.06284236 -0.5794336 -0.6214675 0.5272901 -0.5575023 -0.6355898 0.534057 -0.5613254 -0.4476162 0.6960988 -0.2729137 -0.8257158 0.4936715 -0.3888353 -0.7541081 0.5292715 -0.4267619 -0.8513937 0.3049641 -0.4174154 -0.9025999 0.1052505 -0.4489175 -0.8233831 0.3471503 -0.5029814 -0.8570514 0.1116809 -0.2536489 -0.9537826 -0.1611241 -0.2771853 -0.9450228 -0.1734948 -0.0947197 -0.9327184 -0.3479436 -0.04295247 -0.2075834 -0.977274 0.05972892 0.006282031 -0.9981949 -0.07483184 -0.1929553 -0.9783499 0.01969814 -0.8992354 0.4370217 0.04627627 -0.8938284 0.446015 -0.1166223 -0.787612 0.6050345 0.08260744 -0.9560607 -0.28129 0.1994399 -0.9763025 -0.08400738 -0.01275181 -0.9733582 -0.2289355 0.03477644 -0.1941436 -0.9803565 0.09006989 -0.1407594 -0.9859383 0.2355536 -0.3151171 -0.9193561 0.3250048 -0.5261321 0.7858479 0.3334355 -0.5168949 0.7884418 0.1243858 -0.4367079 0.8909627 0.5654149 -0.8149318 -0.1272487 0.6455898 -0.6894698 -0.3283982 0.5902861 -0.7984359 -0.1185849 0.7949657 -0.5791525 0.1805879 0.8124193 -0.5520778 0.1875771 0.6798846 -0.6211017 0.3898584 0.7020095 -0.5775707 0.4166473 0.784352 -0.594086 0.1784765 0.7824717 -0.4821361 0.3940595 0.8868272 -0.4478307 -0.1139522 0.9359098 -0.32529 -0.1351273 0.9245547 -0.3642006 0.1120559 0.2606537 -0.1367642 -0.9556963 0.2606548 -0.05674964 -0.9637627 0.4784604 -0.06674987 -0.8755685 0.2976009 -0.05258738 0.953241 0.501429 -0.1242963 0.8562239 0.3396485 0.03822761 0.9397754 0.6295103 0.04904216 -0.7754428 0.591023 0.1380825 -0.7947486 0.7517867 0.199224 -0.6285909 0.8946145 0.4058359 0.186982 0.9353287 0.2848383 0.2098267 0.9436414 0.3287549 -0.03822797 0.7197473 0.6747471 0.1633414 0.8023818 0.5618908 0.2011524 0.8107099 0.5837544 -0.04449963 0.7583329 0.5675885 -0.320585 0.8172432 0.5714007 -0.07493227 0.830303 0.4712762 -0.2974825 0.1973748 0.9795851 0.03816276 0.07317227 0.9969847 0.02583581 0.1275169 0.9545558 0.2693746 0.0698021 0.3860964 -0.9198138 -0.004022657 0.3647277 -0.9311056 -0.06270724 0.5648279 -0.8228228 -0.08333659 0.3584793 0.9298105 -0.05274426 0.3722032 0.9266514 0.04777294 0.1637185 0.9853497 -0.1835124 0.9827535 0.02277934 -0.2061809 0.9527404 -0.2231037 -0.3180859 0.948042 -0.00615257 -0.2697281 0.8217653 -0.5019449 -0.3826498 0.757282 -0.5292478 -0.4046692 0.862785 -0.3030594 -0.6703446 0.7399042 0.05639213 -0.7148244 0.6958331 0.06958794 -0.5897171 0.755622 0.2850775 -0.4072837 0.2779012 -0.8699949 -0.5742477 0.3770648 -0.7266787 -0.362006 0.3859612 -0.8485197 -0.9228274 0.3408048 -0.1795604 -0.9320011 0.3303756 -0.1490839 -0.8391798 0.5421298 -0.04327619 -0.1194232 0.8463737 -0.5190277 -0.2866156 0.6889933 -0.6656874 -0.136193 0.8492969 -0.5100456 -0.8122478 -0.1538193 -0.5626661 -0.6346803 -0.2669594 -0.7251991 -0.8122481 -0.1658607 -0.5592345 -0.9085252 -0.114246 0.4019079 -0.9035219 -0.1329148 0.4074088 -0.7994254 0.02047961 0.6004163 -0.775729 -0.5559325 0.2986363 -0.7500821 -0.5864781 0.3056473 -0.7412219 -0.4222256 0.5218387 -0.686416 -0.450106 0.5711722 -0.7255121 -0.5941926 0.3472281 -0.6626201 -0.4805288 0.5744794 -0.1982544 -0.5260679 -0.8270115 -0.2341335 -0.2880198 -0.9285613 -0.2347285 -0.522718 -0.8195539 -0.3034147 -0.933673 0.1902479 -0.2665739 -0.9607728 -0.07651174 -0.173025 -0.9700798 0.1703162 0.4033612 -0.6045399 0.6868999 0.4166212 -0.5915846 0.6902569 0.2172923 -0.4994573 0.8386456 0.3851849 -0.7752428 0.500631 0.4299243 -0.7710216 0.4697777 0.5754244 -0.6273074 0.5247594 0.679249 -0.7276037 -0.09598839 0.7718744 -0.5649847 -0.2915513 0.6940802 -0.7146427 -0.08682578 0.8543446 -0.4852989 0.1859579 0.9399815 -0.3401051 -0.02763223 0.8686056 -0.4540361 0.1984333 0.6615213 0.02390444 -0.7495453 0.6164698 0.1386292 -0.7750788 0.7897606 0.1863867 -0.5844128 0.956455 0.2438222 -0.1604514 0.8887087 0.2082533 -0.4084452 0.9064684 0.3702475 -0.2030563 0.4452639 0.2628977 -0.855935 0.2023458 0.244486 -0.9483052 0.4485319 0.2261585 -0.86468 -0.2004945 0.9312898 0.3041405 -0.3061862 0.9179546 0.2522088 -0.3881787 0.8030443 0.4521475 -0.6138204 0.7096047 -0.3459563 -0.6782001 0.7290925 -0.09202575 -0.5900365 0.802234 -0.09098106 -0.6722838 0.613641 -0.4141007 -0.7362393 0.5284194 -0.4227584 -0.7618446 0.6260684 -0.1662257 -0.5228331 0.7643253 0.377429 -0.5690165 0.7259109 0.3863596 -0.4077429 0.6874963 0.6009114 -0.7011383 0.4778133 0.5292445 -0.7945443 0.5347027 0.2877369 -0.787783 0.3688871 0.4932752 -0.8609179 0.06293874 0.5048357 -0.8350751 0.16933 0.5234281 -0.9439714 0.174203 0.2803058 -0.7737962 0.2151696 -0.5957697 -0.8977376 0.2446852 -0.3663283 -0.7522383 0.3371335 -0.5661082 -0.9838794 0.1162545 0.1358911 -0.9937213 9.33576e-4 0.1118803 -0.9307622 -0.008511602 0.3655263 -0.4802933 -0.01119714 0.8770365 -0.3536949 -0.2170707 0.9098244 -0.4931719 -0.05722492 0.8680478 -0.8668841 -0.3638212 0.3408021 -0.8630155 -0.4938572 0.1063459 -0.8597595 -0.3769385 0.3445737 -0.3803045 -0.6769734 0.6301394 -0.4321386 -0.6033113 0.6702775 -0.6090616 -0.6172778 0.4980083 -0.1890968 -0.9541393 -0.2320789 -0.05987167 -0.9653387 -0.2540407 -0.09604549 -0.995292 0.01300472 0.1363795 -0.7505388 0.6466004 -0.02118223 -0.6028791 0.7975513 0.1338905 -0.7515631 0.6459306 0.1400361 -0.8771948 0.4592594 0.1304426 -0.8803204 0.4560931 0.2888664 -0.9243003 0.2494501 0.03246009 -0.3069258 -0.9511798 0.0682938 -0.3070002 -0.949256 0.0767188 -0.05334669 -0.9956247 0.760113 -0.424525 0.4919419 0.764227 -0.4116227 0.4965117 0.5705738 -0.4784756 0.667463 0.2446175 -0.152318 -0.9575811 0.2664029 -0.1239488 -0.955859 0.06791639 0.03595507 -0.9970429 0.8975972 -0.1198759 0.4242043 0.9793817 -0.1022507 0.1742308 0.9203424 0.0368629 0.3893728 0.8543381 -0.07010436 0.5149677 0.8524402 -0.04057157 0.5212483 0.6942341 -0.160696 0.701581 0.4454515 0.1727947 0.8784732 0.4460076 0.1704265 0.8786536 0.2070842 0.1193553 0.9710152 0.7659728 0.5946589 -0.2442672 0.7773354 0.5767716 -0.2511658 0.6107167 0.6532866 -0.4474838 0.4127956 0.6636835 0.6237981 0.4799672 0.5969306 0.6428883 0.584387 0.6915282 0.4245947 0.5132455 0.7747888 0.3691631 0.5149174 0.7741381 0.3681989 0.391031 0.9043176 0.1711862 0.2944711 0.6154673 0.731086 0.3735637 0.7625204 0.5282167 0.1952409 0.6802749 0.7064751 0.1987063 0.9194532 0.3392961 0.1710958 0.9819173 0.08102226 0.04949051 0.9492369 0.3106446 0.2283148 0.940397 -0.2520436 0.07224726 0.9554719 -0.2861012 0.106946 0.9939362 -0.0255627 -0.9401597 -0.1052854 -0.32406 -0.9250109 -0.09743708 -0.3672342 -0.9331333 0.1556169 -0.3241074 -0.9611823 0.1716042 -0.2160568 -0.9549698 -0.06800085 -0.2888056 -0.9470993 0.1556608 -0.2806648 -0.8601037 -0.5101076 0.003460168 -0.8627681 -0.5054256 0.0132789 -0.8782116 -0.4775134 -0.02693605 -0.2197631 -0.9206678 -0.3226068 -0.2233915 -0.9014351 -0.3708248 -0.4628586 -0.8256729 -0.3225313 -0.441838 -0.8535277 -0.2761699 -0.2077212 -0.9168981 -0.3408075 -0.4518149 -0.8244986 -0.3406839 0.3395761 -0.9402857 -0.02347517 0.1530744 -0.9835682 0.09571802 0.3604552 -0.9319668 0.03885954 0.5236824 -0.8478497 0.08311241 0.3200924 -0.9447056 0.07121914 0.320683 -0.945232 0.06081885 0.9066627 -0.4204204 0.03477877 0.7668722 -0.6407619 0.03648602 0.7853441 -0.6172534 -0.04725408 0.750969 -0.5924204 -0.291691 0.707002 -0.6428397 -0.2947971 0.5627578 -0.7727352 -0.2935712 0.9987897 -0.03257906 -0.0368483 0.9990299 -0.04362511 -0.006009519 0.9692053 -0.2143618 -0.1212028 0.8989055 -0.1933711 0.3931623 0.9105018 -0.2023015 0.360639 0.809791 -0.4386579 0.3896381 0.8658224 0.45073 0.2172423 0.7382439 0.656327 0.1556626 0.8832622 0.4427113 0.1544492 0.6752827 0.7374069 -0.0149818 0.8160939 0.5777577 -0.01367759 0.8429749 0.5377702 -0.01402592 0.3556836 0.9336853 -0.04148364 0.3651938 0.9307745 -0.01709961 0.4733301 0.8735321 -0.1135797 0.3398799 0.8592379 0.3823503 0.3393016 0.8582733 0.3850213 0.5655692 0.7282353 0.3870465 -0.06974673 0.9617806 0.2647897 -0.2579885 0.9431645 0.2094823 -0.05452954 0.9766321 0.2078855 -0.5431304 0.7687344 -0.3377231 -0.3523375 0.8741733 -0.3341847 -0.3118345 0.8892304 -0.3347068 -0.8458124 -0.5320075 0.03961807 -0.818023 -0.5744484 0.02911448 -0.846365 -0.5321162 0.02277803 -0.7402988 -0.6694782 0.06129264 -0.7394219 -0.6713495 0.05045086 -0.8444109 -0.535214 0.02272045 -0.6454086 0.7620406 0.05236428 -0.720559 0.6927306 0.03031891 -0.6445828 0.76331 0.04325479 -0.8664824 0.4981615 0.03230351 -0.8674464 0.4975068 -0.004903912 -0.801915 0.5973968 0.007043659 -0.805862 0.5915818 0.02484983 -0.8592886 0.5100862 -0.03788357 -0.810704 0.5837435 0.04474949 0.1160439 0.9830613 0.1418604 -0.0381515 0.9921593 0.1190147 0.1163282 0.9877076 0.1044105 0.7296107 0.6838566 0.00289905 0.7275523 0.6859979 -0.008638858 0.7725747 0.6345779 -0.02096366 0.9954434 -0.0752936 0.05851155 0.9923743 0.1232578 -9.85716e-4 0.996591 -0.08240038 -0.004060924 0.6169161 -0.7870286 7.58584e-4 0.6169292 -0.7870187 2.84718e-4 0.6031088 -0.797659 -1.30042e-4 0.09223163 -0.9925448 0.07967609 0.341117 -0.9397762 0.02144432 0.09181964 -0.9927428 0.07766002 0.01369667 0.9997202 0.01928919 0.01525634 0.9996967 0.01933658 0.01064771 0.9983366 0.05666315 -0.03049582 0.9860407 0.1636886 -0.02877533 0.9915077 0.1268254 -0.02939397 0.986093 0.1635746 0.01432746 0.9438608 0.3300328 0.02160495 0.8921549 0.4512128 0.01950591 0.8921823 0.4512542 -0.02390426 -0.9995958 -0.01538693 -0.02161008 -0.9996491 -0.0153256 -0.01898497 -0.9966764 -0.07921963 0.01230835 -0.9881969 -0.1526942 0.01223766 -0.9881953 -0.1527106 0.01307088 -0.9869585 -0.1604439 -0.01383686 -0.9673886 -0.252919 -0.01310372 -0.9693711 -0.245251 -0.01328814 -0.968744 -0.2477063 -0.9524475 0.2930104 0.08359968 -0.9517508 0.2952225 0.08375054 -0.9501856 0.2874784 0.1204314 -0.9445977 0.321887 0.06421899 -0.9430266 0.3315469 0.0278846 -0.943708 0.3243854 0.06472527 -0.9163157 0.2589363 0.305479 -0.9168426 0.2573673 0.3052239 -0.8736113 0.2328182 0.4273161 -0.07016921 0.02634537 0.9971872 0.05341577 -0.01966583 0.9983787 0.05175304 -0.0241512 0.9983679 0.9341148 -0.3080191 -0.1804276 0.9342284 -0.3076629 -0.1804466 0.9324449 -0.3084328 -0.1881904 0.943474 -0.2913231 -0.1580749 0.9451882 -0.2898246 -0.1504034 0.9445145 -0.2907668 -0.152798 -0.5836838 -0.8088161 0.07162177 -0.5849562 -0.8078927 0.07166403 -0.5793715 -0.8077582 0.1088829 -0.5831875 -0.8057754 0.1030455 -0.5885809 -0.8057528 0.06584125 -0.5845618 -0.8047724 0.1030964 -0.556738 -0.7722 0.3061864 -0.5583293 -0.7710606 0.3061603 -0.5353088 -0.7278571 0.4285657 -0.5538128 -0.7678745 0.3219629 -0.5303413 -0.7224496 0.4436268 -0.528156 -0.7240218 0.4436708 0.578674 0.7950138 -0.1819052 0.5807305 0.7952209 -0.1742869 0.5799505 0.7952311 -0.1768194 0.5749514 0.7960589 -0.189001 0.5760931 0.7964433 -0.1838342 0.575368 0.7969914 -0.18373 0.5862778 -0.80856 0.05009198 0.5849259 -0.8095359 0.05013453 0.5870451 -0.804821 0.08741462 0.5867782 -0.8045889 0.09125918 0.5844948 -0.8095928 0.05408793 0.5856163 -0.8054287 0.09131437 0.5629546 -0.7689363 0.3030166 0.5613786 -0.7700979 0.302991 0.527629 -0.7351686 0.4255994 0.5587775 -0.7644876 0.3214443 0.522826 -0.7282094 0.4431299 0.5249713 -0.7266373 0.4431744 -0.5777359 0.7976176 -0.1732845 -0.5771906 0.7996381 -0.1656196 -0.577444 0.7989278 -0.1681456 -0.577594 0.7973963 -0.17477 -0.5775671 0.7985419 -0.16955 -0.5783475 0.7980003 -0.1694398 0.9500115 0.3119555 0.01273131 0.9512727 0.3047372 0.04706966 0.9513553 0.3044916 0.04698979 0.951187 0.3069757 0.03176969 0.9516988 0.3032317 0.04816561 0.9507921 0.3020905 0.06881678 0.9097251 0.3029119 0.2839803 0.9102606 0.3012726 0.2840077 0.8684741 0.2822477 0.4075403 0.9004905 0.2974819 0.3172091 0.8553979 0.2747654 0.4390884 0.8545658 0.2772754 0.4391306 -0.9399713 -0.3049613 -0.1531427 -0.9398518 -0.3053203 -0.1531605 -0.9390688 -0.3037224 -0.1609429 -0.9389756 -0.3054577 -0.1581786 -0.9394801 -0.3077395 -0.1505781 -0.9394643 -0.3066102 -0.1529608 -0.0506438 -0.1010633 -0.9935902 -0.05751991 0.05926942 -0.9965835 -0.06994569 -0.1363576 -0.9881874 -0.07254028 -0.239436 -0.9681986 -0.006940066 -0.06537038 -0.997837 0.05179476 -0.071581 -0.9960891 0.06686937 -0.08588868 -0.9940582 0.1463607 -0.08136385 -0.9858796 0.002625942 0.01198577 -0.9999247 -8.76348e-4 5.19857e-4 -0.9999995 0.09183573 0.04623186 -0.9947004 -0.1992365 0.1201236 -0.9725612 3.42866e-4 0.00227946 -0.9999973 -5.82407e-4 6.49998e-4 -0.9999997 -0.2194037 -0.9046828 -0.3652548 -0.06035321 0.1080976 -0.9923067 0.05616921 0.3952202 -0.9168676 0.1577385 0.08331394 -0.98396 0.1457455 0.06662154 -0.9870765 -0.2127937 -0.01457983 -0.9769884 -0.1434655 0.02411669 -0.9893614 0.488552 0.8419265 -0.2290779 0.4997954 0.8328778 -0.2377378 0.3038726 0.8859346 -0.3504018 0.8259789 0.5625946 0.03529953 0.8654352 0.5010138 -0.002654552 0.8575796 0.514154 0.01425224 0.9932931 0.08680117 0.07638376 0.9821183 0.1807098 0.0527994 0.9942687 0.08544582 0.06425589 0.9920437 0.1143755 0.0526089 0.9756835 0.2079734 0.06920319 0.9698802 0.2273922 0.08732211 -0.1239519 -0.9922377 0.01001733 -0.02976876 -0.9994587 -0.01400649 -0.125513 -0.9920899 -0.002008855 0.4168254 -0.9074718 0.05245608 0.5009946 -0.862819 0.06743896 0.5178591 -0.8511698 0.08562701 -0.8144987 -0.5800178 0.01308512 -0.7567917 -0.6534951 -0.01451075 -0.815692 -0.5784866 -3.35878e-4 -0.4511278 -0.8923859 0.01146107 -0.3745686 -0.925841 0.05016875 -0.3719388 -0.9234606 0.09424448 -0.9989003 0.011038 0.04556888 -0.9964305 0.0840792 0.007555007 -0.9973153 0.06894689 0.02466797 -0.9148355 0.4037351 0.008611798 -0.9496235 0.3133871 -0.001964211 -0.9146964 0.4041264 0.003526628 -0.9744697 0.2240416 0.01464039 -0.9909417 0.1304849 0.03175318 -0.9926414 0.1104191 0.04970622 -0.2787195 0.9597354 0.03498017 -0.208076 0.9781076 -0.003168284 -0.2228876 0.9747465 0.01380145 0.06876212 0.9947767 0.07543951 -0.02588337 0.9982785 0.05263084 0.07021987 0.9954916 0.0637632 0.206884 0.977975 0.02764135 0.11312 0.9925547 0.04515653 0.09333717 0.9935702 0.06408262 -0.8485133 -0.5032384 -0.1636348 -0.8703455 -0.4445682 -0.2117965 -0.9258298 -0.3216193 -0.1984951 -0.993283 -0.1156424 0.003987252 -0.993258 -0.1158028 0.005327284 -0.9906462 -0.1364129 0.003437876 -0.9325509 -0.3543378 -0.06923502 -0.9397356 -0.3358302 -0.06415015 -0.9327366 -0.3528511 -0.07415246 -0.826752 -0.5586616 -0.06617015 -0.8217796 -0.5641731 -0.07991981 -0.9243182 -0.3495051 -0.1532386 -0.6324236 -0.6959906 0.3400554 -0.7965638 -0.5458682 0.2598345 -0.7941586 -0.552505 0.253082 -0.7439659 -0.6421167 0.1849347 -0.8859618 -0.4515981 0.1055033 -0.8865054 -0.4456919 0.1243661 -0.656373 0.5692197 -0.4951398 -0.5978425 0.5896083 -0.5430898 -0.4961254 0.680515 -0.5392207 -0.7102789 0.7014554 -0.05885785 -0.7105176 0.7013819 -0.05681675 -0.7247934 0.6864249 -0.0591225 -0.3980768 0.9145577 0.07154816 -0.3800526 0.9216489 0.07825225 -0.3972415 0.9151779 0.06818103 -0.5843321 0.8061441 -0.09320729 -0.6987889 0.7061518 -0.1142091 -0.7471936 0.646907 -0.1523581 -0.995073 0.09829413 0.01296597 -0.943559 0.3246026 -0.0658006 -0.9955759 0.08143723 -0.04686915 -0.7268426 0.6748774 -0.1274381 -0.7261452 0.6744047 -0.1337594 -0.6865777 0.7179318 -0.1148262 0.4054637 0.8479456 -0.3414493 0.4463321 0.8453094 -0.2936661 0.4171978 0.8399426 -0.3470483 0.4461945 0.8932643 -0.05467563 0.4460581 0.8934262 -0.05312138 0.4273989 0.9023851 -0.05505716 0.5734214 0.8192552 0.00299263 0.5893566 0.8078263 0.008683025 0.5746461 0.8184003 -0.00173825 0.5847502 0.806454 -0.08774572 0.4542624 0.8841744 -0.1090022 0.3829981 0.9119405 -0.147231 0.1873312 0.9616682 -0.2002533 0.4073361 0.8738279 -0.2655225 0.1706467 0.9516438 -0.2554485 0.2236835 0.9288872 -0.2951853 0.4278679 0.887351 -0.1718648 0.4409862 0.8773334 -0.1892549 0.9951822 -0.02971613 -0.09343111 0.9886122 -0.08345133 -0.1252277 0.9956982 -0.03560233 -0.08554315 0.8856961 -0.08383959 -0.456633 0.8545061 -0.1434723 -0.4992344 0.8271066 -0.2778326 -0.4885732 0.9819127 -0.1783604 -0.06352162 0.9820599 -0.1781507 -0.0618124 0.9853978 -0.157719 -0.0641551 0.8711272 -0.4869561 0.06333357 0.8610835 -0.5037066 0.06939035 0.8706802 -0.4883081 0.0589199 0.9482826 -0.3059788 -0.08448159 0.9817661 -0.1577664 -0.1060441 0.9862002 -0.08132922 -0.1442036 0.9733113 0.1068 -0.203123 0.9551154 -0.1298602 -0.2662534 0.9584556 0.1194122 -0.2590436 0.9520308 0.07903784 -0.2956185 0.9765703 -0.1281995 -0.172845 0.9711064 -0.1438609 -0.190411 0.1979883 -0.9582774 -0.2061677 0.1358509 -0.9575487 -0.2542542 0.002309739 -0.9712674 -0.23798 -0.001102805 -0.9981159 -0.06134718 0.01696014 -0.9972729 -0.07182753 0.01829272 -0.9975459 -0.06758451 -0.1864375 -0.9824652 0.00185585 -0.1661392 -0.9861019 -8.68962e-4 -0.1866815 -0.9824205 1.75282e-4 -0.0528143 -0.9965204 0.06448209 0.07944411 -0.9967035 0.01645678 0.06597203 -0.9973297 0.0313248 0.3535885 -0.8624078 0.3622542 0.3621324 -0.864203 0.3493039 0.1416158 -0.9509122 0.2751566 0.5629351 -0.8233945 -0.07159352 0.5617018 -0.8245809 -0.06750953 0.7430758 -0.667784 -0.04362171 0.6126443 -0.7829465 0.1079897 0.407947 -0.8899402 0.2039256 0.6059626 -0.7904777 0.08918714 0.4595298 -0.8502003 -0.2568892 0.2463523 -0.9488353 -0.1975402 0.2437112 -0.9486186 -0.2018107 -0.01108294 0.00892806 0.9998987 0.0694195 -0.05977892 0.9957949 0.07029438 -0.03191906 0.9970155 -0.01655715 6.61646e-4 0.9998627 0.04118639 0.05924957 0.9973932 0.05457955 0.06039708 0.9966812 -0.005460798 -0.01483231 0.9998751 -0.04088228 0.04708164 0.9980541 -0.04169154 0.04343092 0.9981862 0.02934741 -0.004451394 0.9995594 0.01106816 -0.01842552 0.999769 -0.4650038 0.2359755 0.8532802 -0.09857678 0.02987408 0.994681 -0.02938002 -0.01337444 0.9994788 0.00506097 0.006956458 0.999963 0.01848167 -1.26286e-4 0.9998293 0.04642921 0.02242964 0.9986698 0.07029521 -0.01044189 0.9974717 -0.001627683 -0.007759332 0.9999686 0.01554781 -0.001069307 0.9998787 0.01252734 -0.001125395 0.9999209 0.05494904 -0.002517044 0.9984861 0.7558909 0.2376646 0.6100366 -0.1163443 -0.07386767 0.9904583 -0.02384471 0.02137339 0.9994872 -0.008940339 0.04344815 0.9990158 0.007834494 0.04518669 0.9989479 -0.03172928 0.01919651 0.9993122 0.04899895 -0.1829379 0.9819027 -0.1860703 -0.1003047 0.9774031 0.9999666 -0.007852017 -0.002330303 0.9999977 -0.001327216 -0.00169301 0.9996929 -0.02474665 -0.001286923 0.9998863 -0.01124203 0.01005882 0.9997948 -0.0149452 0.01367586 0.9998403 -0.01253253 0.01273882 0.2393152 0.9709116 0.007675528 0.3091463 0.9510124 0.002023339 0.3216849 0.946846 0.001239955 0.2985103 0.9543745 0.007814347 0.3061982 0.9518896 0.01220196 0.2824186 0.9592689 0.006554663 -0.8075209 0.5896489 0.01498126 -0.7952305 0.606245 0.008688867 -0.7538831 0.6568613 0.01391583 -0.7656992 0.6430273 0.01485991 -0.8122265 0.5833166 -0.005467772 -0.8024047 0.5967748 -0.002599656 -0.8134192 -0.5815217 -0.01348716 -0.8232637 -0.5675797 -0.009490907 -0.881085 -0.472697 0.01571112 -0.9402436 -0.3383238 -0.03846067 -0.9370872 -0.345281 -0.05146509 -0.8866639 -0.4606701 -0.04012876 -0.8802272 -0.4728724 -0.03989654 -0.9261788 -0.3745475 -0.0436728 -0.8800405 -0.4728707 -0.04384338 -0.8160889 -0.5776153 -0.01895713 -0.8670076 -0.49827 -0.005000293 -0.8209844 -0.5708883 -0.008448302 0.4284311 -0.9002031 -0.07798182 0.3069756 -0.9486066 -0.07688635 0.3601859 -0.9296851 -0.07714748 0.3229643 -0.9450777 -0.05022484 0.2705789 -0.9613854 -0.05025285 0.3219826 -0.9459485 -0.03884351 0.3745447 -0.9268818 -0.02462756 0.3716593 -0.9281179 -0.02160018 0.3026561 -0.9529524 -0.01676863 0.2654687 -0.9640907 0.007453441 0.3144019 -0.9492857 -0.002864301 0.2982463 -0.9544885 -0.00101 0.7298582 -0.6817417 -0.05035281 0.7408867 -0.6645032 -0.09758329 0.7873956 -0.6013213 -0.135724 0.9999158 -0.01205092 -0.004824578 0.9999854 -0.005105674 0.001779258 0.9999842 0.005618989 -1.73053e-4 0.9983878 0.02312564 0.05183738 0.997069 0.04202508 0.06393313 0.9863465 0.1560478 0.05262893 0.9871909 0.1556665 0.03495973 0.9927274 0.1202907 0.004748165 0.992598 0.1214147 0.002785086 0.9932452 0.1137136 -0.02309125 0.9985272 0.04944664 -0.02232968 0.9993998 0.02797567 -0.02043318 0.9968569 0.07569462 -0.02338248 0.9971403 0.07165789 -0.02400875 0.997177 0.0637784 -0.0396285 0.03686922 -0.9972822 -0.06378751 0.08458715 -0.9948087 -0.05657398 0.1696867 -0.9835217 -0.06238257 -0.3322368 -0.9431483 -0.009496271 -0.3842654 -0.9232227 -2.01262e-4 -0.3850988 -0.9228579 -0.005671203 -0.5084329 -0.8600155 0.04323709 -0.4920047 -0.8690769 0.05134981 -0.3892208 -0.9201478 0.04284107 -0.605053 -0.7957357 -0.02675276 -0.6057304 -0.7953487 -0.02261334 -0.5525034 -0.8333822 -0.01463901 -0.8711338 -0.4910286 0.004104316 -0.8253271 -0.5643296 -0.01916635 -0.8709554 -0.4913328 0.005389392 -0.9150265 -0.4020395 0.03302723 -0.8942095 -0.4465916 0.030748 -0.945737 -0.3234079 0.03144848 -0.9657821 -0.2586407 -0.01923274 -0.9549255 -0.296714 -0.008844316 -0.9842854 -0.1748114 -0.02496761 -0.9945347 0.1036123 -0.01285558 -0.9997568 -0.02175253 -0.003630757 -0.993739 0.1116629 -0.003773272 -0.9999789 -0.00650382 5.24148e-5 -0.9938665 0.1093545 -0.01646769 -0.9996752 0.02381968 -0.009066879 -0.8934233 0.4490095 0.01361656 -0.9027143 0.4286936 0.03645229 -0.936359 0.3498037 0.02948331 -0.8629752 0.505246 5.83945e-4 -0.9134268 0.4068137 0.01241898 -0.9226049 0.3857426 0.001692056 0.3876638 0.9036527 -0.1820126 0.3877618 0.9038119 -0.1810105 0.4136516 0.892027 -0.1821543 -0.8470783 0.5301395 -0.03755682 -0.8619967 0.5049865 -0.04416429 -0.8467666 0.5304657 -0.03990715 -0.4742636 0.8770746 0.0762515 -0.5091305 0.8590498 0.0531004 -0.5798536 0.8140239 0.03369081 -0.5355471 0.8438481 0.03331482 -0.6387321 0.7690393 0.02449381 -0.530524 0.8473151 0.02452784 -0.3910722 0.9195963 -0.03748601 -0.3418138 0.93881 -0.04241794 -0.3417519 0.9388707 -0.04156315 0.1147374 0.991802 0.0562492 0.005164623 0.9983613 0.05699145 -0.01861214 0.9982209 0.05664664 -0.04711979 0.998883 0.00354737 -0.04606896 0.9989203 -0.006006121 -0.1080827 0.9941369 -0.003184735 0.3240689 0.9456263 -0.02775734 0.3253708 0.9453098 -0.02287989 0.3980705 0.9161751 -0.04651045 0.166166 0.9856452 -0.0298717 0.05189234 0.9977345 -0.04281431 0.1627648 0.9866071 -0.01068222 0.4178771 0.908301 0.01918411 0.4127297 0.9107528 0.01355421 0.5304211 0.8476275 0.01345402 0.5282039 0.8484888 -0.03267502 0.6304655 0.7753785 -0.03607767 0.59838 0.801019 -0.01761066 0.699917 0.7131649 -0.03888535 0.7355681 0.6763903 -0.03789335 0.7355519 0.6763446 -0.03900456 0.8636029 0.5041692 -0.00191003 0.8570298 0.5152565 -0.003275811 0.7886986 0.6147762 -0.002181053 0.8708475 0.4900791 -0.03804206 0.9042811 0.4250591 -0.04000461 0.8707215 0.4900934 -0.0406515 0.9878632 0.1552991 0.002915322 0.9880024 0.1542605 -0.007422029 0.9932667 0.1158398 0.001605927 0.9998799 -0.01281845 0.008714675 0.9990871 0.04259383 -0.003287613 0.9998903 -0.01318132 0.006750822 0.9931759 -0.1134338 0.027103 0.9942557 -0.1054978 0.01805061 0.9713351 -0.2370665 0.01754575 0.9334343 -0.3550183 -0.05159902 0.9341399 -0.3541325 -0.04441976 0.9612403 -0.272534 -0.04174137 0.7475168 -0.6642411 0.001562774 0.7081078 -0.7060484 0.00889045 0.7073568 -0.7068567 2.2198e-4 0.6684239 -0.743717 0.009728252 0.6843895 -0.7287122 0.02428102 0.761545 -0.648036 0.009933769 -0.01598364 -0.9998605 -0.004844069 -0.01758927 -0.9996149 -0.02146703 0.06798148 -0.9976033 -0.01289314 -0.05399698 -0.9306935 0.3617928 0.006431043 -0.8392456 0.5437145 0.01921021 -0.9299126 0.3672787 0.04116904 -0.1834132 0.9821735 -0.04164147 -0.01091444 0.9990731 0.068614 -0.1719846 0.9827073 0.229592 -0.7745361 0.5893908 0.2198198 -0.7764106 0.5906487 0.1896003 -0.883212 0.4289386 0.2927855 -0.9156228 0.2755206 0.4517646 -0.8334724 0.3181709 0.3642647 -0.898318 0.245634 0.5570703 -0.5960552 0.5782656 0.5215212 -0.4501559 0.7248278 0.6045635 -0.5489975 0.5771523 0.7462108 -0.3140915 0.5869549 0.7625266 -0.2763063 0.5849855 0.825207 -0.3794803 0.4183637 0.8080559 -0.3253867 0.4910899 0.721271 -0.2263515 0.6546245 0.8319312 -0.2543164 0.4931671 0.04049658 0.008216142 0.999146 0.04255199 -0.01194375 0.999023 0.2268728 -0.0308997 0.9734342 -0.01022267 -0.01781016 0.9997891 -0.01305723 -0.01548254 0.9997949 0.1066153 0.1389512 0.9845435 0.4256929 0.3216564 0.8457675 0.3468248 0.1767195 0.9211313 0.3857252 0.3544372 0.8518159 -0.06068915 0.6243277 0.7788015 -0.1070996 0.6154426 0.7808714 -0.09011226 0.7621632 0.6410828 -0.2566014 0.6022084 0.7559767 -0.3204645 0.5690316 0.7573016 -0.3349773 0.7156471 0.6128943 -0.2703682 0.881278 0.3876212 -0.2744166 0.7760196 0.5678814 -0.3531101 0.8458307 0.3998547 -0.4342498 0.6053097 0.6671038 -0.4529215 0.5453882 0.7052758 -0.5578708 0.6221914 0.5492342 -0.4898823 0.5173494 0.7016873 -0.5118831 0.4990336 0.6992433 -0.5372483 0.6361558 0.5537782 0.05145859 -0.0724256 0.9960455 0.05500966 -0.07105952 0.995954 0.08098608 0.09497469 0.9921801 0.05595678 -0.063874 0.996388 0.05325478 -0.06643605 0.9963686 0.03119492 0.09370189 0.9951115 -0.6759759 0.1690825 0.717264 -0.6748396 0.1719191 0.7176597 -0.7668218 0.274358 0.5802691 -0.7070804 0.1380408 0.6935288 -0.5676071 0.063097 0.8208782 -0.7131694 0.08108502 0.6962864 -0.1837924 -0.04543924 0.9819143 0.008369445 -0.03195714 0.9994542 -0.1862782 -0.02957534 0.9820519 -0.6139359 -0.1901915 0.7661006 -0.6044837 -0.2210711 0.7653282 -0.7507932 -0.2137765 0.6249873 -0.9533023 -0.1621294 0.2548111 -0.8832956 -0.1525658 0.4432974 -0.9292059 -0.2493618 0.2727547 -0.3013541 -0.8111695 0.5011885 -0.2856997 -0.6889439 0.6661322 -0.2272886 -0.8182101 0.5280835 -0.3052271 -0.7404303 0.5988317 -0.254664 -0.7494997 0.6110617 -0.3099055 -0.8456016 0.4346452 0.03221178 0.02081978 0.9992642 -0.002429425 0.03305345 0.9994507 -0.08334469 -0.1358808 0.9872133 -0.02395755 0.06537902 0.9975729 0.06624627 -0.107276 0.9920198 -0.03839182 0.05840873 0.9975543 0.2885415 -0.7500947 0.5950646 0.232595 -0.7749734 0.5876359 0.2213359 -0.6353448 0.7398294 0.1962929 -0.1825498 0.9634026 0.1747269 -0.2102832 0.9619001 0.0205425 -0.10151 0.9946225 -0.02209597 0.02045845 0.9995466 0.1270356 -0.1062925 0.9861866 -0.02277767 0.01966279 0.9995473 0.4908335 -0.551609 0.674396 0.5265901 -0.5186579 0.6735703 0.5577223 -0.64936 0.5169888 0.3083454 -0.1235005 0.9432236 0.3028572 -0.1386001 0.9429038 0.1245165 -0.07319056 0.9895144 0.0194754 0.01508152 0.9996966 0.2066749 -0.03861004 0.9776476 0.01679062 0.005404591 0.9998444 0.8991233 0.08521384 0.4293202 0.8927963 0.01259106 0.4502847 0.8430486 0.1805469 0.5066279 0.3376097 -0.006976425 0.9412604 0.2459657 0.1406958 0.9590128 0.3487603 0.03361511 0.936609 0.7976065 0.07481145 0.5985209 0.7985013 0.1213392 0.5896377 0.8862607 -0.007313251 0.4631292 0.2247679 0.02490603 0.974094 0.03356331 0.002978086 0.9994323 0.2277809 0.006352961 0.9736918 0.7013071 0.3787512 0.6039171 0.7207756 0.3241177 0.6127237 0.5702611 0.4022316 0.7162486 0.6407436 0.4740179 0.6039493 0.6232491 0.5020169 0.5996162 0.7563384 0.4755028 0.4492764 0.6109734 0.5361419 0.5824632 0.4691733 0.4992583 0.728435 0.5571963 0.5914453 0.5828592 0.2875893 0.6106973 0.7377949 0.353227 0.7292304 0.5860493 0.3369979 0.6027271 0.7232928 0.2532942 0.683623 0.6844719 0.3522995 0.7668217 0.5365349 0.2510617 0.6847296 0.6841881 -0.02904361 -0.05360901 0.9981396 -0.01653856 0.1404048 0.989956 -0.004931092 -0.05524855 0.9984605 0.09861069 0.2524635 0.9625685 0.06015485 0.0667138 0.9959573 0.07220071 0.2594758 0.9630469 0.2068471 0.6562175 0.7256673 0.1786039 0.6795089 0.7115957 0.3579189 0.6885074 0.6307548 -0.009793996 0.04954117 0.9987241 -0.004870355 0.05089062 0.9986924 -0.06141865 0.2364465 0.9697014 -0.09813123 0.885495 0.4541683 -0.01560664 0.8959171 0.4439474 -0.03419923 0.7870726 0.6159116 -0.108947 0.4907578 0.8644579 -0.05251032 0.5130107 0.8567746 0.01969969 0.3577203 0.933621 0.007326602 0.09673261 0.9952836 -0.1672751 0.1701826 0.9711112 0.007012128 0.1279673 0.9917536 -0.1582878 0.1945218 0.9680426 -0.1412103 0.2001778 0.9695301 -0.1933471 0.03969031 0.9803274 -0.5479747 0.4906606 0.6774777 -0.4767068 0.3503062 0.8062483 -0.5859134 0.4451918 0.6771337 -0.5993275 0.2068623 0.7733141 -0.7315964 0.2577816 0.6311224 -0.5958179 0.2355595 0.7677974 -0.07322406 0.07930225 0.9941576 -0.05418968 -0.08142918 0.9952049 -0.08647394 0.06519627 0.9941186 0.03865617 -0.00795108 0.999221 -0.1528711 -0.002993166 0.9882417 0.03819006 -0.04612034 0.9982057 -0.02039629 -0.009506821 0.9997468 -0.2046641 -0.02408337 0.978536 -0.01317465 -0.03651624 0.9992463 -0.5614129 -0.2806611 0.7784889 -0.5019044 -0.303715 0.8098452 -0.5899661 -0.4364995 0.6792704 0.006623685 0.01716005 0.9998309 -0.08710134 -0.1539416 0.9842334 -9.28231e-5 0.02110773 0.9997773 -0.2301277 -0.2471064 0.9412649 -0.1620668 -0.07939583 0.9835805 -0.1887626 -0.2690575 0.9444453 -0.4922895 -0.5657934 0.6614598 -0.477175 -0.5810381 0.6593168 -0.6093694 -0.6052104 0.5122397 -0.5233127 -0.6801258 0.5133934 -0.5826817 -0.6346818 0.5076034 -0.4537615 -0.5909689 0.6669756 -0.07131451 -0.1626067 0.9841104 -0.06246405 -0.1683198 0.9837514 0.06500005 -0.02533996 0.9975636 0.05643695 -0.5629898 0.8245347 0.06749361 -0.7197872 0.6909059 -0.004142284 -0.5887382 0.8083132 0.1651736 0.2885431 0.9431123 0.1649821 0.2885455 0.943145 0.2163071 0.1953209 0.9565882 0.2018923 -0.1587476 -0.9664568 0.150425 -0.2534326 -0.9555858 0.1496574 -0.2534178 -0.9557103 0.1248442 -0.3628841 0.9234334 0.1255182 -0.3621183 0.9236425 0.02065497 -0.3403332 0.9400781 0.02673763 -0.2439102 -0.9694292 -0.07098656 -0.2852828 -0.9558111 -0.0719183 -0.2845426 -0.955962 -0.1486507 -0.2026027 0.9679128 -0.148369 -0.202638 0.9679487 -0.1865905 -0.1023433 0.9770926 -0.3418928 -0.141358 -0.9290465 -0.4050115 -0.05677473 -0.9125473 -0.4047567 -0.05615395 -0.9126988 -0.800628 -0.03417783 0.5981861 -0.7994139 -0.03722625 0.5996263 -0.7648375 0.05621826 0.6417658 -0.8044721 0.2117702 -0.5549578 -0.8058559 0.3058462 -0.5070052 -0.8044132 0.3078231 -0.5080987 0.07398235 0.02806824 -0.9968646 -0.6055474 0.7752352 -0.1797859 -0.5304816 0.8476963 6.9242e-4 -0.5633184 0.8262248 0.00501579 -0.7916525 0.6061792 -0.07637608 -0.7470089 0.6559678 0.108093 -0.8177632 0.5712849 -0.0699796 -0.8715054 0.4217355 -0.2502353 -0.8235936 0.5549449 -0.1171743 -0.8212798 0.5580431 -0.1186906 -0.5760189 -0.8053741 -0.1399108 -0.6670426 -0.7441532 0.03592115 -0.6408526 -0.7665718 0.04093533 -0.2693576 -0.962678 0.02641397 -0.3294211 -0.9208958 0.2084053 -0.2577348 -0.9658511 0.02654224 0.2040613 -0.8892773 -0.4093226 0.05561196 -0.9491925 -0.3097434 0.04185891 -0.9474235 -0.3172326 0.3516557 -0.9314341 -0.09364205 0.1885215 -0.9820691 -1.73844e-4 0.3422857 -0.9342371 -0.1002081 0.3848681 -0.8701565 -0.3077406 0.5553925 -0.7722823 -0.3084143 0.434159 -0.7827494 -0.4458806 0.7540852 -0.5959623 -0.2760158 0.781283 -0.6185257 -0.0838027 0.7992084 -0.5326759 -0.2784284 0.8524281 -0.4144907 -0.3186908 0.8014451 -0.5576828 -0.2160457 0.7854351 -0.5750181 -0.2290109 0.9375972 -0.3441023 -0.05005091 0.8644643 -0.5012269 0.03838092 0.9355164 -0.3491253 -0.05404406 0.9607588 -0.1835243 -0.2079939 0.9563679 -0.194745 -0.2177957 0.9595014 -0.01112657 -0.2814841 0.9929834 -0.0347647 -0.1130295 0.9927372 -0.1063435 0.05624896 0.9964698 0.08391106 0.002649903 0.9841746 0.1710668 0.0462222 0.9750379 0.0664494 0.2118628 0.9774739 0.2033986 0.05633854 0.772666 0.4940121 -0.398672 0.8747128 0.3708696 -0.3119828 0.8791058 0.3466261 -0.3271444 0.7802973 0.4921678 -0.385885 0.8794788 0.343396 -0.3295396 0.7999957 0.5331243 -0.2752918 0.7166449 0.6942722 -0.06637984 0.8164147 0.5750976 0.05224871 0.7162188 0.6947615 -0.06585776 0.4883333 0.7901672 -0.3703601 0.6255376 0.7498566 -0.2154477 0.5868548 0.7841663 -0.2017048 0.4614173 0.804285 -0.3744596 0.3145817 0.900827 -0.2992475 0.3826207 0.7958011 -0.4693638 0.02810102 0.9836381 -0.177951 0.1621986 0.9859216 -0.04062467 0.1711169 0.9842712 -0.04392439 -0.3405489 0.8931508 0.2937828 -0.1973142 0.8820505 0.4278483 -0.316002 0.9038255 0.2885177 0.08055365 0.9480175 -0.3078536 0.01580423 0.8697288 -0.4932768 0.08062022 0.869985 -0.4864426 0.5392583 0.8218072 -0.1839385 0.3704982 0.9119273 -0.1764078 0.53951 0.8065013 -0.2418358 0.4636459 -0.8661284 -0.1866925 0.6310049 -0.7464374 -0.2113391 0.6071453 -0.7544171 -0.2494584 -0.1615611 -0.9861722 0.03691267 -0.04351294 -0.9897717 -0.135863 -0.08947116 -0.985329 -0.1453331 -0.428054 -0.8897455 -0.1585012 -0.229705 -0.961757 -0.1491947 -0.2543327 -0.9427539 -0.2157083 -0.7858284 -0.560792 -0.2607415 -0.7210937 -0.5193092 -0.4586306 -0.7694078 -0.4691413 -0.4334954 -0.9735983 -0.09667593 -0.2067854 -0.9234679 -0.2789788 -0.2633967 -0.9233818 -0.2721103 -0.2707808 -0.959883 -0.08344584 -0.2676969 -0.9089619 -0.2581458 -0.3273364 -0.948594 -0.05393379 -0.3118662 -0.9628572 0.09539949 -0.2525966 -0.8949373 0.09207415 -0.4365887 -0.9511956 0.1791688 -0.251248 -0.907041 0.4050152 0.1150636 -0.960375 0.2780305 -0.01946783 -0.9626417 0.2702967 -0.016146 0.08704125 -0.6728284 -0.7346604 0.2335387 -0.5598985 -0.7949675 0.09347701 -0.6747517 -0.7321013 -0.5414205 -0.737354 -0.4039466 -0.3701883 -0.8060567 -0.4617719 -0.5511751 -0.7038856 -0.4480526 -0.7976005 -0.4031906 -0.4486325 -0.6697884 -0.5583025 -0.4895731 -0.6705079 -0.5316101 -0.5175035 -0.5342386 0.8042417 -0.2603549 -0.5717805 0.6993103 -0.4289897 -0.5555977 0.7109508 -0.4311152 -0.1948145 0.90487 -0.3784936 -0.2165015 0.8082292 -0.5476246 -0.1580785 0.9117826 -0.3790298 0.5173465 0.5060023 -0.6901555 0.3951572 0.4073262 -0.8233689 0.4340556 0.3811625 -0.8162788 0.7318885 0.2205107 -0.6447591 0.5881374 0.1811913 -0.7882032 0.6198667 0.1262821 -0.7744793 0.7665778 -0.1599419 -0.621914 0.7295163 0.0176022 -0.6837369 0.7336218 0.02293002 -0.679171 0.8029919 -0.1390423 -0.5795439 0.7737789 0.04302293 -0.6319932 0.7543588 -0.1628917 -0.6359317 0.6929516 -0.3171768 -0.6474696 0.5913271 -0.2122802 -0.7779906 0.6717427 -0.3524958 -0.6515432 -0.6223801 0.2155076 -0.7524623 -0.5713363 0.03872114 -0.8198021 -0.6364879 0.1975603 -0.7455557 -0.5791742 0.3714601 -0.7256547 -0.4221408 0.3199954 -0.8481746 -0.4100335 0.4013389 -0.8190236 -0.2719033 0.6255761 -0.7312477 -0.1929062 0.4903818 -0.8498899 -0.1037707 0.5701498 -0.8149607 0.1547031 0.8970156 -0.4140411 0.01463025 0.8558175 -0.5170711 -0.01981341 0.8671724 -0.4976139 0.6514062 0.3803322 -0.6565191 0.5647462 0.258887 -0.7836067 0.7000858 0.3075073 -0.6444527 0.6927186 -0.6515061 -0.3093232 0.7406885 -0.5379961 -0.4024188 0.7959368 -0.4908381 -0.3543481 0.4580266 -0.4259017 -0.7802689 0.3119784 -0.3415851 -0.8865603 0.279751 -0.4259486 -0.8604112 0.3818444 -0.713616 -0.5873221 0.2044069 -0.7128347 -0.6708835 0.313192 -0.7872779 -0.5311349 -0.1477279 -0.8800803 -0.4512595 -0.0496037 -0.8289887 -0.5570613 0.03093951 -0.849771 -0.5262434 -0.2797945 -0.6029943 -0.7470695 -0.09895306 -0.5734095 -0.8132711 -0.2868368 -0.5926069 -0.7526898 -0.402613 -0.6434532 -0.6510537 -0.4403137 -0.4828491 -0.7569549 -0.4837101 -0.6195827 -0.6181764 -0.5603693 -0.07249194 -0.8250644 -0.4106165 -0.1783455 -0.8941963 -0.5630688 -0.09516036 -0.820913 -0.7045263 0.4081631 -0.5805565 -0.6803284 0.2719895 -0.6805697 -0.7171239 0.2287275 -0.6583443 -0.5406183 0.6257781 -0.5622577 -0.3722521 0.6532341 -0.6593281 -0.4838928 0.7093825 -0.5124688 0.03886067 0.396862 -0.9170553 0.0579375 0.2109401 -0.9757806 0.1357419 0.2335526 -0.9628226 0.3972042 0.5634778 -0.7243767 0.491254 0.3988314 -0.7743404 0.504903 0.5444287 -0.6698287 0.7821692 0.2083804 -0.5871874 0.7086587 0.3879869 -0.5892954 0.7335077 0.201363 -0.6491683 -0.1613031 -0.8104913 -0.5631031 -0.03212398 -0.764933 -0.6433085 0.03121405 -0.8012645 -0.5974956 -0.7054667 -0.3892778 -0.5922664 -0.585538 -0.4197726 -0.6934957 -0.5580735 -0.4961301 -0.6651384 -0.8561946 0.08469355 -0.5096643 -0.7895423 -0.01353955 -0.6135467 -0.8102548 -0.093032 -0.578647 0.1334066 0.3767995 -0.9166378 0.02560329 0.2404996 -0.9703115 -0.02105164 0.2658706 -0.9637789 0.5890247 -0.5140571 -0.6235346 0.5662592 -0.3993032 -0.7210462 0.6447529 -0.3368529 -0.6861661 -0.4184826 0.880844 0.2213283 -0.4999961 0.8575298 0.1210228 -0.5874387 0.7871611 0.1878653 0.04759097 -0.01720851 -0.9987187 -0.1283502 0.06856215 -0.9893561 0.02562832 0.09287273 -0.9953481 0.2389343 0.2491596 -0.9385254 0.1338984 0.09130692 -0.9867798 0.1524692 0.07958555 -0.9850987 0.3264834 0.2007628 -0.9236357 0.2396299 0.03142225 -0.9703557 0.3702391 0.1552622 -0.9158694 0.5581613 0.07032525 -0.8267468 0.4499648 0.1167721 -0.885379 0.4761615 0.2474871 -0.843813 0.2144057 -0.09691196 -0.9719251 0.1328464 0.08058774 -0.987855 0.2586546 -0.04839837 -0.9647567 0.2482305 -0.1974276 -0.9483692 0.1759926 -0.06496858 -0.9822452 0.2695109 -0.003135204 -0.9629923 0.1020625 -0.1818958 -0.9780067 0.1235539 0.012398 -0.9922605 0.1791587 -0.1512016 -0.9721318 0.1366062 -0.338357 -0.9310497 0.1429339 -0.2119155 -0.9667791 0.2794657 -0.2043415 -0.9381597 7.34656e-4 -0.1920717 -0.9813807 0.1442057 -0.05872642 -0.9878036 0.04125058 -0.2156281 -0.9756039 0.04572951 -0.2924643 -0.9551824 -0.09896904 -0.1629139 -0.981664 -0.02641993 -0.3260272 -0.9449912 -0.08652067 -0.3342598 -0.9385012 -0.0460897 -0.1600725 -0.9860287 0.01014292 -0.1703553 -0.9853305 -0.1776145 -0.28126 -0.9430514 -0.08003211 -0.1178252 -0.9898042 -0.1950532 -0.2691941 -0.9431272 -0.05930578 -0.2300245 -0.9713761 0.01623058 -0.05500549 -0.9983541 -0.0263977 -0.03882163 -0.9988975 -0.1937722 -0.205737 -0.9592313 -0.1606104 -0.014593 -0.98691 -0.2546738 -0.1709842 -0.9517908 -0.1535928 -0.184959 -0.9706696 -0.07042384 -0.01948237 -0.9973269 -0.1306272 0.008595049 -0.9913944 -0.3141628 0.02464294 -0.9490493 -0.1934564 -0.04739344 -0.9799636 -0.2474704 -0.1594958 -0.9556775 -0.1656475 0.07747244 -0.9831373 -0.09949034 -0.1068502 -0.9892851 -0.2132314 0.03499418 -0.9763749 -0.2821826 0.02975136 -0.9588994 -0.1269386 0.1473 -0.9809126 -0.2981583 0.1201844 -0.9469199 -0.2893193 0.05767524 -0.9554935 -0.1026644 0.06744474 -0.992427 -0.1066961 0.1214513 -0.9868463 -0.1865944 0.3011933 -0.9351284 -0.1781045 0.1475617 -0.9728845 -0.2828888 0.1311975 -0.9501374 -0.03683549 0.2176576 -0.9753299 -0.1332514 0.04769623 -0.9899339 -0.119136 0.219928 -0.968214 -0.02321571 0.3481677 -0.9371448 -0.05526363 0.1977379 -0.9786959 -0.1608428 0.211236 -0.9641106 0.04125732 0.2859428 -0.9573581 -0.09686779 0.1494638 -0.9840109 -0.001399636 0.307953 -0.9514006 -0.0388059 -0.993299 0.1088638 -0.07095134 -0.9818712 0.1757699 -0.2929764 -0.9539414 0.0645048 -0.8104049 0.5519217 -0.1965364 -0.7762548 0.5645872 -0.2804812 -0.6360904 0.7461738 -0.1965036 -0.5645875 0.7762542 0.2804825 -0.746174 0.6360898 0.196505 -0.551922 0.8104043 0.1965378 0.9820942 0.06699734 -0.1760751 0.9546893 0.2898206 -0.06761974 0.9936411 0.03478235 -0.1070871 -0.7534164 0.6575422 0.001431047 -0.8237791 0.5667799 -0.01219296 0.2146854 -0.9766799 0.002539873 0.004136383 0.001413762 -0.9999905 -0.02213579 -0.009328305 -0.9997115 0.6948896 0.7177564 0.04420775 0.3221313 0.9466249 -0.01152616 -0.824609 -0.5656996 0.002053081 -0.04610204 0.02149885 -0.9987055 0.9996548 -0.02521634 0.007371425 0.02118182 -0.9997169 -0.010845 0.3062715 0.95186 -0.01266103 0.9931436 -0.116868 0.002793967 0.9931437 -0.1168671 0.002784788 0.9931439 -0.1168657 0.002759814 -0.01336961 0.03391504 -0.9993354 0.1145016 -0.9789882 -0.1687348 0.114538 -0.9789718 -0.1688056 0.1145489 -0.9789642 -0.1688423 -0.05334734 -0.9771665 -0.205669 0.5626828 0.5968771 -0.5719493 0.5970111 0.6338607 -0.4917301 0.5688458 0.59538 -0.5673951 -0.2178646 0.9756339 0.02595269 -0.2581065 0.9548799 -0.1469201 -0.2029511 0.9782334 0.04324716 0.2150446 0.9564505 0.1973787 0.2211907 0.9542266 0.2013118 0.2166076 0.9565027 0.195407 0.1699789 0.9496256 0.263284 0.1799137 0.9776674 0.1086171 0.1777375 0.9476441 0.2652925 -0.08069598 0.7640256 0.6401194 -0.1135575 0.6101111 0.7841359 -0.09707117 0.6998488 0.7076644 0.5616456 -0.4163916 0.7149631 0.5769895 -0.3855171 0.7200415 0.5868722 -0.2849259 0.7578908 -0.3071635 -0.9157177 0.2590596 -0.3548001 -0.8763546 0.32576 -0.3290163 -0.8419379 0.4276551 0.04876762 -0.9893088 0.13744 -0.05229407 -0.9632858 0.263336 -0.06400716 -0.9671 0.2462128 -0.001169204 -0.9645998 -0.2637156 0.08477365 -0.9875633 -0.1324092 -0.01097613 -0.9678822 -0.2511645 -0.3483757 -0.820729 -0.4528116 -0.3812747 -0.8315631 -0.4038966 -0.3596062 -0.8906812 -0.2781558 0.5547218 -0.4241219 -0.7158243 0.5851649 -0.28973 -0.7573893 0.5736274 -0.3917955 -0.7193386 -0.4878548 0.4103893 -0.7704404 -0.4878203 0.441795 -0.7528934 -0.6955025 0.337236 -0.6344668 -0.8375315 0.4512922 -0.3080202 -0.9393787 0.3258145 -0.10683 -0.9468877 0.2935647 -0.1312378 -0.03284293 -0.7966124 0.6035977 -0.1624745 -0.793165 0.586934 -0.03179532 -0.8037117 0.594169 0.2138243 -0.5508455 0.8067517 0.2157317 -0.5585552 0.8009219 0.3390213 -0.5175846 0.7856022 0.9543473 0.23035 -0.1901583 0.9851214 0.1378687 -0.1026067 0.9543205 0.2313233 -0.1891083 0.8270576 0.5325022 -0.1800476 0.6589993 0.6893844 -0.3007808 0.6630076 0.6742932 -0.3251918 -0.9760285 0.105316 -0.1904649 -0.9747741 0.1472454 -0.1677325 -0.9701762 0.2323272 -0.06915521 -0.2859938 0.3721102 0.8830298 -0.40854 0.3449455 0.845049 -0.2865436 0.3785263 0.8801197 0.4991884 0.7929538 0.3493355 0.6880198 0.6979407 0.1987653 0.6977496 0.6809866 0.2222675 0.9568239 0.2733647 0.09879207 0.9427792 0.3102362 0.122152 0.9769355 0.208366 0.04669803 -0.2378025 -0.8165111 -0.5260795 -0.2314606 -0.832755 -0.5029366 -0.1093514 -0.8350382 -0.5392158 0.3600091 -0.4901398 -0.7938239 0.2451881 -0.5422282 -0.8036614 0.3691157 -0.5140478 -0.7742794 0.4892245 0.8237268 -0.2865898 0.5965408 0.7661393 -0.2391022 0.4909952 0.8192355 -0.2962718 0.9330364 0.281318 -0.2242842 0.8124878 0.4777725 -0.3340613 0.8084103 0.4488933 -0.3807461 -0.6780444 0.5135301 -0.5258732 -0.8101454 0.3913044 -0.4365152 -0.8303418 0.3848904 -0.4029787 -0.9047189 0.1195759 -0.4088831 -0.8984323 0.1062812 -0.4260563 -0.8489086 0.2089073 -0.4855018 -0.2298297 -0.5484336 0.8039895 -0.2245213 -0.5286383 0.8186158 -0.1008417 -0.5629342 0.8203268 0.3840045 -0.7808229 0.4928046 0.2660043 -0.7975189 0.5414843 0.388811 -0.7677188 0.5093466 0.6479775 -0.7009579 -0.2979651 0.6568601 -0.6820976 -0.3213684 0.4462155 -0.7783506 -0.4416584 0.09831428 -0.5873662 -0.8033276 0.09785127 -0.595463 -0.7974014 -0.03285169 -0.5933007 -0.8043103 -0.9710174 0.05973547 0.2314234 -0.972454 0.08893394 0.2154626 -0.9354248 0.1471811 0.3214316 -0.9939537 0.09454929 -0.05582612 -0.9863153 0.02867102 -0.1623584 -0.9892122 0.1257752 -0.07509875 0.7457231 0.6452984 0.1657921 0.7753521 0.6073942 0.1729204 0.6161724 0.7317263 0.2913901 0.2861703 0.5934867 0.7522501 0.2870026 0.5885007 0.7558416 0.1604271 0.5943333 0.7880553 -0.9897507 0.142665 -0.006348192 -0.9945461 0.03716844 0.09744995 0.263662 -0.9594376 0.0998097 0.4797591 0.10045 0.8716313 0.2701745 0.01453906 0.9627016 0.2442082 0.1094462 0.9635268 -0.302608 0.0374211 0.9523802 -0.2380951 0.03447997 0.9706297 -0.09498882 0.008094549 0.9954454 -0.2507411 0.05012947 0.9667554 -0.2094032 0.04063618 0.9769847 -0.2522136 0.03161835 0.9671549 0.3099274 0.03930509 -0.9499475 0.5291551 0.1066473 -0.8417964 0.526088 0.1154749 -0.8425539 -0.5176712 0.02088272 -0.8553248 -0.3408192 0.03148496 -0.9396015 -0.3417504 0.06061899 -0.9378337 -0.2701323 -0.01763451 -0.9626618 -0.2283927 -0.0029127 -0.9735648 -0.2722992 -0.003679275 -0.9622057 -0.8288991 -0.04981863 -0.5571756 -0.9207456 -0.05664753 -0.3860294 -0.942853 -0.03747558 -0.3310949 -0.9403764 -0.00967741 -0.3399979 -0.9580985 -0.003096044 -0.2864223 -0.9409724 -0.01966631 -0.3379117 0.2939131 0.103899 0.9501685 0.2947703 0.2752923 0.9150546 0.2812467 0.2765926 0.9189107 0.4658238 0.251871 0.8482742 0.4731051 0.2507183 0.8445779 0.4423391 0.4300882 0.7869945 0.1687537 0.7547329 0.6339562 0.3696744 0.7373247 0.5654142 0.2495738 0.677795 0.6915974 -0.9374058 0.3360635 0.09127819 -0.9576354 0.2801198 0.06684046 -0.9378263 0.33026 0.1068186 0.1518899 -0.1997296 -0.968007 -0.1464529 0.1062136 -0.983499 0.1577146 -0.2318055 0.9598918 -0.3676316 0.1799985 0.9123857 0.8063404 -0.4864804 0.3363807 1 0 0 0.9999999 1.66763e-4 -4.78012e-4 0.988515 0.07488346 -0.1312657 0.848713 -0.4085572 -0.3358086 0.6843625 0.2033608 0.7002088 0.9034563 0.4236044 -0.06577104 0.9794446 0.1705302 -0.1077391 0.9475402 -0.1064596 0.3013867 0.5678712 0.4879202 -0.6629149 0.8384051 0.5448288 -0.01544553 0.822646 0.428964 0.3731533 1 -1.37383e-7 0 0.61164 -0.7518509 -0.246205 0.7699279 -0.2391192 0.591636 0.9998717 0.01601368 -3.97001e-4 0.526446 0.5404795 -0.6563052 0.898769 -0.3971182 0.1857724 0.8649752 0.02351635 0.5012633 0.9646463 0.2504491 0.0820527 0.9776439 -0.159596 -0.1369008 0.8748495 0.373662 -0.3082453 0.9972783 -0.02870893 -0.06790947 0.9935283 -0.1075316 -0.03658455 0.9999992 0.00133562 -1.23779e-4 1 1.60938e-4 -3.4482e-4 0.1168661 -0.6945273 0.7099115 0.120833 -0.7704878 0.6258978 0.1224465 -0.7555813 0.643509 0.2584534 -0.6522878 0.7125465 0.2592169 -0.6654881 0.6999516 0.247686 -0.6592332 0.7099741 0.2967735 -0.6149891 0.7305573 0.3105976 -0.6355109 0.7068629 0.2975822 -0.7187665 0.6283466 0.2334558 -0.3977907 0.8872774 0.2336387 -0.3829265 0.8937451 0.2177858 -0.4311068 0.8756234 0.04341083 0.821126 0.5690937 0.04589432 0.8228749 0.5663663 -0.02986794 0.8482443 0.5287625 0.03614503 0.6382338 0.7689936 0.003755331 0.6790584 0.7340747 -0.001833856 0.6893199 0.7244548 -0.07084733 0.6729086 0.7363252 -0.06868487 0.6732128 0.736252 -0.07025933 0.7732066 0.6302501 0.161259 0.6823432 0.7130241 0.2213776 0.7214589 0.6561167 0.2111502 0.7120141 0.6696652 0.03820806 0.6471663 -0.7613909 0.00112909 0.6977893 -0.7163022 0.004847049 0.6866484 -0.7269735 -0.06938517 0.5447645 -0.8357137 -0.1099827 0.4684537 -0.8766157 -0.07845908 0.5475311 -0.8330991 0.01305097 0.7310882 -0.6821581 0.01955395 0.6390601 -0.7689082 0.02329105 0.6241818 -0.7809319 0.1684977 0.4175683 -0.892886 0.1752106 0.5316959 -0.8286138 0.1356329 0.5440472 -0.8280196 -0.117177 -0.7593373 -0.6400598 -0.1170524 -0.6573653 -0.7444258 -0.135265 -0.6706382 -0.7293475 0.001441478 -0.785287 -0.6191302 -0.04075151 -0.7461693 -0.6645079 -0.03593808 -0.7612663 -0.6474428 -0.0501421 -0.7510164 -0.658377 -0.0547809 -0.7151266 -0.6968451 -0.0570982 -0.6989561 -0.7128816 -0.04899859 -0.6082582 -0.7922254 -0.009142518 -0.6387146 -0.7693895 -0.01100409 -0.6405295 -0.7678548 0.06559675 0.7694554 -0.6353233 0.0192157 0.7586797 -0.6511805 0.03900599 0.7444971 -0.6664853 -0.09421861 0.106554 -0.9898329 -0.08294272 -0.02747464 -0.9961755 -0.08279317 0.1183164 -0.9895184 -0.2057636 -0.169354 0.9638364 -0.2177127 -0.1680808 0.9614313 -0.2057869 -0.02408617 0.9783004 0.111491 0.4035395 -0.9081441 0.1328688 0.5175406 -0.8452796 0.07487428 0.4166868 -0.9059614 -0.1729327 -0.03647267 -0.9842581 -0.1784627 -0.03430503 -0.9833485 -0.1792668 -0.04519844 -0.9827617 -0.002163648 -0.6212339 -0.7836222 -0.02926266 -0.6613473 -0.7495088 -0.004979014 -0.6201602 -0.7844594 0.1298155 -0.4489469 -0.8840785 0.1416962 -0.4474321 -0.8830214 0.12985 -0.3143132 -0.9403969 -0.2125846 0.1891716 -0.9586564 -0.1893511 0.1496097 -0.9704449 -0.2257481 0.2218295 -0.9485934 -0.004541456 -0.7917031 -0.6108891 -0.01536464 -0.7792286 -0.6265514 -0.005583286 -0.7920243 -0.610464 0.1704581 -0.9545003 -0.2446899 0.1657807 -0.9087087 -0.3830995 0.1658313 -0.9552883 -0.2447942 -0.2705482 -0.9489622 0.1620941 -0.2860742 -0.9442781 0.1627899 -0.2705096 -0.9135525 0.3037208 0.03395938 -0.8136448 0.5803697 0.03043341 -0.8119886 0.5828794 0.04680681 -0.8022571 0.5951411 0.0926311 -0.5757833 0.8123382 0.1146225 -0.6180035 0.7777748 0.08014035 -0.5821447 0.8091261 -0.1978209 -0.1155193 0.9734076 -0.2321183 -0.1246279 0.9646704 -0.2328754 -0.04229998 0.9715862 -0.09530913 0.01393961 0.9953502 -0.1005243 0.004610121 0.994924 -0.1045567 0.01459616 0.9944119 0.04053848 0.5470711 0.8361039 0.0111137 0.5523164 0.8335605 0.05087709 0.6514062 0.7570216 0.006941258 0.6653068 -0.7465378 0.00904411 0.6661434 -0.7457689 -0.02845901 0.5975677 -0.8013132 0.07933109 0.6992779 -0.7104344 0.08258426 0.7050518 -0.7043307 0.06118917 0.686722 -0.7243402 0.02734863 0.6585107 -0.7520744 0.05033493 0.6856399 -0.7261986 0.04455983 0.7331227 -0.6786351 0.02124089 0.6950412 -0.7186561 0.01710069 0.6935514 -0.7202042 0.02946341 0.7060161 -0.7075827 -0.09141182 -0.6882632 -0.7196789 -0.09639519 -0.685805 -0.7213734 -0.1034017 -0.7595725 -0.6421508 -0.007123768 -0.7919835 -0.6105011 -0.03895455 -0.751435 -0.6586562 -0.03614634 -0.7548246 -0.65493 0.09088343 -0.7226797 -0.685182 0.1014612 -0.714803 -0.6919264 0.1066464 -0.7092412 -0.6968527 0.1125783 -0.7242612 -0.6802734 0.1291575 -0.7109678 -0.691262 0.124485 -0.6514465 -0.7484123 -0.02478975 -0.6317397 -0.7747842 -0.005684554 -0.6176162 -0.786459 -0.00655663 -0.6172548 -0.786736 -0.09117984 -0.7448338 0.6609908 -0.1028689 -0.7371287 0.6678767 -0.09872746 -0.6711591 0.7347097 -0.05206108 -0.6533715 0.7552453 -0.1000975 -0.7110978 0.6959314 -0.09882479 -0.7055119 0.701774 0.03417116 -0.6389003 0.7685303 0.01224797 -0.6261311 0.7796216 0.01289582 -0.6257443 0.7799217 0.1761919 -0.6580527 0.7320677 0.1798003 -0.6552285 0.7337217 0.1962571 -0.7256157 0.6595188 0.01412856 -0.7524316 0.6585189 0.04148161 -0.7549178 0.6545063 0.03214985 -0.7563372 0.6533916 -0.1655448 0.6957405 0.6989565 -0.1906362 0.7170133 0.6704848 -0.1643462 0.759711 0.62915 -0.02304685 0.7928017 0.6090438 -0.03374075 0.787349 0.6155837 -0.0313071 0.7893205 0.6131827 0.09350425 0.7795767 0.6192877 0.1222152 0.7434886 0.6574862 0.09937989 0.7141382 0.6929143 -0.01268285 0.6186553 0.7855603 0.001216113 0.7007888 0.7133679 -4.78271e-4 0.6907398 0.7231033 0.02275401 0.5976324 0.8014474 -0.01598399 0.6656954 0.7460524 -0.01941418 0.6749235 0.7376323 -0.2006458 -0.9794422 0.0208373 -0.1833408 -0.9826893 -0.02660536 -0.1832578 -0.9827078 -0.02649849 -0.1143266 -0.9934296 -0.005224645 -0.09594166 -0.9947715 -0.03499674 -0.0403546 -0.9949734 -0.09164947 -0.01897245 -0.9537979 -0.2998494 -0.007401406 -0.9785028 -0.2061007 -0.01383244 -0.9763538 -0.2157362 0.258341 -0.9660238 -0.007613062 0.2982665 -0.9538146 0.03570467 0.2665573 -0.9637501 -0.01153641 0.1771674 -0.9829295 0.04961276 0.1854754 -0.9826423 -0.003620266 0.1509063 -0.9873724 -0.04819971 6.77371e-4 -0.966874 0.2552536 -0.0103175 -0.9824764 0.1861013 -0.002617537 -0.982469 0.1864082 0.020989 -0.6488726 -0.7606076 0.02329325 -0.6225659 -0.7822206 0.01708865 -0.6231154 -0.7819432 -0.06771606 -0.1478838 -0.9866838 -0.0591768 -0.1477998 -0.9872453 -0.04211354 -0.03450018 -0.998517 0.07307779 0.01474881 -0.9972172 0.08901977 0.1282117 -0.9877435 0.08159017 0.1269952 -0.988542 -0.075369 0.47652 -0.8759271 -0.07195109 0.4772791 -0.8758012 -0.07312035 0.5752648 -0.8146924 -0.03836095 0.5927922 -0.8044414 -0.0410121 0.593916 -0.8034812 0.003882646 0.6581043 -0.7529168 0.00150007 -0.9872286 -0.1593033 0.005884051 -0.9733858 -0.2290972 0.003686487 -0.9733952 -0.2291031 -0.01318436 -0.8072298 -0.5900901 -0.004368543 -0.8072711 -0.5901646 -0.006887853 -0.7682642 -0.640096 0.00733745 -0.7729872 0.6343793 0.01510268 -0.811449 0.5842281 0.005723297 -0.8116462 0.5841215 0.007401943 -0.9470482 0.3210063 0.01057481 -0.9469739 0.3211365 0.01692283 -0.9672297 0.2533384 0.001582503 -0.6146318 0.7888126 0.008401572 -0.613444 0.7896935 0.01223355 -0.6397001 0.7685273 -0.01770019 0.6743932 0.7381603 0.003934681 0.6049456 0.796257 -0.003165781 0.6036604 0.7972353 0.1101847 0.2425061 0.9638724 0.07632786 0.1382666 0.9874495 0.07911193 0.1362946 0.9875046 -0.08864015 0.03500574 0.9954484 -0.09198325 0.03737914 0.9950588 -0.1247119 -0.07135909 0.9896237 0.0174458 0.7398508 -0.6725448 0.02349513 0.7392367 -0.6730359 0.01585859 0.7427017 -0.6694347 -0.09747833 0.9297526 -0.3550469 -0.08766573 0.9309104 -0.3545709 -0.07076865 0.9659423 -0.2488922 0.04927903 0.9737759 -0.2221084 0.08308786 0.9902701 -0.1116311 0.07245111 0.9911291 -0.1114192 -0.01145076 0.8027444 0.5962134 -0.006067991 0.7971976 0.603688 -0.01051974 0.8001119 0.5997586 -0.9969069 0.07858699 7.63658e-4 -0.9166591 -0.1885438 0.3524023 -1 1.36064e-5 2.16158e-5 -0.9968878 0.001045286 -0.07882642 -0.5542683 -0.3962831 -0.731947 -1 -1.97786e-4 -1.27033e-4 -0.9304347 0.3247599 0.1697717 -1 5.39735e-5 -7.47806e-5 -0.7348938 -0.6068301 0.302801 -1 0 0 -0.9255918 -0.3699555 -0.08007907 -0.7722508 0.5545632 -0.3099814 -1 1.07517e-5 3.12957e-5 -0.9961951 0.007835209 0.08679759 -1 -2.00734e-5 -1.15079e-4 -1 7.46558e-5 1.61597e-5 -0.9373096 -0.1833868 0.2963445 -1 -9.10009e-6 -1.55085e-5 -0.5951175 -0.3334655 0.7311881 -0.3745191 0.2319722 -0.8977329 -1 -8.62015e-5 1.39484e-6 -0.8412532 0.4529396 -0.295193 -0.2412231 0.8041122 -0.543337 -0.1393027 0.78772 -0.6000767 -0.2412084 0.6302377 -0.7379831 -0.619256 -0.4126722 -0.6679998 -0.5828725 -0.1895443 -0.7901472 -0.5829019 -0.4302608 -0.6892757 -0.5904289 -0.2016934 -0.7814817 -0.6323808 -0.1991163 -0.7486303 -0.5904508 -0.4405313 -0.6762396 0.7801741 -0.6235707 0.04987972 0.7622749 -0.6126697 -0.2087411 0.762175 -0.6454224 0.05019247 -0.3229826 -0.806025 0.49599 -0.2490901 -0.8090949 0.5322779 -0.3229653 -0.6399031 0.6972931 -0.3879663 0.2513112 0.8867496 -0.3556052 -7.85917e-4 0.934636 -0.3556277 0.2576838 0.8984031 -0.5719799 0.2879775 0.7680547 -0.6169626 0.2827577 0.7344422 -0.5720508 0.514646 0.6386685 0.7959727 0.5938113 -0.1175398 0.7803317 0.6091971 0.141285 0.7803675 0.6137632 -0.119672 0.5967281 0.3218291 -0.7350793 0.6410412 0.5118759 -0.5718822 0.5511825 0.3511868 -0.756879 -0.2024405 -0.9781972 0.0463503 -0.1939922 -0.9795863 0.05270469 -0.3364328 -0.9056082 0.2582378 -0.2839351 0.4874466 0.8256978 -0.2929266 0.2459982 0.9239475 -0.2929101 0.4866858 0.8230072 -0.4491871 0.6587187 0.6035898 -0.4853122 0.6471257 0.5879629 -0.4492053 0.8050378 0.3874645 -0.2675043 -0.008010149 -0.9635233 -0.344931 0.008154451 -0.9385927 -0.3810266 -0.2327492 -0.8947886 0.4592248 -0.8836279 -0.09118318 0.4368145 -0.8309361 -0.3445845 0.4368029 -0.8948872 -0.09154367 -0.3220427 -0.4346774 0.8410375 -0.3496524 -0.4283817 0.8332061 -0.3219734 -0.18852 0.9277896 0.5203316 0.8220647 0.2312244 0.5740997 0.6896048 0.4414237 0.4716094 0.8434673 0.2571915 -0.2820455 0.9592938 -0.01434636 -0.2728384 0.9618307 -0.02099859 -0.4043509 0.8845673 -0.2324673 -0.3368258 -0.2589393 -0.9052618 -0.3399739 -3.63961e-4 -0.9404349 -0.3399621 -0.2588225 -0.9041221 -0.6165006 -0.5697805 -0.5433942 -0.6436243 -0.554565 -0.5274519 -0.6165255 -0.7160958 -0.3272662 0.6207323 -0.2797465 0.7324162 0.6515518 -0.4821372 0.5856826 0.5673943 -0.3099756 0.7628754 -0.3281134 0.2735147 -0.9041745 -0.3435988 0.2669985 -0.900362 -0.2595068 0.02922725 -0.9652989 0.5378039 0.7493922 0.3862363 0.4094554 0.6842404 0.603458 0.527046 0.7587908 0.3827 1 1.61738e-4 1.84676e-4 1 3.03235e-5 1.00372e-4 1 5.18993e-5 1.50371e-4 1 5.14569e-5 3.97938e-4 1 -3.87777e-4 3.64264e-4 1 -3.87287e-4 4.21832e-5 1 1.06666e-4 -2.8024e-4 1 9.18516e-5 9.95577e-5 1 -6.37825e-5 -1.42563e-4 1 3.56358e-4 -5.88448e-5 0.9957181 -0.0903384 -0.01960915 0.9999738 0.006142377 -0.003859698 0.9999708 0.002071261 0.007368206 1 1.00549e-4 1.97414e-4 0.9955058 -0.0663315 0.06758975 0.9957809 0.09175974 7.33763e-4 -0.5988083 0.6276103 0.497528 -0.5279517 0.6589416 0.5357826 -0.7289952 0.544035 0.4154419 -0.9916501 0.04023259 0.1225219 -0.9978326 -0.02172845 0.06211352 -0.9982722 -0.05131179 0.02863132 -0.6041513 -0.468779 -0.644397 -0.605966 -0.4799382 -0.634401 -0.3803421 -0.5766311 -0.7230744 0.4033452 -0.7593559 -0.5105794 0.4030911 -0.7627137 -0.5057523 0.5192357 -0.7156989 -0.4670861 0.9788012 0.2046389 -0.008433461 0.9894088 0.1083425 -0.09660392 0.9725571 0.23115 0.02650129 0.3014609 0.574945 0.7606311 0.3011665 0.5723388 0.7627103 0.175075 0.6007378 0.7800403 -0.9865002 0.1462762 -0.07362592 -0.9859978 0.1535385 -0.06507146 -0.9983161 0.0547142 0.01927101 -0.8340248 -0.465824 0.2956532 -0.8981615 -0.3795909 0.2218482 -0.8345162 -0.4611465 0.3015406 0.09175223 -0.6128476 0.7848562 0.09203535 -0.605907 0.7901939 0.2211134 -0.5965393 0.7715243 0.9478535 -0.31475 0.05006211 0.9505637 -0.3040733 0.062994 0.974809 -0.2202938 -0.03490239 0.6579067 0.6714631 -0.3410221 0.6577913 0.6718014 -0.3405782 0.5556076 0.7301055 -0.3978018 -0.5824107 0.5391388 -0.6083809 -0.4728618 0.588896 -0.6554414 -0.583025 0.5520313 -0.5961069 -0.9779992 -0.2076201 -0.02028405 -0.9770815 -0.2122829 -0.01574391 -0.948057 -0.2983435 -0.1103596 -0.5453925 0.687685 0.4792039 -0.5441449 0.6936202 0.4720143 -0.4320283 0.7333357 0.5249481 0.1848019 0.630736 0.7536713 0.3119171 0.608487 0.7296927 0.3108887 0.6002101 0.7369506 0.9842867 0.1743787 -0.02778267 0.9833067 0.1789579 -0.03289842 0.9892984 0.08195668 -0.1207143 0.7173413 -0.5529735 -0.4238418 0.7181206 -0.5461791 -0.431267 0.5140548 -0.6614529 -0.5461024 -0.1835978 -0.5972184 -0.7807831 -0.1836084 -0.5912258 -0.7853281 -0.31009 -0.5722165 -0.7592184 -0.7193143 -0.3778286 0.5829516 -0.7202867 -0.3853124 0.5768201 -0.8725599 -0.2330824 0.4293157 -0.9052375 0.1996586 -0.3750756 -0.7670758 0.3495596 -0.5379619 -0.7676374 0.354297 -0.5340474 -0.04972231 0.7787919 -0.6253088 -0.1789969 0.7640794 -0.6197926 -0.0494095 0.7734494 -0.6319295 0.6218777 0.4848468 -0.614973 0.8016864 0.344544 -0.4884549 0.8026288 0.3520532 -0.4815037 0.9278511 -0.172944 0.330428 0.9297473 -0.1838374 0.3190202 0.8058205 -0.3498611 0.4777559 0.3452458 -0.7502102 0.5639061 0.3448804 -0.7538232 0.5592927 0.219743 -0.7785072 0.5879111 -0.7590439 0.6506581 -0.02227997 -0.7592425 0.6504338 -0.02206093 -0.7590321 0.6506711 -0.0223037 -0.8681561 0.4846718 -0.1067634 -0.1751075 0.2046968 0.9630351 -0.1757428 0.2036366 0.9631443 -0.2843845 0.261964 0.9222258 -0.552478 0.3425375 0.7598922 -0.5416006 0.3548111 0.762088 -0.4753976 0.2904688 0.8304367 0.8428651 -0.0819258 0.5318521 0.7186613 -0.1224555 0.684493 0.7181614 -0.1039067 0.6880753 -0.1074829 0.1798704 0.9778006 -0.1214621 0.1149607 0.9859163 -0.1815225 0.118936 0.976168 0.9957706 -0.009370684 -0.09139579 0.9732954 0.2187119 0.06972277 0.1640165 0.1381064 -0.9767422 0.06233274 0.1143493 -0.9914832 0.1729974 0.1162186 -0.9780415 -0.01045536 0.02427381 -0.9996507 0.008148491 0.00863415 -0.9999296 0.01087248 0.05971378 -0.9981564 -0.1337927 0.04298406 0.9900768 -0.7287334 0.6847015 -0.01147115 -0.7290373 0.6844187 -0.008701264 -0.5281372 0.8490918 0.01070016 0.2465261 -0.9633765 0.1055023 0.2462115 -0.9644324 0.09617716 -0.009189426 -0.9968693 0.07853168 -0.5401628 -0.8225879 -0.1776893 -0.7308064 -0.6483963 -0.2133177 -0.7324677 -0.6495299 -0.2039657 0.1111751 0.9937804 0.006388902 0.1106743 0.9938496 -0.003767311 0.3613792 0.9318762 -0.03181236 0.5441096 0.8273525 -0.1394012 0.7364567 0.6544597 -0.1712136 0.7376442 0.6553418 -0.1625058 0.0259518 0.008833706 -0.9996243 -2.07095e-6 -5.83226e-7 -1 -0.004469931 -0.02696335 -0.9996265 0.004111766 -0.01077312 -0.9999336 -0.00787729 0.01025235 -0.9999164 0.01153153 0.01472872 -0.9998251 -4.92673e-7 -7.51028e-7 -1 0.003676712 0.08539938 -0.9963401 0 -1.36946e-6 -1 0.02927571 0.0609259 -0.9977129 0.009841501 4.10079e-4 -0.9999516 -7.48207e-6 -2.55154e-7 -1 -0.01401466 -0.00646913 -0.9998809 0.04089885 -0.06904244 -0.9967751 0.04324024 -0.05627864 -0.9974783 0.04396629 -0.08319038 -0.9955633 0.006071567 -7.97239e-4 -0.9999814 -3.04876e-6 1.62971e-6 -1 1.32171e-6 3.72222e-7 -1 -0.06561893 -0.01536804 -0.9977265 -0.001398026 0.005491733 -0.999984 -0.01454609 -0.001442313 -0.9998933 4.45654e-4 -0.04496997 -0.9989883 6.05547e-6 -1.37746e-5 -1 -0.02323639 0.009656548 -0.9996834 -0.00209546 0.005491852 -0.9999828 -0.03009223 -0.007882654 -0.9995161 0.1259363 0.9916643 0.02724194 0.1259432 0.9916656 0.02716368 0.2654778 0.9636574 0.02976429 0.5375173 0.842381 -0.0383349 0.651653 0.7577955 -0.03308278 0.6516674 0.7577744 -0.03328555 0.8597667 0.5092673 0.03805375 0.8599149 0.5091362 0.03642618 0.9232373 0.3822028 0.03942161 0.9798237 0.1977069 -0.02928566 0.9978138 0.05650341 -0.03427934 0.9978734 0.05657237 -0.03237819 0.9179233 -0.396755 0.001557111 0.8534302 -0.5203354 0.03013312 0.8530269 -0.5212048 0.02628403 0.8442257 -0.534191 0.04385417 0.8443188 -0.5339408 0.04508864 0.7600625 -0.6473146 0.05734866 0.2918894 -0.9555847 -0.04072624 0.1540776 -0.987589 -0.03046464 0.1538508 -0.9875836 -0.03175771 0.002968728 -0.9998049 0.01953417 0.0030905 -0.999791 0.02020734 -0.1381415 -0.9899078 0.03161501 -0.5006223 -0.8649368 -0.03552073 -0.6182548 -0.785548 -0.02598863 -0.6182747 -0.7855256 -0.02619254 -0.8168805 -0.5752776 0.04197633 -0.8168466 -0.5753037 0.04227763 -0.8898896 -0.4535274 0.04908758 -0.9889053 0.1387094 -0.05316126 -0.988676 0.1376775 -0.05970561 -0.9579646 0.2749373 -0.08193445 -0.9930985 -0.1009321 0.05973428 -0.9986877 0.039025 0.03316646 -0.9984363 0.03972715 0.03932702 -0.8086435 0.5874673 -0.03127253 -0.7173336 0.6963586 -0.0227434 -0.7172248 0.6964337 -0.02385187 -0.5530063 0.832933 0.02017092 -0.5529948 0.8329439 0.02003133 -0.4292063 0.9028428 0.02563273 -0.271967 0.9621171 -0.0190947 -0.132592 0.9910578 -0.01495873 -0.1326599 0.9910594 -0.0142349 0.04252749 -0.02661442 0.9987408 0.0156061 -0.01993775 0.9996795 -0.03465217 -0.01567202 0.9992766 -0.03149735 0.01234972 0.9994276 0.01903253 0.03492134 0.9992088 0.05887979 0.04100078 0.9974228 0.020455 0.02987718 0.9993443 0.008712828 -0.05226731 0.9985951 -0.005549192 -0.01018172 0.9999328 -0.02364045 0.03305655 0.9991739 -0.02256435 0.01412123 0.9996457 0.3740341 0.8794721 -0.2943251 0.5200673 0.8203666 -0.2377575 0.5223949 0.817977 -0.2408675 0.6484993 0.7085298 0.2782703 0.6454807 0.7100601 0.2813705 0.7420639 0.5811642 0.3340499 0.8441306 -0.4193709 -0.3340233 0.7781337 -0.5630303 -0.278397 0.7754915 -0.5651336 -0.2814907 0.6749107 -0.6985719 0.2376823 0.6767226 -0.6957393 0.2408184 0.5438225 -0.7858992 0.2943121 -0.3740347 -0.8794719 -0.2943254 -0.5200678 -0.8203663 -0.2377577 -0.5224115 -0.8179597 -0.2408906 -0.6484984 -0.7085305 0.2782704 -0.6454797 -0.710061 0.2813706 -0.7420632 -0.5811651 0.3340502 -0.8441309 0.4193717 -0.3340218 -0.7781338 0.563031 -0.2783954 -0.7754917 0.5651342 -0.2814892 -0.6749113 0.6985713 0.2376826 -0.6767232 0.6957386 0.2408187 -0.5438232 0.7858986 0.2943124 -1.49053e-7 0 1 0 0 1 6.16616e-7 0 1 0.09962362 0.9930991 -0.06188136 0.3517376 0.9353257 -0.03803533 0.3521292 0.9350771 -0.04044866 0.7793452 0.6146337 0.1218467 0.7794295 0.6146109 0.1214219 0.9107607 0.3909676 0.132888 0.8937529 -0.4469695 -0.03773736 0.7474414 -0.6623252 -0.05154389 0.7476361 -0.6624273 -0.04722779 -0.736135 -0.6754918 0.04261839 -0.881788 -0.4644108 0.08229553 -0.8827976 -0.4634507 0.07669401 -0.7866243 -0.6160335 0.0415365 -0.7859064 -0.6166726 0.04545503 -0.916128 -0.3938896 0.07456868 -0.4263319 -0.8697365 -0.2485949 -0.1848005 -0.9582791 -0.2180598 -0.4321601 -0.8750166 -0.2181367 0.1168026 0.9912045 0.06221783 -0.1379132 0.9902027 0.02187979 0.1230763 0.9921562 0.02187085 0.2304069 -0.9678093 -0.1012818 0.4734075 -0.8737797 -0.1113314 0.2296341 -0.9668881 -0.111336 -0.05921775 -0.994597 0.08526504 0.1920222 -0.9807195 0.0362879 -0.0684669 -0.9969939 0.03626894 -0.2304052 0.9678097 -0.1012812 -0.473448 0.8737577 -0.11133 -0.2296323 0.9668885 -0.1113353 0.2794763 0.9301859 -0.2380069 0.02870553 0.9791463 -0.2011187 0.2862435 0.9367954 -0.2011942 -0.4920191 -0.8609424 -0.1292115 -0.2501782 -0.9586542 -0.1356212 -0.4918335 -0.8600535 -0.1356762 -0.4965492 0.8618383 -0.1033134 -0.7029182 0.7024731 -0.1115248 -0.4957813 0.8612611 -0.111491 0.9892146 -0.09079056 -0.114942 0.977668 0.1696358 -0.1240525 0.9880871 -0.09115308 -0.1239963 -0.9892143 0.09079045 -0.1149445 -0.9776677 -0.1696359 -0.124055 -0.9880868 0.09115296 -0.1239988 0.4920184 0.8609428 -0.1292114 0.2501772 0.9586544 -0.1356214 0.4918326 0.8600539 -0.1356762 0.49651 -0.8618615 -0.1033093 0.7028856 -0.7025055 -0.1115248 0.4957414 -0.8612843 -0.1114898 0.3860716 -0.2727692 0.8812184 0.3721255 -0.264432 0.8897182 0.3117453 -0.2599471 0.9139159 0.4965234 0.3420132 0.7978042 0.5018298 0.331439 0.7989463 0.4837983 0.3106768 0.8181805 0.3744294 0.2267397 0.8991062 0.3766195 0.1779316 0.9091194 0.3776119 0.225109 0.8981844 0.4108121 0.2000523 0.8895013 0.4166128 0.1800898 0.8910677 0.4247876 0.2240929 0.8771191 0.2847085 -0.03845089 0.9578427 0.2616876 -0.07673132 0.9620977 0.274051 -0.1691233 0.9467277 0.2707302 -0.1126079 0.9560465 0.2360081 -0.1586357 0.9587152 0.2592554 -0.1328306 0.9566309 0.4014796 0.1865865 0.8966602 0.4375591 0.205843 0.8753117 0.4195539 0.195796 0.8863626 0.3512006 0.1010759 0.9308286 0.3180563 0.1000902 0.9427736 0.3015305 0.07867658 0.9502049 -0.3628554 0.2157779 0.9065185 -0.3493858 0.2101492 0.9131084 -0.3238146 0.2123049 0.9219928 -0.4642109 0.2611241 0.8463583 -0.5008999 0.2605133 0.825368 -0.4762032 0.2607515 0.8397853 0.08477544 0.2104937 0.9739125 0.08988511 0.153671 0.9840254 0.09991413 0.1600134 0.9820452 -0.3320949 0.2423746 0.9115743 -0.369572 0.2645973 0.8907328 -0.3942418 0.2458119 0.8855224 -0.01450353 0.3842827 0.9231016 0.02121955 0.4138078 0.910117 0.02336138 0.3984588 0.9168887 -0.005089998 0.2704149 0.9627304 0.03691279 0.2860681 0.9574981 -0.001796483 0.2558363 0.9667185 -0.2760586 0.2550263 0.9266894 -0.3019018 0.2666118 0.9152997 -0.3298815 0.258055 0.9080671 -0.2606326 0.2457407 0.9336392 -0.334955 0.2686227 0.9031319 -0.3025707 0.2371019 0.9231651 -0.01234626 -0.4385645 0.8986149 -0.01526999 -0.4244556 0.90532 -0.03011828 -0.4041413 0.9142006 0.04008179 -0.5955054 0.8023509 0.02856439 -0.5941602 0.8038394 0.0152266 -0.5627841 0.8264637 -0.3276932 -0.1555181 0.9318967 -0.3615721 -0.19051 0.9126728 -0.3145812 -0.1650657 0.9347685 -0.01029151 -0.4608855 0.8874 -0.04294228 -0.4077886 0.9120661 -0.03502041 -0.4497846 0.8924502 -0.1209797 -0.3379464 0.9333575 -0.1023035 -0.3197948 0.9419476 -0.1272532 -0.2572355 0.9579336 -0.07743179 -0.4341071 0.8975274 -0.08317029 -0.3809154 0.9208616 -0.08742797 -0.4033972 0.9108387 -0.3523977 -0.1793863 0.9184968 -0.3144848 -0.1731818 0.9333314 -0.3573596 -0.2122846 0.9095215 -0.2516762 -0.153621 0.9555417 -0.2859476 -0.1254956 0.9499921 -0.2386992 -0.1411567 0.9607797 -0.6271346 -0.2572891 -0.7351901 -0.6696771 -0.2541096 -0.6978259 -0.6397894 -0.2548069 -0.7250815 -0.2948196 0.03404283 -0.9549464 -0.40623 0.07861924 -0.9103826 -0.3373676 0.09553164 -0.9365132 -0.01670354 -0.04911834 -0.9986534 0.08715283 0.01951831 -0.9960038 0.06552666 0.00566864 -0.9978348 -0.3618645 0.09193617 -0.9276863 -0.3738234 0.02642768 -0.9271234 -0.3389955 0.05042135 -0.9394359 0.2914683 0.1575273 -0.9435208 0.2285358 0.1882655 -0.9551584 0.1154474 0.2293611 -0.9664706 0.2386735 0.1333411 -0.9619019 0.1420344 0.07857698 -0.9867381 0.1772691 0.09781128 -0.9792899 -0.3694714 -0.3396379 -0.8649491 -0.4272979 -0.3192054 -0.8458868 -0.420003 -0.3644101 -0.8311455 -0.251174 -0.09936243 -0.9628286 -0.2181861 -0.09903031 -0.9708696 -0.2796286 -0.04003739 -0.9592732 -0.4849983 -0.1903235 -0.8535536 -0.4266964 -0.2709295 -0.86286 -0.4594615 -0.1903265 -0.8675662 -0.6077438 -0.2820618 -0.7423535 -0.6072632 -0.2575545 -0.7515964 -0.6352916 -0.2719468 -0.7228068 0.04733747 0.1056561 -0.9932754 -0.1113536 0.07702291 -0.9907916 -0.07784175 0.09994947 -0.991943 -0.01278382 0.4712575 -0.8819031 -0.04699212 0.4892144 -0.8708968 -0.03544539 0.4609495 -0.8867183 0.2194098 0.1750507 -0.9598003 0.259548 0.1802319 -0.948763 0.2410839 0.2078931 -0.9479764 0.1239906 0.4003658 -0.9079282 0.1325966 0.448364 -0.8839615 0.1025545 0.4289805 -0.8974733 -0.03993123 -0.2716996 -0.9615533 -0.001168429 -0.3309456 -0.9436492 0.06225621 -0.4479337 -0.8918966 -0.05128037 -0.3858678 -0.9211279 -0.04038584 -0.541722 -0.839587 0.02374988 -0.5356226 -0.8441234 0.3566339 0.2023097 -0.9120762 0.3220102 0.162428 -0.9326987 0.3376485 0.1620789 -0.9272131 0.0179364 0.03194671 -0.9993286 0.04839885 -0.0939899 -0.994396 0.03124493 0.004428923 -0.999502 0.07046043 0.6891793 -0.7211569 0.09267979 0.6780709 -0.7291299 0.09135925 0.7087112 -0.6995584 0.06048792 0.5659079 -0.8222467 0.09193944 0.5930447 -0.7999033 0.06256568 0.5870841 -0.8071046 0.8987293 0.3751079 -0.2271116 0.9426812 0.2781987 -0.1842759 0.9804114 0.1639055 -0.1092187 0.9285838 0.3427557 -0.1423053 0.9756016 0.2064631 -0.0746622 0.9175525 0.3773264 -0.1253886 0.4668316 0.8829869 0.04901623 0.3093683 0.9492026 0.05749607 0.3959379 0.9160806 0.0634796 0.9770364 -0.16545 0.1342623 0.9201478 -0.3754999 0.1110316 0.9130188 -0.3945512 0.1035668 0.7488842 -0.648266 -0.1375641 0.8100933 -0.5789142 -0.09277582 0.6688786 -0.7282202 -0.1493213 0.2789078 -0.9349668 0.2191978 0.1209813 -0.9732873 0.195129 0.2152689 -0.9519484 0.2178389 -0.9268051 -0.3495443 -0.1372991 -0.9255497 -0.3509392 -0.1421251 -0.9568147 -0.2565991 -0.1366114 -0.9484245 0.1848061 0.2575612 -0.9090497 0.3416701 0.2385166 -0.9331803 0.2487941 0.2593766 -0.1593472 -0.961117 -0.2255275 -0.2645925 -0.9464965 -0.1847577 -0.3798295 -0.9188601 -0.1068904 -0.1809752 -0.9649537 -0.1900327 -0.3243271 -0.937028 -0.129579 -0.1465966 -0.9738839 -0.1733774 0.5935586 -0.7980847 0.1036773 0.530567 -0.8435228 0.08347481 0.666182 -0.7395953 0.09591871 -0.7373467 -0.6713798 0.07462662 -0.7380219 -0.6700379 0.07983005 -0.5685685 -0.8188013 0.07933717 0.5016912 -0.3326352 -0.7985361 0.5309656 -0.3656566 -0.7644416 0.5108817 -0.3411639 -0.7890547 0.414527 -0.3367705 -0.8454307 0.3946805 -0.2920951 -0.8711532 0.3975551 -0.337252 -0.8533528 0.2497934 -0.3902642 -0.88617 0.3025233 -0.370732 -0.8780875 0.3221222 -0.3776544 -0.8681097 -0.4702244 0.2431847 -0.8483809 -0.3542053 0.1864007 -0.9164024 -0.4417586 0.2427608 -0.8636646 -0.4471026 0.3038807 -0.8412824 -0.491714 0.2988042 -0.8178836 -0.3858726 0.2978091 -0.8731622 0.4456952 -0.2934603 -0.8457168 0.3886851 -0.252428 -0.8861175 0.4000747 -0.2948216 -0.8677675 0.1083891 -0.04375773 -0.9931451 -0.03542882 0.06031262 -0.9975506 0.02871334 -0.01247555 -0.9995099 0.2351918 -0.1912757 -0.952942 0.07005429 -0.160049 -0.9846201 0.1790571 -0.1930786 -0.9647068 -0.03649681 -0.1185532 -0.9922767 -0.1226032 -0.001294255 -0.992455 -0.0579735 -0.1202889 -0.9910448 0.5534313 -0.3962922 -0.7325752 0.5319816 -0.4074767 -0.7422657 0.5579449 -0.424629 -0.7130132 0.2224904 -0.2791161 -0.9341264 0.2004416 -0.3288176 -0.9228771 0.2314304 -0.3226414 -0.9177922 -0.9398533 0.3060423 0.1517032 -0.8968791 0.4144905 0.1542901 -0.8335945 0.5396933 0.1176915 -0.9961708 0.06227934 -0.06136041 -0.9898334 -0.09138858 -0.1089859 -0.9956644 -0.008646011 -0.09261715 -0.4110847 0.671136 -0.6169164 -0.2473317 0.7748356 -0.5817705 -0.2427079 0.7794694 -0.5775122 -0.3444697 0.9240773 0.1655954 -0.1343188 0.9788632 0.154225 -0.1124975 0.9819722 0.1519046 0.3666322 0.9115368 -0.1862298 0.4691164 0.8645195 -0.1803767 0.3847506 0.9046227 -0.1833702 0.6527043 0.6666653 0.359909 0.7531374 0.5522829 0.3574463 0.691398 0.6170212 0.3758372 -0.565299 0.8243523 -0.02966946 -0.4326661 0.9009154 -0.03393602 -0.5612174 0.8276365 -0.007286787 -0.04230695 0.02975469 0.9986616 0.03813713 -0.01870715 0.9990974 0.04694396 0.01422929 0.9987962 0.03294467 0.02604377 0.9991178 -0.03486526 -0.03970009 0.9986032 -0.008244693 -0.07128328 0.9974221 -3.77507e-4 -6.17859e-4 0.9999998 -0.03778624 0.04837536 0.9981143 -0.03742349 0.04849404 0.9981222 -0.09222334 -0.1204608 -0.9884251 -0.07271093 0.3549103 -0.9320686 -0.002338826 0.005407571 -0.9999827 0.04952633 0.05475336 -0.9972709 0.03957027 0.05641955 -0.9976227 -0.09774106 -0.1028002 -0.9898883 -0.01479774 -0.04782682 -0.998746 -0.08075803 -0.03848803 -0.9959904 -0.01299649 0.009851217 -0.999867 -0.09920597 -0.01766109 -0.9949102 0.07345837 -0.05112397 -0.9959871 0.03943854 -0.0717889 -0.9966399 0.07598257 -0.04183644 -0.9962311 -0.2235143 0.3222126 -0.9199025 -0.04433465 0.3224484 -0.9455483 0.03175157 0.3652813 -0.9303556 -0.931487 -0.2655293 -0.248649 -0.9395166 -0.2863482 -0.1879187 -0.8269551 -0.5046775 -0.2478825 -0.8971932 -0.395123 -0.1972873 -0.9768353 -0.1592406 -0.1429525 -0.9012426 -0.4090508 -0.142966 -0.04865843 -0.9937992 0.09997791 -0.04730057 -0.9918727 0.1181162 0.2114552 -0.9725836 0.09678846 0.7002562 -0.6956138 -0.1605082 0.4952315 -0.8560993 -0.1477825 0.70193 -0.6967407 -0.1478068 0.9589799 -0.2284687 0.1678085 0.9576361 -0.2276574 0.176367 0.9871892 0.03075551 0.1565624 0.3822923 0.875142 -0.2966129 0.6042272 0.7379202 -0.3006383 0.381559 0.8740757 -0.3006733 -0.02230834 0.9639173 0.2652658 -0.02384072 0.9669563 0.2538255 -0.2793456 0.9198066 0.2755395 0.2493119 0.07132905 0.9657928 -0.05184 0.05114895 0.9973447 0.1113711 -0.1187254 0.9866614 -6.9091e-7 0 1 -0.4305863 -0.04307442 0.9015211 -0.04840743 0.08388507 0.995299 -0.1093996 0.06653404 0.9917687 -0.5091586 -0.5916659 0.6250512 0.004541993 0.133213 0.991077 0.01650327 0.1074032 0.9940786 0.07785952 0.05229783 0.9955918 0.06123131 0.02723526 0.997752 -0.0626946 -0.1260175 0.9900449 -0.01286852 -0.06961202 0.9974911 8.79313e-7 0 1 -0.02742135 0.0584203 0.9979154 -0.1106383 0.07507371 0.9910213 -0.03968471 0.06399792 0.9971607 -0.01935309 0.07142823 0.9972581 -0.01756078 -0.02196151 0.9996046 -0.06370925 0.07934576 0.9948093 0.2886047 -0.1136827 0.9506754 -0.2061606 0.01340883 0.9784263 -0.09818416 -0.1580423 0.9825389 -0.05556708 0.2753071 0.9597491 -0.007410526 0.182363 0.9832034 0.08944892 0.07735437 -0.992983 0.05498296 0.160251 -0.9855439 0.06040346 0.05728465 -0.996529 -0.08491462 0.07100605 -0.993855 0 0 -1 0.1075612 0.06686961 -0.9919472 0.08630484 0.01250505 -0.9961904 -0.3118122 -0.04517978 -0.9490691 0.01444977 -0.07634794 -0.9969766 0.04369056 -0.05375552 -0.9975979 -6.31333e-7 0 -1 -0.8905573 -0.1568675 -0.4269664 0.02103233 0.1069411 -0.9940429 0.06213384 -0.09692072 -0.9933508 -0.2273726 0.354669 -0.9069243 -0.04137247 -0.02490597 -0.9988334 0.3076913 0.185227 -0.9332829 0.00786364 0.09728819 -0.9952253 -0.04033231 0.09807986 -0.9943609 -0.01403731 -0.1131477 -0.9934791 -0.04283893 0.001223087 -0.9990813 0.004904508 0.03613418 -0.9993349 -0.07372075 -0.06383746 -0.9952337 -0.003691673 0.0321061 -0.9994777 -0.1072568 0.03342843 -0.9936693 -1.09432e-6 0 -1 -0.07155627 -0.04301393 -0.9965087 0.7155789 -0.2905079 0.6352576 0.7089986 -0.2960923 0.6400393 0.7052181 -0.1895383 0.6831856 0.2590114 -0.4744664 -0.8413053 0.1912612 -0.5501199 -0.8128883 0.1871954 -0.5495276 -0.8142342 0.05827862 -0.5159652 0.8546249 0.05760955 -0.5164764 0.8543614 -0.03928476 -0.4852606 0.8734866 -0.2005362 -0.4787997 -0.8547142 -0.3012611 -0.4620618 -0.8341107 -0.3002398 -0.4640398 -0.8333805 0.4201748 -0.3664887 -0.8301441 0.3954254 -0.3469854 -0.8504351 0.2672815 -0.489113 -0.8302584 -0.1431796 -0.1815405 0.9729043 0.05143707 -0.1988628 0.9786766 -0.1443346 -0.1953902 0.9700465 -0.2497394 -0.03034478 -0.9678376 -0.2292217 -0.03877437 -0.9726017 -0.1560521 0.1414762 -0.9775645 0.08810424 0.2037752 0.9750453 -0.09939575 0.1613792 0.9818744 0.07971173 0.2396681 0.967577 0.1724408 0.2652143 -0.9486441 0.1344147 0.2271955 -0.9645283 0.2660411 0.09340888 -0.9594254 0.8754292 0.1048666 0.4718335 0.8512085 0.2917117 0.4362894 0.8941494 0.100481 0.4363491 -0.4164943 -0.06315183 0.9069423 -0.4195726 -0.06636631 0.9052925 -0.2407681 -0.2537344 0.9368295 0.3563579 -0.2924394 -0.8874054 0.4183224 -0.2817668 -0.8634894 0.3959977 -0.03623574 -0.9175363 -0.606368 -0.3525415 0.7127639 -0.5788653 -0.3380361 0.7420557 -0.4355702 -0.5498928 0.7126687 -0.004330515 -0.7906078 -0.6123077 -0.2541023 -0.7847483 -0.5653339 0.003818631 -0.8246995 -0.5655583 0.8059417 -0.3366438 0.486959 0.780209 -0.314442 0.5407404 0.8693181 -0.08345842 0.4871557 0.8955287 0.2074441 -0.3936944 0.9385006 -0.03875124 -0.3430963 0.9128853 0.2209855 -0.3432287 0.03271561 0.5281539 0.8485182 0.02918595 0.4786453 0.8775232 -0.2237249 0.4795978 0.8484888 -0.6185315 0.2740505 -0.7364205 -0.5132619 0.5020649 -0.6960555 -0.6585757 0.2852627 -0.69635 -0.5278874 -0.04204171 -0.8482732 -0.5861217 0.198061 -0.7856419 -0.5717473 -0.06044977 -0.8181998 0.05401533 -0.6631049 0.7465751 0.05407714 -0.620151 0.7826164 0.3048722 -0.591062 0.7467923 0.5776717 -0.215452 -0.7873221 0.4846758 -0.4493943 -0.7504227 0.6205296 -0.226542 -0.7507476 0.4853426 0.5919185 0.6434866 0.4560411 0.5761232 0.678313 0.2778937 0.7456935 0.6055712 -0.6438519 0.5329923 -0.5489754 -0.6319818 0.5223225 -0.5725192 -0.7769138 0.3084617 -0.5488684 0.3042614 -0.9307026 0.2030216 0.1329421 -0.9876873 0.08246421 0.3848206 -0.9193016 0.08244711 -0.03329491 -0.8515752 -0.5231742 0.004695832 -0.7952542 -0.6062579 0.2259896 -0.8217257 -0.5231593 0.7087419 0.4417853 0.5500099 0.6633003 0.4322641 0.6108852 0.5378044 0.6390156 0.5499323 -0.02995163 0.5175677 -0.8551179 0.2258554 0.5081028 -0.8311564 -0.03076553 0.5554342 -0.8309913 -0.2743766 -0.2350802 0.9324456 -0.4313257 -0.0447005 0.9010882 -0.3268105 -0.283805 0.9014709</float_array>
          <technique_common>
            <accessor source="#Shape_IndexedFaceSet_001-mesh-normals-array" count="2914" stride="3">
              <param name="X" type="float"/>
              <param name="Y" type="float"/>
              <param name="Z" type="float"/>
            </accessor>
          </technique_common>
        </source>
        <source id="Shape_IndexedFaceSet_001-mesh-map-0">
          <float_array id="Shape_IndexedFaceSet_001-mesh-map-0-array" count="7044">0.0151515 0.4163166 0.04177504 0.428432 0.07898736 0.4205768 0.07813566 0.4204108 0.04585629 0.4294012 0.0151515 0.4164065 0.0151515 0.4164065 0.04585629 0.4294012 0.03451073 0.4392113 0.0151515 0.4164065 0.03451073 0.4392113 0.0151515 0.4896106 0.03451073 0.4392113 0.05125319 0.440479 0.08484846 0.4650756 0.08484846 0.4650756 0.05125319 0.440479 0.07813566 0.4204108 0.07813566 0.4204108 0.05125319 0.440479 0.04585629 0.4294012 0.03484272 0.439894 0.04177504 0.428432 0.0151515 0.4163166 0.05184733 0.4378786 0.07898736 0.4205768 0.04177504 0.428432 0.07898736 0.4205768 0.05184733 0.4378786 0.08484846 0.4631302 0.08484846 0.4631302 0.05184733 0.4378786 0.03484272 0.439894 0.0151515 0.4907526 0.03484272 0.439894 0.0151515 0.4163166 0.08484846 0.5256482 0.03266602 0.5574027 0.05003607 0.5653261 0.08484846 0.5256482 0.05003607 0.5653261 0.08484846 0.5781692 0.03196209 0.5711966 0.05176717 0.566874 0.08484846 0.5700217 0.08484846 0.5700217 0.05176717 0.566874 0.03474479 0.5565956 0.08484846 0.5700217 0.03474479 0.5565956 0.08484846 0.5275339 0.03451073 0.4392113 0.08484846 0.4650756 0.0151515 0.4896106 0.04606056 0.5001608 0.0151515 0.4896106 0.08484846 0.4650756 0.04606056 0.5001608 0.08484846 0.4650756 0.08484846 0.5275339 0.04606056 0.5001608 0.08484846 0.5275339 0.0151515 0.4896106 0.0151515 0.4896106 0.08484846 0.5275339 0.03474479 0.5565956 0.05003607 0.5653261 0.03238934 0.5709593 0.08484846 0.5781692 0.08484846 0.5781692 0.03238934 0.5709593 0.03196209 0.5711966 0.08484846 0.5781692 0.03196209 0.5711966 0.08484846 0.5700217 0.03266602 0.5574027 0.08484846 0.5256482 0.0151515 0.4907526 0.04606056 0.4998547 0.0151515 0.4907526 0.08484846 0.5256482 0.04606056 0.4998547 0.08484846 0.5256482 0.08484846 0.4631302 0.04606056 0.4998547 0.08484846 0.4631302 0.0151515 0.4907526 0.0151515 0.4907526 0.08484846 0.4631302 0.03484272 0.439894 0.0151515 0.4896106 0.0151515 0.5533317 0.0151515 0.5044284 0.02983725 0.4539172 0.0151515 0.4896106 0.0151515 0.5044284 0.0151515 0.4164065 0.0151515 0.4896106 0.02983725 0.4539172 0.0151515 0.4163166 0.02293068 0.4561929 0.0151515 0.4907526 0.03238934 0.5709593 0.0151515 0.5533317 0.03196209 0.5711966 0.03196209 0.5711966 0.0151515 0.5533317 0.03474479 0.5565956 0.0151515 0.5533317 0.0151515 0.4907526 0.0151515 0.5033528 0.03238934 0.5709593 0.03266602 0.5574027 0.0151515 0.5533317 0.0151515 0.5533317 0.03266602 0.5574027 0.0151515 0.4907526 0.02293068 0.4561929 0.0151515 0.5033528 0.0151515 0.4907526 0.0151515 0.5533317 0.0151515 0.4896106 0.03474479 0.5565956 0.07528614 0.460626 0.07575756 0.4944508 0.04937583 0.4626111 0.0151515 0.5533317 0.03207546 0.5444751 0.0151515 0.5044284 0.0151515 0.5044284 0.03207546 0.5444751 0.04276746 0.5348564 0.07575756 0.5201681 0.04276746 0.5348564 0.04905474 0.5470229 0.04905474 0.5470229 0.07575756 0.5535187 0.07575756 0.5201681 0.0151515 0.5533317 0.04905474 0.5470229 0.03207546 0.5444751 0.0151515 0.5533317 0.03304427 0.5449292 0.04892563 0.548614 0.04892563 0.548614 0.04693967 0.536696 0.07575756 0.5535187 0.07575756 0.5535187 0.04693967 0.536696 0.07575756 0.4944508 0.0151515 0.5033528 0.04693967 0.536696 0.03304427 0.5449292 0.0151515 0.5033528 0.03304427 0.5449292 0.0151515 0.5533317 0.0151515 0.5033528 0.02293068 0.4561929 0.04937583 0.4626111 0.04937583 0.4626111 0.04135358 0.4515119 0.07528614 0.460626 0.0151515 0.5044284 0.04759407 0.4627968 0.02983725 0.4539172 0.04759407 0.4627968 0.07628911 0.4739136 0.05059188 0.4504684 0.0151515 0.5033528 0.04937583 0.4626111 0.07575756 0.4944508 0.0151515 0.5033528 0.07575756 0.4944508 0.04693967 0.536696 0.0151515 0.5533317 0.04892563 0.548614 0.07575756 0.5535187 0.0151515 0.5533317 0.07575756 0.5535187 0.04905474 0.5470229 0.0151515 0.5044284 0.04276746 0.5348564 0.07575756 0.5201681 0.0151515 0.5044284 0.07575756 0.5201681 0.07628911 0.4739136 0.0151515 0.5044284 0.07628911 0.4739136 0.04759407 0.4627968 0.07628911 0.4739136 0.07575756 0.5535187 0.07575756 0.4944508 0.07575756 0.5535187 0.07628911 0.4739136 0.07575756 0.5201681 0.07813566 0.4204108 0.08484846 0.4093648 0.08484846 0.4650756 0.09407454 0.3956643 0.08484846 0.3631403 0.09282797 0.395497 0.08484846 0.4093648 0.07813566 0.4204108 0.09282797 0.395497 0.08484846 0.4093648 0.09282797 0.395497 0.08484846 0.3631403 0.08484846 0.5781692 0.08484846 0.6262829 0.08484846 0.6264775 0.08484846 0.5781692 0.08484846 0.6264775 0.09837293 0.5685884 0.08484846 0.5781692 0.09837293 0.5685884 0.08484846 0.5256482 0.08484846 0.5256482 0.09837293 0.5685884 0.08888798 0.4648237 0.08484846 0.5256482 0.08888798 0.4648237 0.08484846 0.4631302 0.08484846 0.4631302 0.08888798 0.4648237 0.08484846 0.4127431 0.08484846 0.4631302 0.08484846 0.4127431 0.07898736 0.4205768 0.07898736 0.4205768 0.08484846 0.4127431 0.09407454 0.3956643 0.09407454 0.3956643 0.08484846 0.4127431 0.08484846 0.3631403 0.08484846 0.4093648 0.08975648 0.4673665 0.08484846 0.4650756 0.08484846 0.4650756 0.08975648 0.4673665 0.08484846 0.5275339 0.08484846 0.5275339 0.08975648 0.4673665 0.09845089 0.5572495 0.08484846 0.5275339 0.09845089 0.5572495 0.08484846 0.5700217 0.08484846 0.5700217 0.09845089 0.5572495 0.08484846 0.6262829 0.08484846 0.5700217 0.08484846 0.6262829 0.08484846 0.5781692 0.1268936 0.3416779 0.111302 0.3840608 0.08888798 0.4648237 0.111302 0.3840608 0.1825041 0.2395541 0.1136764 0.3608757 0.1825041 0.2395541 0.111302 0.3840608 0.1268936 0.3416779 0.1825041 0.2395541 0.1268936 0.3416779 0.2666928 0.160551 0.2666928 0.160551 0.1268936 0.3416779 0.2544394 0.1715233 0.2666928 0.160551 0.2544394 0.1715233 0.3533753 0.1201205 0.3533753 0.1201205 0.2544394 0.1715233 0.4212178 0.09847164 0.3533753 0.1201205 0.4212178 0.09847164 0.5915839 0.1041963 0.5915839 0.1041963 0.4212178 0.09847164 0.6381736 0.1131544 0.5915839 0.1041963 0.6381736 0.1131544 0.735078 0.1689046 0.5915839 0.1041963 0.735078 0.1689046 0.7989451 0.2167525 0.7989451 0.2167525 0.735078 0.1689046 0.8357872 0.2650161 0.7989451 0.2167525 0.8357872 0.2650161 0.8622659 0.3054931 0.8622659 0.3054931 0.8357872 0.2650161 0.882131 0.3451242 0.8622659 0.3054931 0.882131 0.3451242 0.9088762 0.4911571 0.9088762 0.4911571 0.882131 0.3451242 0.8990289 0.6008023 0.9088762 0.4911571 0.8990289 0.6008023 0.8686727 0.6778903 0.8686727 0.6778903 0.8990289 0.6008023 0.8359773 0.7226931 0.8686727 0.6778903 0.8359773 0.7226931 0.8102843 0.7668716 0.8102843 0.7668716 0.8359773 0.7226931 0.7307649 0.8403118 0.7307649 0.8403118 0.8359773 0.7226931 0.7126296 0.8516974 0.7307649 0.8403118 0.7126296 0.8516974 0.6058303 0.8955069 0.6058303 0.8955069 0.7126296 0.8516974 0.5691078 0.9039468 0.6058303 0.8955069 0.5691078 0.9039468 0.4184536 0.901256 0.6058303 0.8955069 0.4184536 0.901256 0.3946493 0.8975656 0.3946493 0.8975656 0.4184536 0.901256 0.2584481 0.8313134 0.3946493 0.8975656 0.2584481 0.8313134 0.2592075 0.831225 0.1513809 0.7148125 0.2592075 0.831225 0.2584481 0.8313134 0.09837293 0.5685884 0.1128917 0.6384598 0.1513809 0.7148125 0.1513809 0.7148125 0.1128917 0.6384598 0.2592075 0.831225 0.1607825 0.2724426 0.1114544 0.3835475 0.1136764 0.3608757 0.08975648 0.4673665 0.1114544 0.3835475 0.1353158 0.3178824 0.1413278 0.6988008 0.1129227 0.6219536 0.09845089 0.5572495 0.1703989 0.7430093 0.1132066 0.6392894 0.1129227 0.6219536 0.1353158 0.3178824 0.1114544 0.3835475 0.1607825 0.2724426 0.1353158 0.3178824 0.1607825 0.2724426 0.2189446 0.1998299 0.2189446 0.1998299 0.1607825 0.2724426 0.2710566 0.1616048 0.2189446 0.1998299 0.2710566 0.1616048 0.4194144 0.09834069 0.4194144 0.09834069 0.2710566 0.1616048 0.4057349 0.1021847 0.4194144 0.09834069 0.4057349 0.1021847 0.5846599 0.09907555 0.4194144 0.09834069 0.5846599 0.09907555 0.5246486 0.08768129 0.5246486 0.08768129 0.5846599 0.09907555 0.7370659 0.1698067 0.7370659 0.1698067 0.7706757 0.1950691 0.8448051 0.2771232 0.7370659 0.1698067 0.5846599 0.09907555 0.7706757 0.1950691 0.8448051 0.2771232 0.7706757 0.1950691 0.8703052 0.3262184 0.8448051 0.2771232 0.8703052 0.3262184 0.9072173 0.4799943 0.9072173 0.4799943 0.8703052 0.3262184 0.904082 0.5642464 0.9072173 0.4799943 0.8626569 0.693413 0.8762142 0.6488041 0.9072173 0.4799943 0.904082 0.5642464 0.8626569 0.693413 0.8762142 0.6488041 0.8626569 0.693413 0.7776225 0.8003861 0.8762142 0.6488041 0.7776225 0.8003861 0.7561957 0.8205205 0.7776225 0.8003861 0.646961 0.8837164 0.7561957 0.8205205 0.646961 0.8837164 0.7776225 0.8003861 0.5942392 0.8953069 0.646961 0.8837164 0.5942392 0.8953069 0.4996176 0.9088301 0.3630972 0.8906195 0.3052499 0.8600966 0.4996176 0.9088301 0.3630972 0.8906195 0.4996176 0.9088301 0.5942392 0.8953069 0.3052499 0.8600966 0.3630972 0.8906195 0.2701148 0.8384926 0.3052499 0.8600966 0.2701148 0.8384926 0.2072398 0.7875224 0.2072398 0.7875224 0.2701148 0.8384926 0.1703989 0.7430093 0.2072398 0.7875224 0.1703989 0.7430093 0.1413278 0.6988008 0.1413278 0.6988008 0.1703989 0.7430093 0.1129227 0.6219536 0.6381736 0.1131544 0.4212178 0.09847164 0.5468393 0.09042948 0.2544394 0.1715233 0.1268936 0.3416779 0.1498946 0.2835198 0.09837293 0.5685884 0.09237873 0.5519719 0.08888798 0.4648237 0.3123802 0.8614412 0.1941381 0.7733697 0.2584481 0.8313134 0.1205791 0.3504917 0.2246099 0.2007794 0.1498946 0.2835198 0.904759 0.5494459 0.8674488 0.6876024 0.8990289 0.6008023 0.6535415 0.8802611 0.5691078 0.9039468 0.7126296 0.8516974 0.5374526 0.910174 0.3916988 0.8935098 0.4184536 0.901256 0.3123802 0.8614412 0.4184536 0.901256 0.3916988 0.8935098 0.3123802 0.8614412 0.2584481 0.8313134 0.4184536 0.901256 0.1513809 0.7148125 0.2584481 0.8313134 0.1941381 0.7733697 0.1320198 0.6734648 0.1513809 0.7148125 0.1941381 0.7733697 0.1320198 0.6734648 0.09237873 0.5519719 0.1513809 0.7148125 0.1513809 0.7148125 0.09237873 0.5519719 0.09837293 0.5685884 0.09237873 0.5519719 0.1205791 0.3504917 0.08888798 0.4648237 0.08888798 0.4648237 0.1205791 0.3504917 0.1268936 0.3416779 0.1268936 0.3416779 0.1205791 0.3504917 0.1498946 0.2835198 0.2544394 0.1715233 0.1498946 0.2835198 0.2246099 0.2007794 0.2246099 0.2007794 0.3219485 0.129503 0.2544394 0.1715233 0.3219485 0.129503 0.4212178 0.09847164 0.2544394 0.1715233 0.3219485 0.129503 0.4567053 0.09131485 0.4212178 0.09847164 0.4212178 0.09847164 0.4567053 0.09131485 0.5468393 0.09042948 0.5468393 0.09042948 0.4567053 0.09131485 0.623367 0.1079241 0.5468393 0.09042948 0.623367 0.1079241 0.6381736 0.1131544 0.735078 0.1689046 0.6381736 0.1131544 0.719697 0.1506338 0.719697 0.1506338 0.6381736 0.1131544 0.623367 0.1079241 0.719697 0.1506338 0.8070904 0.227795 0.735078 0.1689046 0.8357872 0.2650161 0.735078 0.1689046 0.8070904 0.227795 0.882131 0.3451242 0.8357872 0.2650161 0.8070904 0.227795 0.8931831 0.417941 0.882131 0.3451242 0.8070904 0.227795 0.882131 0.3451242 0.8931831 0.417941 0.9102261 0.4708621 0.8931831 0.417941 0.904759 0.5494459 0.9102261 0.4708621 0.9102261 0.4708621 0.8990289 0.6008023 0.882131 0.3451242 0.8990289 0.6008023 0.9102261 0.4708621 0.904759 0.5494459 0.8359773 0.7226931 0.8990289 0.6008023 0.8674488 0.6876024 0.8674488 0.6876024 0.806762 0.7758933 0.8359773 0.7226931 0.806762 0.7758933 0.7126296 0.8516974 0.8359773 0.7226931 0.806762 0.7758933 0.6535415 0.8802611 0.7126296 0.8516974 0.5691078 0.9039468 0.6535415 0.8802611 0.5374526 0.910174 0.5374526 0.910174 0.4184536 0.901256 0.5691078 0.9039468 0.1825041 0.2395541 0.2666928 0.160551 0.2710566 0.1616048 0.5915839 0.1041963 0.6841283 0.1315425 0.5846599 0.09907555 0.9025086 0.4079822 0.9088762 0.4911571 0.904082 0.5642464 0.8102843 0.7668716 0.7307649 0.8403118 0.7776225 0.8003861 0.7307649 0.8403118 0.6058303 0.8955069 0.7776225 0.8003861 0.7776225 0.8003861 0.6058303 0.8955069 0.5942392 0.8953069 0.3630972 0.8906195 0.2592075 0.831225 0.2701148 0.8384926 0.1607825 0.2724426 0.1136764 0.3608757 0.1825041 0.2395541 0.1825041 0.2395541 0.2710566 0.1616048 0.1607825 0.2724426 0.4057349 0.1021847 0.2710566 0.1616048 0.3533753 0.1201205 0.3533753 0.1201205 0.2710566 0.1616048 0.2666928 0.160551 0.4057349 0.1021847 0.3533753 0.1201205 0.4770639 0.08844304 0.3533753 0.1201205 0.5915839 0.1041963 0.4770639 0.08844304 0.4770639 0.08844304 0.5846599 0.09907555 0.4057349 0.1021847 0.5915839 0.1041963 0.5846599 0.09907555 0.4770639 0.08844304 0.5915839 0.1041963 0.7989451 0.2167525 0.6841283 0.1315425 0.6841283 0.1315425 0.7706757 0.1950691 0.5846599 0.09907555 0.6841283 0.1315425 0.7989451 0.2167525 0.7706757 0.1950691 0.7989451 0.2167525 0.8622659 0.3054931 0.7706757 0.1950691 0.7706757 0.1950691 0.8622659 0.3054931 0.8703052 0.3262184 0.8622659 0.3054931 0.9025086 0.4079822 0.8703052 0.3262184 0.8622659 0.3054931 0.9088762 0.4911571 0.9025086 0.4079822 0.8703052 0.3262184 0.9025086 0.4079822 0.904082 0.5642464 0.9088762 0.4911571 0.8686727 0.6778903 0.904082 0.5642464 0.8626569 0.693413 0.904082 0.5642464 0.8686727 0.6778903 0.7776225 0.8003861 0.8626569 0.693413 0.8102843 0.7668716 0.8102843 0.7668716 0.8626569 0.693413 0.8686727 0.6778903 0.6058303 0.8955069 0.477765 0.9117796 0.5942392 0.8953069 0.6058303 0.8955069 0.3946493 0.8975656 0.477765 0.9117796 0.477765 0.9117796 0.3630972 0.8906195 0.5942392 0.8953069 0.477765 0.9117796 0.3946493 0.8975656 0.3630972 0.8906195 0.3946493 0.8975656 0.2592075 0.831225 0.3630972 0.8906195 0.2592075 0.831225 0.1703989 0.7430093 0.2701148 0.8384926 0.1128917 0.6384598 0.1703989 0.7430093 0.2592075 0.831225 0.1128917 0.6384598 0.1132066 0.6392894 0.1703989 0.7430093 0.4996176 0.9088301 0.3052499 0.8600966 0.4613731 0.9090196 0.08975648 0.4673665 0.1353158 0.3178824 0.1043797 0.3836534 0.08975648 0.4673665 0.1043797 0.3836534 0.09351378 0.5164893 0.1353158 0.3178824 0.2189446 0.1998299 0.1285465 0.3427911 0.1285465 0.3427911 0.2189446 0.1998299 0.2155282 0.2098487 0.3213816 0.128523 0.2189446 0.1998299 0.4194144 0.09834069 0.3213816 0.128523 0.4194144 0.09834069 0.4385296 0.09519898 0.6644541 0.1241648 0.7863397 0.2105032 0.6343409 0.1158891 0.6644541 0.1241648 0.7370659 0.1698067 0.7863397 0.2105032 0.7370659 0.1698067 0.8448051 0.2771232 0.7863397 0.2105032 0.8448051 0.2771232 0.89629 0.3935608 0.8881897 0.3623914 0.9072173 0.4799943 0.8762142 0.6488041 0.9064473 0.5562655 0.9064473 0.5562655 0.8762142 0.6488041 0.8625286 0.6937274 0.8762142 0.6488041 0.7561957 0.8205205 0.8625286 0.6937274 0.4613731 0.9090196 0.3052499 0.8600966 0.3165964 0.8621175 0.2072398 0.7875224 0.2021259 0.7851409 0.3052499 0.8600966 0.2072398 0.7875224 0.1413278 0.6988008 0.2021259 0.7851409 0.3052499 0.8600966 0.2021259 0.7851409 0.3165964 0.8621175 0.2021259 0.7851409 0.1413278 0.6988008 0.1141384 0.642497 0.09351378 0.5164893 0.1141384 0.642497 0.09845089 0.5572495 0.09845089 0.5572495 0.1141384 0.642497 0.1413278 0.6988008 0.09845089 0.5572495 0.08975648 0.4673665 0.09351378 0.5164893 0.1043797 0.3836534 0.1285465 0.3427911 0.09351378 0.5164893 0.1043797 0.3836534 0.1353158 0.3178824 0.1285465 0.3427911 0.3213816 0.128523 0.2155282 0.2098487 0.2189446 0.1998299 0.4194144 0.09834069 0.5246486 0.08768129 0.4385296 0.09519898 0.6343409 0.1158891 0.4385296 0.09519898 0.5246486 0.08768129 0.6343409 0.1158891 0.5246486 0.08768129 0.6644541 0.1241648 0.6644541 0.1241648 0.5246486 0.08768129 0.7370659 0.1698067 0.8448051 0.2771232 0.8881897 0.3623914 0.7863397 0.2105032 0.89629 0.3935608 0.8448051 0.2771232 0.9072173 0.4799943 0.89629 0.3935608 0.9072173 0.4799943 0.9064473 0.5562655 0.89629 0.3935608 0.9064473 0.5562655 0.8881897 0.3623914 0.9064473 0.5562655 0.8625286 0.6937274 0.802154 0.7753939 0.802154 0.7753939 0.8625286 0.6937274 0.7561957 0.8205205 0.7212461 0.8398515 0.802154 0.7753939 0.7561957 0.8205205 0.7212461 0.8398515 0.7561957 0.8205205 0.646961 0.8837164 0.7212461 0.8398515 0.646961 0.8837164 0.5891118 0.8958638 0.646961 0.8837164 0.4996176 0.9088301 0.4613731 0.9090196 0.646961 0.8837164 0.4613731 0.9090196 0.5891118 0.8958638 0.5734818 0.5477263 0.5979399 0.5277561 0.5757987 0.4485375 0.5757987 0.4485375 0.5979399 0.5277561 0.5954055 0.4651429 0.5620615 0.5800795 0.5628505 0.5803188 0.5888088 0.5280411 0.4783217 0.5881334 0.5039383 0.6018674 0.5734818 0.5477263 0.5734818 0.5477263 0.5039383 0.6018674 0.5620615 0.5800795 0.447677 0.5775957 0.5036901 0.5937507 0.4783217 0.5881334 0.4783217 0.5881334 0.5036901 0.5937507 0.5039383 0.6018674 0.4121941 0.5327187 0.4436188 0.5837698 0.4132639 0.5252051 0.4132639 0.5252051 0.4436188 0.5837698 0.4783217 0.5881334 0.4102668 0.4732022 0.4031565 0.4718191 0.4119706 0.5317143 0.3922548 0.4884173 0.4102668 0.4732022 0.4132639 0.5252051 0.3922548 0.4884173 0.4418668 0.4264665 0.4102668 0.4732022 0.4550598 0.4083624 0.4418668 0.4264665 0.3922548 0.4884173 0.4979929 0.4064242 0.4969491 0.3989468 0.4428706 0.4260966 0.4775011 0.3940528 0.4979929 0.4064242 0.4550598 0.4083624 0.4775011 0.3940528 0.557141 0.41532 0.4979929 0.4064242 0.5757987 0.4485375 0.557141 0.41532 0.4775011 0.3940528 0.5734818 0.5477263 0.5620615 0.5800795 0.5888088 0.5280411 0.5734818 0.5477263 0.5888088 0.5280411 0.5979399 0.5277561 0.5757987 0.4485375 0.5954055 0.4651429 0.5870854 0.4666752 0.5757987 0.4485375 0.5870854 0.4666752 0.557141 0.41532 0.557141 0.41532 0.5870854 0.4666752 0.5561938 0.4155541 0.4550598 0.4083624 0.4979929 0.4064242 0.4428706 0.4260966 0.4550598 0.4083624 0.4428706 0.4260966 0.4418668 0.4264665 0.4132639 0.5252051 0.4102668 0.4732022 0.4119706 0.5317143 0.4132639 0.5252051 0.4119706 0.5317143 0.4121941 0.5327187 0.4783217 0.5881334 0.4436188 0.5837698 0.447677 0.5775957 0.3926091 0.5160396 0.1035307 0.519795 0.3914292 0.5095438 0.3914292 0.5095438 0.1035307 0.519795 0.1031586 0.4905259 0.3914292 0.5095438 0.1031586 0.4905259 0.3922548 0.4884173 0.3922548 0.4884173 0.1031586 0.4905259 0.1030977 0.4953433 0.3922548 0.4884173 0.1030977 0.4953433 0.3926091 0.5160396 0.3926091 0.5160396 0.1030977 0.4953433 0.1035307 0.519795 0.4481942 0.4057275 0.361353 0.1284106 0.4550598 0.4083624 0.4550598 0.4083624 0.361353 0.1284106 0.3679678 0.1256578 0.4550598 0.4083624 0.3679678 0.1256578 0.3869795 0.119463 0.4550598 0.4083624 0.3869795 0.119463 0.4775011 0.3940528 0.4775011 0.3940528 0.3869795 0.119463 0.4481942 0.4057275 0.4481942 0.4057275 0.3869795 0.119463 0.361353 0.1284106 0.5728103 0.4215148 0.807995 0.2503396 0.5822314 0.4284702 0.5822314 0.4284702 0.807995 0.2503396 0.8152464 0.2587853 0.5822314 0.4284702 0.8152464 0.2587853 0.8269857 0.274917 0.5822314 0.4284702 0.8269857 0.274917 0.5935694 0.4439012 0.5935694 0.4439012 0.8269857 0.274917 0.807995 0.2503396 0.5935694 0.4439012 0.807995 0.2503396 0.5728103 0.4215148 0.5955396 0.5468937 0.8324667 0.7169038 0.5934432 0.5561009 0.5934432 0.5561009 0.8324667 0.7169038 0.826829 0.7252703 0.5934432 0.5561009 0.826829 0.7252703 0.8151722 0.7413458 0.5934432 0.5561009 0.8151722 0.7413458 0.5818413 0.5721069 0.5818413 0.5721069 0.8151722 0.7413458 0.8324667 0.7169038 0.5818413 0.5721069 0.8324667 0.7169038 0.5955396 0.5468937 0.3916988 0.8935098 0.3880251 0.880812 0.4830167 0.6070299 0.4830167 0.6070299 0.3880251 0.880812 0.4754487 0.6061925 0.4754487 0.6061925 0.3880251 0.880812 0.3677613 0.8742929 0.4754487 0.6061925 0.3677613 0.8742929 0.4566933 0.6001109 0.4566933 0.6001109 0.3677613 0.8742929 0.4830167 0.6070299 0.4830167 0.6070299 0.3677613 0.8742929 0.3916988 0.8935098 0.4017452 0.5438862 0.4830167 0.6070299 0.5955396 0.5468937 0.1320198 0.6734648 0.1941381 0.7733697 0.3123802 0.8614412 0.361353 0.1284106 0.3219485 0.129503 0.2246099 0.2007794 0.361353 0.1284106 0.4567053 0.09131485 0.3219485 0.129503 0.623367 0.1079241 0.4567053 0.09131485 0.361353 0.1284106 0.807995 0.2503396 0.8070904 0.227795 0.719697 0.1506338 0.807995 0.2503396 0.719697 0.1506338 0.623367 0.1079241 0.807995 0.2503396 0.8931831 0.417941 0.8070904 0.227795 0.5374526 0.910174 0.6535415 0.8802611 0.806762 0.7758933 0.5728103 0.4215148 0.5214568 0.5071569 0.5955396 0.5468937 0.3926091 0.5160396 0.4807808 0.5193948 0.4481942 0.4057275 0.4481942 0.4057275 0.4807808 0.5193948 0.4893245 0.4772321 0.4481942 0.4057275 0.4893245 0.4772321 0.5728103 0.4215148 0.4893245 0.4772321 0.5214568 0.5071569 0.5728103 0.4215148 0.4807808 0.5193948 0.4017452 0.5438862 0.5214568 0.5071569 0.5214568 0.5071569 0.4017452 0.5438862 0.5955396 0.5468937 0.4807808 0.5193948 0.3926091 0.5160396 0.4017452 0.5438862 0.8324667 0.7169038 0.806762 0.7758933 0.8674488 0.6876024 0.8324667 0.7169038 0.8674488 0.6876024 0.904759 0.5494459 0.09237873 0.5519719 0.1035307 0.519795 0.1205791 0.3504917 0.09237873 0.5519719 0.1320198 0.6734648 0.1035307 0.519795 0.5047495 0.6084607 0.5955396 0.5468937 0.4830167 0.6070299 0.5818413 0.5721069 0.6018508 0.5251855 0.5934432 0.5561009 0.6044668 0.5293387 0.5955396 0.5468937 0.5979399 0.5277561 0.5979399 0.5277561 0.5955396 0.5468937 0.5934432 0.5561009 0.5561938 0.4155541 0.5728103 0.4215148 0.557141 0.41532 0.557141 0.41532 0.5728103 0.4215148 0.5822314 0.4284702 0.4331389 0.4141072 0.4481942 0.4057275 0.4332352 0.4140982 0.4332352 0.4140982 0.4481942 0.4057275 0.4550598 0.4083624 0.3922548 0.4884173 0.4027922 0.5395005 0.3914292 0.5095438 0.4017452 0.5438862 0.3926091 0.5160396 0.3982485 0.5378206 0.3982485 0.5378206 0.3926091 0.5160396 0.3914292 0.5095438 0.4566933 0.6001109 0.5075489 0.6046476 0.4754487 0.6061925 0.5047495 0.6084607 0.4830167 0.6070299 0.5039383 0.6018674 0.5039383 0.6018674 0.4830167 0.6070299 0.4754487 0.6061925 0.4481942 0.4057275 0.4031565 0.4718191 0.3926091 0.5160396 0.3922548 0.4884173 0.3926091 0.5160396 0.3952344 0.4702925 0.3952344 0.4702925 0.3926091 0.5160396 0.4031565 0.4718191 0.4481942 0.4057275 0.4331389 0.4141072 0.4031565 0.4718191 0.4550598 0.4083624 0.3922548 0.4884173 0.4332352 0.4140982 0.4332352 0.4140982 0.3922548 0.4884173 0.3952344 0.4702925 0.4017452 0.5438862 0.4388694 0.5898005 0.4830167 0.6070299 0.4566933 0.6001109 0.4830167 0.6070299 0.4436188 0.5837698 0.4436188 0.5837698 0.4830167 0.6070299 0.4388694 0.5898005 0.4566933 0.6001109 0.4436188 0.5837698 0.4027922 0.5395005 0.4027922 0.5395005 0.3982485 0.5378206 0.3914292 0.5095438 0.3982485 0.5378206 0.4027922 0.5395005 0.4436188 0.5837698 0.5047495 0.6084607 0.5628505 0.5803188 0.5955396 0.5468937 0.5818413 0.5721069 0.5955396 0.5468937 0.5620615 0.5800795 0.5620615 0.5800795 0.5955396 0.5468937 0.5628505 0.5803188 0.5818413 0.5721069 0.5620615 0.5800795 0.5075489 0.6046476 0.5075489 0.6046476 0.5039383 0.6018674 0.4754487 0.6061925 0.5039383 0.6018674 0.5075489 0.6046476 0.5620615 0.5800795 0.6044668 0.5293387 0.6019503 0.4616016 0.5955396 0.5468937 0.5955396 0.5468937 0.6019503 0.4616016 0.5728103 0.4215148 0.5935694 0.4439012 0.5728103 0.4215148 0.5954055 0.4651429 0.5954055 0.4651429 0.5728103 0.4215148 0.6019503 0.4616016 0.5935694 0.4439012 0.5954055 0.4651429 0.6018508 0.5251855 0.6018508 0.5251855 0.5979399 0.5277561 0.5934432 0.5561009 0.5979399 0.5277561 0.6018508 0.5251855 0.5954055 0.4651429 0.5728103 0.4215148 0.4969491 0.3989468 0.4481942 0.4057275 0.4481942 0.4057275 0.4969491 0.3989468 0.4957069 0.3911812 0.4481942 0.4057275 0.4957069 0.3911812 0.4775011 0.3940528 0.4775011 0.3940528 0.4957069 0.3911812 0.5337965 0.3993799 0.5728103 0.4215148 0.5561938 0.4155541 0.4969491 0.3989468 0.5337965 0.3993799 0.557141 0.41532 0.5935694 0.4439012 0.5935694 0.4439012 0.557141 0.41532 0.5822314 0.4284702 0.557141 0.41532 0.5337965 0.3993799 0.4957069 0.3911812 0.4775011 0.3940528 0.5337965 0.3993799 0.5757987 0.4485375 0.5757987 0.4485375 0.5337965 0.3993799 0.5935694 0.4439012 0.5757987 0.4485375 0.5935694 0.4439012 0.6018508 0.5251855 0.5757987 0.4485375 0.6018508 0.5251855 0.5734818 0.5477263 0.5734818 0.5477263 0.6018508 0.5251855 0.5818413 0.5721069 0.5734818 0.5477263 0.5818413 0.5721069 0.5075489 0.6046476 0.5734818 0.5477263 0.5075489 0.6046476 0.4783217 0.5881334 0.4783217 0.5881334 0.5075489 0.6046476 0.4566933 0.6001109 0.4783217 0.5881334 0.4566933 0.6001109 0.4132639 0.5252051 0.4132639 0.5252051 0.4566933 0.6001109 0.4027922 0.5395005 0.4132639 0.5252051 0.4027922 0.5395005 0.3922548 0.4884173 0.4388694 0.5898005 0.4017452 0.5438862 0.4119706 0.5317143 0.5870854 0.4666752 0.6019503 0.4616016 0.6044668 0.5293387 0.5628505 0.5803188 0.5047495 0.6084607 0.5870854 0.4666752 0.5870854 0.4666752 0.5047495 0.6084607 0.5036901 0.5937507 0.4119706 0.5317143 0.4031565 0.4718191 0.4428706 0.4260966 0.4428706 0.4260966 0.4031565 0.4718191 0.4331389 0.4141072 0.5870854 0.4666752 0.6044668 0.5293387 0.5888088 0.5280411 0.5870854 0.4666752 0.5888088 0.5280411 0.5628505 0.5803188 0.4388694 0.5898005 0.4119706 0.5317143 0.4428706 0.4260966 0.4388694 0.5898005 0.4428706 0.4260966 0.447677 0.5775957 0.447677 0.5775957 0.4428706 0.4260966 0.4928432 0.4785432 0.447677 0.5775957 0.4928432 0.4785432 0.4807808 0.5193948 0.5227679 0.5106756 0.5870854 0.4666752 0.5036901 0.5937507 0.5227679 0.5106756 0.4928432 0.4785432 0.5561938 0.4155541 0.5561938 0.4155541 0.4928432 0.4785432 0.4969491 0.3989468 0.4969491 0.3989468 0.4928432 0.4785432 0.4428706 0.4260966 0.5227679 0.5106756 0.5561938 0.4155541 0.5870854 0.4666752 0.447677 0.5775957 0.4807808 0.5193948 0.5036901 0.5937507 0.5036901 0.5937507 0.4807808 0.5193948 0.5227679 0.5106756 0.1031586 0.4905259 0.1018202 0.4789487 0.1030977 0.4953433 0.1018202 0.4789487 0.1031586 0.4905259 0.1061242 0.5455818 0.4587178 0.1006771 0.3869795 0.119463 0.3345473 0.1248157 0.3679678 0.1256578 0.3345473 0.1248157 0.3869795 0.119463 0.8525629 0.3024001 0.8269857 0.274917 0.7723338 0.1997391 0.7723338 0.1997391 0.8269857 0.274917 0.8152464 0.2587853 0.8151722 0.7413458 0.826829 0.7252703 0.8716771 0.6464298 0.8324667 0.7169038 0.8151722 0.7413458 0.806762 0.7758933 0.806762 0.7758933 0.8151722 0.7413458 0.7952304 0.7767432 0.8151722 0.7413458 0.8716771 0.6464298 0.7952304 0.7767432 0.3123802 0.8614412 0.3916988 0.8935098 0.3677613 0.8742929 0.3123802 0.8614412 0.3677613 0.8742929 0.2839803 0.8367822 0.2839803 0.8367822 0.3677613 0.8742929 0.4232481 0.8896973 0.4232481 0.8896973 0.3677613 0.8742929 0.3880251 0.880812 0.3916988 0.8935098 0.4232481 0.8896973 0.3880251 0.880812 0.1035307 0.519795 0.1030977 0.4953433 0.1007946 0.4646357 0.1035307 0.519795 0.1007946 0.4646357 0.1205791 0.3504917 0.1205791 0.3504917 0.1007946 0.4646357 0.1055641 0.4531832 0.1183545 0.3859042 0.1055641 0.4531832 0.1061242 0.5455818 0.1055641 0.4531832 0.1018202 0.4789487 0.1061242 0.5455818 0.5374526 0.910174 0.5763028 0.8933233 0.3916988 0.8935098 0.5763028 0.8933233 0.5374526 0.910174 0.6896827 0.8514547 0.806762 0.7758933 0.6896827 0.8514547 0.5374526 0.910174 0.806762 0.7758933 0.7952304 0.7767432 0.6896827 0.8514547 0.8716771 0.6464298 0.826829 0.7252703 0.8324667 0.7169038 0.8716771 0.6464298 0.8324667 0.7169038 0.904759 0.5494459 0.8716771 0.6464298 0.904759 0.5494459 0.9034352 0.5288228 0.9034352 0.5288228 0.904759 0.5494459 0.8931831 0.417941 0.8931831 0.417941 0.8975351 0.4039662 0.9034352 0.5288228 0.807995 0.2503396 0.8525629 0.3024001 0.8975351 0.4039662 0.807995 0.2503396 0.8975351 0.4039662 0.8931831 0.417941 0.8525629 0.3024001 0.807995 0.2503396 0.8269857 0.274917 0.7723338 0.1997391 0.8152464 0.2587853 0.807995 0.2503396 0.807995 0.2503396 0.6977149 0.1550961 0.7723338 0.1997391 0.6977149 0.1550961 0.807995 0.2503396 0.623367 0.1079241 0.6977149 0.1550961 0.623367 0.1079241 0.5916436 0.1087133 0.361353 0.1284106 0.4587178 0.1006771 0.623367 0.1079241 0.623367 0.1079241 0.4587178 0.1006771 0.5916436 0.1087133 0.4587178 0.1006771 0.361353 0.1284106 0.3869795 0.119463 0.3345473 0.1248157 0.3679678 0.1256578 0.361353 0.1284106 0.3345473 0.1248157 0.361353 0.1284106 0.2246099 0.2007794 0.3345473 0.1248157 0.2246099 0.2007794 0.2550469 0.1831064 0.2550469 0.1831064 0.2246099 0.2007794 0.1796846 0.2573153 0.1205791 0.3504917 0.1796846 0.2573153 0.2246099 0.2007794 0.1205791 0.3504917 0.1183545 0.3859042 0.1796846 0.2573153 0.1183545 0.3859042 0.1205791 0.3504917 0.1055641 0.4531832 0.1061242 0.5455818 0.1031586 0.4905259 0.1035307 0.519795 0.1061242 0.5455818 0.1035307 0.519795 0.1320198 0.6734648 0.1320198 0.6734648 0.1552658 0.7008496 0.1061242 0.5455818 0.1552658 0.7008496 0.1320198 0.6734648 0.2839803 0.8367822 0.3123802 0.8614412 0.2839803 0.8367822 0.1320198 0.6734648 0.3916988 0.8935098 0.5763028 0.8933233 0.4232481 0.8896973 0.5763028 0.8933233 0.4354733 0.9098914 0.4232481 0.8896973 0.5293363 0.946437 0.230248 0.9135577 0.2815312 0.8818526 0.5293363 0.946437 0.2815312 0.8818526 0.4354733 0.9098914 0.4232481 0.8896973 0.4354733 0.9098914 0.2839803 0.8367822 0.2839803 0.8367822 0.1527815 0.7507239 0.1552658 0.7008496 0.1527815 0.7507239 0.07573467 0.5632939 0.1552658 0.7008496 0.1552658 0.7008496 0.07573467 0.5632939 0.1061242 0.5455818 0.01434808 0.4029412 0.06117349 0.2735227 0.0978679 0.3302273 0.06117349 0.2735227 0.2982856 0.05121797 0.0978679 0.3302273 0.0978679 0.3302273 0.2982856 0.05121797 0.227178 0.1519296 0.4632863 0.06300818 0.6333034 0.08301514 0.4587178 0.1006771 0.6333034 0.08301514 0.7535366 0.1327047 0.5916436 0.1087133 0.5916436 0.1087133 0.7535366 0.1327047 0.6977149 0.1550961 0.7535366 0.1327047 0.7723338 0.1997391 0.6977149 0.1550961 0.7535366 0.1327047 0.8821979 0.2595291 0.7723338 0.1997391 0.755948 0.08188623 0.9034667 0.2155342 0.8821979 0.2595291 0.9034667 0.2155342 0.9898093 0.4461529 0.9470319 0.5089871 0.8821979 0.2595291 0.9470319 0.5089871 0.8975351 0.4039662 0.8975351 0.4039662 0.9470319 0.5089871 0.9034352 0.5288228 0.9470319 0.5089871 0.9698463 0.6645523 0.8649056 0.7363681 0.9470319 0.5089871 0.8649056 0.7363681 0.9034352 0.5288228 0.9034352 0.5288228 0.8649056 0.7363681 0.8716771 0.6464298 0.7189844 0.8802962 0.5293363 0.946437 0.5763028 0.8933233 0.7189844 0.8802962 0.5763028 0.8933233 0.6896827 0.8514547 0.661188 0.965008 0.4635542 0.994582 0.5293363 0.946437 0.230248 0.9135577 0.5293363 0.946437 0.4635542 0.994582 0.2839803 0.8367822 0.4354733 0.9098914 0.2815312 0.8818526 0.1527815 0.7507239 0.2815312 0.8818526 0.07346791 0.7552169 0.07346791 0.7552169 0.2815312 0.8818526 0.230248 0.9135577 0.2815312 0.8818526 0.1527815 0.7507239 0.2839803 0.8367822 0.07573467 0.5632939 0.1527815 0.7507239 0.02082145 0.5808978 0.02082145 0.5808978 0.1527815 0.7507239 0.07346791 0.7552169 0.1183545 0.3859042 0.1061242 0.5455818 0.07573467 0.5632939 0.07573467 0.5632939 0.02082145 0.5808978 0.0978679 0.3302273 0.07573467 0.5632939 0.0978679 0.3302273 0.1183545 0.3859042 0.02082145 0.5808978 0.01434808 0.4029412 0.0978679 0.3302273 0.1796846 0.2573153 0.1183545 0.3859042 0.0978679 0.3302273 0.0978679 0.3302273 0.227178 0.1519296 0.1796846 0.2573153 0.1796846 0.2573153 0.227178 0.1519296 0.2550469 0.1831064 0.3345473 0.1248157 0.2550469 0.1831064 0.227178 0.1519296 0.4632863 0.06300818 0.3345473 0.1248157 0.227178 0.1519296 0.4786551 0.004911184 0.227178 0.1519296 0.2982856 0.05121797 0.227178 0.1519296 0.4786551 0.004911184 0.4632863 0.06300818 0.3345473 0.1248157 0.4632863 0.06300818 0.4587178 0.1006771 0.4786551 0.004911184 0.755948 0.08188623 0.4632863 0.06300818 0.5916436 0.1087133 0.4587178 0.1006771 0.6333034 0.08301514 0.6333034 0.08301514 0.4632863 0.06300818 0.755948 0.08188623 0.7535366 0.1327047 0.6333034 0.08301514 0.755948 0.08188623 0.8821979 0.2595291 0.7535366 0.1327047 0.755948 0.08188623 0.7723338 0.1997391 0.8821979 0.2595291 0.8525629 0.3024001 0.8975351 0.4039662 0.8525629 0.3024001 0.8821979 0.2595291 0.8821979 0.2595291 0.9034667 0.2155342 0.9470319 0.5089871 0.9698463 0.6645523 0.9470319 0.5089871 0.9898093 0.4461529 0.8880118 0.8097278 0.8649056 0.7363681 0.9698463 0.6645523 0.8649056 0.7363681 0.7952304 0.7767432 0.8716771 0.6464298 0.661188 0.965008 0.8649056 0.7363681 0.8880118 0.8097278 0.8649056 0.7363681 0.661188 0.965008 0.7189844 0.8802962 0.8649056 0.7363681 0.7189844 0.8802962 0.7952304 0.7767432 0.6896827 0.8514547 0.7952304 0.7767432 0.7189844 0.8802962 0.5293363 0.946437 0.7189844 0.8802962 0.661188 0.965008 0.4354733 0.9098914 0.5763028 0.8933233 0.5293363 0.946437 0.7645711 0.9188378 0.661188 0.965008 0.8880118 0.8097278 0.9034667 0.2155342 0.755948 0.08188623 0.6364314 0.0301218 0.6364314 0.0301218 0.755948 0.08188623 0.4786551 0.004911184 0.6364314 0.0301218 0.4786551 0.004911184 0.2982856 0.05121797 0.1870338 0.1165605 0.2982856 0.05121797 0.06117349 0.2735227 0.06117349 0.2735227 0.01434808 0.4029412 0.006148874 0.5388062 0.006148874 0.5388062 0.01434808 0.4029412 0.02082145 0.5808978 0.006148874 0.5388062 0.02082145 0.5808978 0.07346791 0.7552169 0.9698463 0.6645523 0.9898093 0.4461529 0.8880118 0.8097278 0.2084304 0.7958677 0.3165964 0.8621175 0.2021259 0.7851409 0.2084304 0.7958677 0.2021259 0.7851409 0.1309555 0.6927124 0.1309555 0.6927124 0.2021259 0.7851409 0.1141384 0.642497 0.3028528 0.1340759 0.2155282 0.2098487 0.3213816 0.128523 0.3028528 0.1340759 0.3213816 0.128523 0.4385296 0.09519898 0.5325177 0.0825982 0.4385296 0.09519898 0.6343409 0.1158891 0.5325177 0.0825982 0.6343409 0.1158891 0.6863129 0.1310349 0.6863129 0.1310349 0.6343409 0.1158891 0.7863397 0.2105032 0.8031206 0.2075985 0.7863397 0.2105032 0.84745 0.2734191 0.84745 0.2734191 0.7863397 0.2105032 0.8881897 0.3623914 0.84745 0.2734191 0.8881897 0.3623914 0.8995215 0.4021095 0.8881897 0.3623914 0.9064473 0.5562655 0.8995215 0.4021095 0.8995215 0.4021095 0.9064473 0.5562655 0.9089348 0.5342525 0.9089348 0.5342525 0.9064473 0.5562655 0.8884699 0.6425192 0.8884699 0.6425192 0.9064473 0.5562655 0.802154 0.7753939 0.8884699 0.6425192 0.802154 0.7753939 0.8469749 0.7315792 0.8469749 0.7315792 0.802154 0.7753939 0.7536814 0.8353155 0.7536814 0.8353155 0.802154 0.7753939 0.7212461 0.8398515 0.6058587 0.9269723 0.7212461 0.8398515 0.5891118 0.8958638 0.501629 0.9082478 0.5891118 0.8958638 0.4613731 0.9090196 0.501629 0.9082478 0.4613731 0.9090196 0.3165964 0.8621175 0.5891118 0.8958638 0.501629 0.9082478 0.6058587 0.9269723 0.6058587 0.9269723 0.7536814 0.8353155 0.7212461 0.8398515 0.7863397 0.2105032 0.8031206 0.2075985 0.6863129 0.1310349 0.4385296 0.09519898 0.5325177 0.0825982 0.42313 0.09098589 0.4385296 0.09519898 0.42313 0.09098589 0.3028528 0.1340759 0.1285465 0.3427911 0.2155282 0.2098487 0.1188114 0.3182856 0.1285465 0.3427911 0.1188114 0.3182856 0.08465975 0.5148921 0.1285465 0.3427911 0.08465975 0.5148921 0.09351378 0.5164893 0.09351378 0.5164893 0.08465975 0.5148921 0.1141384 0.642497 0.1141384 0.642497 0.08465975 0.5148921 0.1309555 0.6927124 0.6863129 0.1310349 0.5857308 0.06378728 0.5325177 0.0825982 0.3028528 0.1340759 0.1957405 0.1763847 0.2155282 0.2098487 0.2155282 0.2098487 0.1957405 0.1763847 0.1188114 0.3182856 0.3165964 0.8621175 0.2084304 0.7958677 0.3274874 0.8959328 0.3165964 0.8621175 0.3274874 0.8959328 0.501629 0.9082478 0.8469749 0.7315792 0.7536814 0.8353155 0.8669617 0.762399 0.9089348 0.5342525 0.8884699 0.6425192 0.9472207 0.5701411 0.9089348 0.5342525 0.9472207 0.5701411 0.9243472 0.3728562 0.9089348 0.5342525 0.9243472 0.3728562 0.8995215 0.4021095 0.8995215 0.4021095 0.9243472 0.3728562 0.84745 0.2734191 0.08465975 0.5148921 0.06014597 0.5856677 0.1309555 0.6927124 0.2084304 0.7958677 0.1309555 0.6927124 0.1492173 0.7829896 0.501629 0.9082478 0.3274874 0.8959328 0.4077937 0.9408176 0.501629 0.9082478 0.4077937 0.9408176 0.6058587 0.9269723 0.8469749 0.7315792 0.8669617 0.762399 0.8884699 0.6425192 0.84745 0.2734191 0.9243472 0.3728562 0.8031206 0.2075985 0.6863129 0.1310349 0.8031206 0.2075985 0.7699285 0.134535 0.6863129 0.1310349 0.7699285 0.134535 0.5857308 0.06378728 0.42313 0.09098589 0.5325177 0.0825982 0.3205076 0.09016835 0.42313 0.09098589 0.3205076 0.09016835 0.3028528 0.1340759 0.3028528 0.1340759 0.3205076 0.09016835 0.1957405 0.1763847 0.1188114 0.3182856 0.06273233 0.3612805 0.08465975 0.5148921 0.1309555 0.6927124 0.06014597 0.5856677 0.1492173 0.7829896 0.2084304 0.7958677 0.1492173 0.7829896 0.3274874 0.8959328 0.7536814 0.8353155 0.6058587 0.9269723 0.661188 0.965008 0.7536814 0.8353155 0.661188 0.965008 0.8669617 0.762399 0.8669617 0.762399 0.9472207 0.5701411 0.8884699 0.6425192 0.5325177 0.0825982 0.5857308 0.06378728 0.3205076 0.09016835 0.1188114 0.3182856 0.1957405 0.1763847 0.06273233 0.3612805 0.08465975 0.5148921 0.06273233 0.3612805 0.06014597 0.5856677 0.6058587 0.9269723 0.4635542 0.994582 0.661188 0.965008 0.8031206 0.2075985 0.9243472 0.3728562 0.7699285 0.134535 0.3274874 0.8959328 0.1492173 0.7829896 0.4077937 0.9408176 0.661188 0.965008 0.7645711 0.9188378 0.8669617 0.762399 0.8669617 0.762399 0.7645711 0.9188378 0.8880118 0.8097278 0.8669617 0.762399 0.8880118 0.8097278 0.9472207 0.5701411 0.9472207 0.5701411 0.8880118 0.8097278 0.9898093 0.4461529 0.9472207 0.5701411 0.9898093 0.4461529 0.9243472 0.3728562 0.9243472 0.3728562 0.9898093 0.4461529 0.9034667 0.2155342 0.9243472 0.3728562 0.9034667 0.2155342 0.7699285 0.134535 0.7699285 0.134535 0.9034667 0.2155342 0.6364314 0.0301218 0.7699285 0.134535 0.6364314 0.0301218 0.5857308 0.06378728 0.5857308 0.06378728 0.6364314 0.0301218 0.3205076 0.09016835 0.3205076 0.09016835 0.6364314 0.0301218 0.2982856 0.05121797 0.3205076 0.09016835 0.2982856 0.05121797 0.1957405 0.1763847 0.1957405 0.1763847 0.2982856 0.05121797 0.1870338 0.1165605 0.1957405 0.1763847 0.1870338 0.1165605 0.06273233 0.3612805 0.06273233 0.3612805 0.1870338 0.1165605 0.06117349 0.2735227 0.06273233 0.3612805 0.06117349 0.2735227 0.006148874 0.5388062 0.06273233 0.3612805 0.006148874 0.5388062 0.06014597 0.5856677 0.06014597 0.5856677 0.006148874 0.5388062 0.1492173 0.7829896 0.1492173 0.7829896 0.006148874 0.5388062 0.07346791 0.7552169 0.1492173 0.7829896 0.07346791 0.7552169 0.230248 0.9135577 0.1492173 0.7829896 0.230248 0.9135577 0.4077937 0.9408176 0.4077937 0.9408176 0.230248 0.9135577 0.4635542 0.994582 0.4077937 0.9408176 0.4635542 0.994582 0.6058587 0.9269723 0.4807808 0.5193948 0.5214568 0.5071569 0.5227679 0.5106756 0.5227679 0.5106756 0.5214568 0.5071569 0.4928432 0.4785432 0.4928432 0.4785432 0.5214568 0.5071569 0.4893245 0.4772321 0.4928432 0.4785432 0.4893245 0.4772321 0.4807808 0.5193948 0.4331389 0.4141072 0.4332352 0.4140982 0.4428706 0.4260966 0.4428706 0.4260966 0.4332352 0.4140982 0.4418668 0.4264665 0.4031565 0.4718191 0.4102668 0.4732022 0.3952344 0.4702925 0.3952344 0.4702925 0.4102668 0.4732022 0.4332352 0.4140982 0.4332352 0.4140982 0.4102668 0.4732022 0.4418668 0.4264665 0.4017452 0.5438862 0.3982485 0.5378206 0.4119706 0.5317143 0.4119706 0.5317143 0.3982485 0.5378206 0.4121941 0.5327187 0.447677 0.5775957 0.4436188 0.5837698 0.4388694 0.5898005 0.4121941 0.5327187 0.3982485 0.5378206 0.4436188 0.5837698 0.5047495 0.6084607 0.5039383 0.6018674 0.5036901 0.5937507 0.6044668 0.5293387 0.5979399 0.5277561 0.5888088 0.5280411 0.5870854 0.4666752 0.5954055 0.4651429 0.6019503 0.4616016 0.4969491 0.3989468 0.4979929 0.4064242 0.4957069 0.3911812 0.4979929 0.4064242 0.557141 0.41532 0.4957069 0.3911812 0.07575756 0.4944508 0.1030977 0.4953433 0.07628911 0.4739136 0.07628911 0.4739136 0.1030977 0.4953433 0.1018202 0.4789487 0.08484846 0.6264775 0.1128917 0.6384598 0.09837293 0.5685884 0.1128917 0.6384598 0.08484846 0.6264775 0.08484846 0.6262829 0.08484846 0.6262829 0.1132066 0.6392894 0.1128917 0.6384598 0.1129227 0.6219536 0.1132066 0.6392894 0.08484846 0.6262829 0.08484846 0.6262829 0.09845089 0.5572495 0.1129227 0.6219536 0.08484846 0.4093648 0.1114544 0.3835475 0.08975648 0.4673665 0.08484846 0.3631403 0.1114544 0.3835475 0.08484846 0.4093648 0.1136764 0.3608757 0.1114544 0.3835475 0.08484846 0.3631403 0.111302 0.3840608 0.1136764 0.3608757 0.08484846 0.3631403 0.08484846 0.4127431 0.111302 0.3840608 0.08484846 0.3631403 0.08484846 0.4127431 0.08888798 0.4648237 0.111302 0.3840608 0.04276746 0.5348564 0.03474479 0.5565956 0.05176717 0.566874 0.04276746 0.5348564 0.05176717 0.566874 0.04905474 0.5470229 0.04905474 0.5470229 0.05176717 0.566874 0.03196209 0.5711966 0.04905474 0.5470229 0.03196209 0.5711966 0.03207546 0.5444751 0.03207546 0.5444751 0.03196209 0.5711966 0.03474479 0.5565956 0.03207546 0.5444751 0.03474479 0.5565956 0.04276746 0.5348564 0.04892563 0.548614 0.05003607 0.5653261 0.04693967 0.536696 0.04693967 0.536696 0.05003607 0.5653261 0.03266602 0.5574027 0.04693967 0.536696 0.03266602 0.5574027 0.03304427 0.5449292 0.03304427 0.5449292 0.03266602 0.5574027 0.03238934 0.5709593 0.05003607 0.5653261 0.04892563 0.548614 0.03238934 0.5709593 0.03238934 0.5709593 0.04892563 0.548614 0.03304427 0.5449292 0.03484272 0.439894 0.02293068 0.4561929 0.04135358 0.4515119 0.03484272 0.439894 0.04135358 0.4515119 0.04177504 0.428432 0.04177504 0.428432 0.04135358 0.4515119 0.05184733 0.4378786 0.04937583 0.4626111 0.05184733 0.4378786 0.04135358 0.4515119 0.05184733 0.4378786 0.04937583 0.4626111 0.03484272 0.439894 0.03484272 0.439894 0.04937583 0.4626111 0.02293068 0.4561929 0.03451073 0.4392113 0.02983725 0.4539172 0.04759407 0.4627968 0.03451073 0.4392113 0.04759407 0.4627968 0.05125319 0.440479 0.05125319 0.440479 0.04759407 0.4627968 0.04585629 0.4294012 0.04585629 0.4294012 0.04759407 0.4627968 0.05059188 0.4504684 0.02983725 0.4539172 0.03451073 0.4392113 0.04585629 0.4294012 0.02983725 0.4539172 0.04585629 0.4294012 0.05059188 0.4504684 0.09282797 0.395497 0.1055641 0.4531832 0.09407454 0.3956643 0.09407454 0.3956643 0.1055641 0.4531832 0.0968005 0.4454988 0.1018202 0.4789487 0.09069383 0.4755661 0.07628911 0.4739136 0.04135358 0.4515119 0.07898736 0.4205768 0.07528614 0.460626 0.0968005 0.4454988 0.07528614 0.460626 0.07898736 0.4205768 0.0968005 0.4454988 0.07898736 0.4205768 0.09407454 0.3956643 0.07628911 0.4739136 0.07813566 0.4204108 0.05059188 0.4504684 0.09069383 0.4755661 0.07813566 0.4204108 0.07628911 0.4739136 0.09282797 0.395497 0.07813566 0.4204108 0.09069383 0.4755661 0.09069383 0.4755661 0.1018202 0.4789487 0.09282797 0.395497 0.1018202 0.4789487 0.1055641 0.4531832 0.09282797 0.395497 0.1030977 0.4953433 0.07575756 0.4944508 0.1007946 0.4646357 0.1007946 0.4646357 0.07575756 0.4944508 0.07528614 0.460626 0.0968005 0.4454988 0.1007946 0.4646357 0.07528614 0.460626 0.1007946 0.4646357 0.0968005 0.4454988 0.1055641 0.4531832 0.07813566 0.4204108 0.0151515 0.4164065 0.05059188 0.4504684 0.0151515 0.4164065 0.02983725 0.4539172 0.05059188 0.4504684 0.07898736 0.4205768 0.04135358 0.4515119 0.0151515 0.4163166 0.04135358 0.4515119 0.02293068 0.4561929 0.0151515 0.4163166 0.4870554 0.3572174 0.4075335 0.2009716 0.5126486 0.3609427 0.5126486 0.3609427 0.5221844 0.4503102 0.4959958 0.3907437 0.5733373 0.1909946 0.5126486 0.3609427 0.4075335 0.2009716 0.184432 0.4108096 0.4870554 0.3572174 0.3958959 0.495272 0.3958959 0.495272 0.4870554 0.3572174 0.4959958 0.3907437 0.4959958 0.3907437 0.5221844 0.4503102 0.3958959 0.495272 0.4870554 0.3572174 0.184432 0.4108096 0.2404208 0.2956733 0.4870554 0.3572174 0.2404208 0.2956733 0.4075335 0.2009716 0.184432 0.4108096 0.4809285 0.8191952 0.200759 0.6362451 0.3958959 0.495272 0.3556714 0.4887778 0.184432 0.4108096 0.200759 0.6362451 0.4809285 0.8191952 0.256575 0.7239218 0.4809285 0.8191952 0.4873515 0.6390573 0.5121445 0.6435829 0.5121445 0.6435829 0.5040043 0.6092563 0.5950956 0.5049019 0.4697313 0.5480901 0.5040043 0.6092563 0.4873515 0.6390573 0.4809285 0.8191952 0.5121445 0.6435829 0.5950956 0.5049019 0.5950956 0.5049019 0.5040043 0.6092563 0.4697313 0.5480901 0.184432 0.4108096 0.3556714 0.4887778 0.3564158 0.5120862 0.4873515 0.6390573 0.4809285 0.8191952 0.184432 0.4108096 0.4873515 0.6390573 0.184432 0.4108096 0.3564158 0.5120862 0.3958959 0.495272 0.4697313 0.5480901 0.4873515 0.6390573 0.3958959 0.495272 0.4873515 0.6390573 0.3564158 0.5120862 0.8031082 0.4248301 0.6304348 0.4787647 0.5221844 0.4503102 0.5950956 0.5049019 0.6426849 0.5078023 0.4809285 0.8191952 0.8031082 0.4248301 0.6426849 0.5078023 0.6304348 0.4787647 0.6304348 0.4787647 0.5950956 0.5049019 0.5221844 0.4503102 0.6426849 0.5078023 0.731269 0.7287636 0.4809285 0.8191952 0.6426849 0.5078023 0.8031082 0.4248301 0.731269 0.7287636 0.5126486 0.3609427 0.5733373 0.1909946 0.5221844 0.4503102 0.5733373 0.1909946 0.8031082 0.4248301 0.5221844 0.4503102 0.6959326 0.2641937 0.7356948 0.2671695 0.7154091 0.2480365 0.7154091 0.2480365 0.7502621 0.2827799 0.5733373 0.1909946 0.5733373 0.1909946 0.7502621 0.2827799 0.8031082 0.4248301 0.7502621 0.2827799 0.7356948 0.2671695 0.6959326 0.2641937 0.2538996 0.2781188 0.2404208 0.2956733 0.2125581 0.332727 0.355063 0.212599 0.2832653 0.2491872 0.2538996 0.2781188 0.355063 0.212599 0.2538996 0.2781188 0.2125581 0.332727 0.4075335 0.2009716 0.2404208 0.2956733 0.2832653 0.2491872 0.3484585 0.7833288 0.2513595 0.7189739 0.2851995 0.7525169 0.256575 0.7239218 0.2513595 0.7189739 0.1976 0.6608737 0.1976 0.6608737 0.2513595 0.7189739 0.3484585 0.7833288 0.4809285 0.8191952 0.2851995 0.7525169 0.256575 0.7239218 0.7988712 0.6162884 0.6262744 0.7953384 0.7261839 0.7418794 0.7988712 0.6162884 0.7261839 0.7418794 0.7550519 0.7118553 0.731269 0.7287636 0.7550519 0.7118553 0.7225276 0.7452459 0.6262744 0.7953384 0.7225276 0.7452459 0.7261839 0.7418794 0.200759 0.6362451 0.256575 0.7239218 0.1976 0.6608737 0.5007554 0.8200765 0.6262744 0.7953384 0.3484585 0.7833288 0.6959326 0.2641937 0.500189 0.1799472 0.355063 0.212599 0.3484585 0.7833288 0.2851995 0.7525169 0.4809285 0.8191952 0.3484585 0.7833288 0.4809285 0.8191952 0.5007554 0.8200765 0.731269 0.7287636 0.7225276 0.7452459 0.6262744 0.7953384 0.731269 0.7287636 0.6262744 0.7953384 0.4809285 0.8191952 0.4809285 0.8191952 0.6262744 0.7953384 0.5007554 0.8200765 0.7988712 0.6162884 0.7550519 0.7118553 0.731269 0.7287636 0.7988712 0.6162884 0.731269 0.7287636 0.8031082 0.4248301 0.7988712 0.6162884 0.8031082 0.4248301 0.6959326 0.2641937 0.6959326 0.2641937 0.8031082 0.4248301 0.7502621 0.2827799 0.6959326 0.2641937 0.7154091 0.2480365 0.5733373 0.1909946 0.6959326 0.2641937 0.5733373 0.1909946 0.500189 0.1799472 0.355063 0.212599 0.500189 0.1799472 0.4075335 0.2009716 0.355063 0.212599 0.4075335 0.2009716 0.2832653 0.2491872 0.8488408 0.1424467 0.836769 0.1303543 0.7269832 0.06606966 0.836769 0.1303543 0.867623 0.1612075 0.7269832 0.06606966 0.7269832 0.06606966 0.867623 0.1612075 0.9201963 0.238406 0.867623 0.1612075 0.8488408 0.1424467 0.8691974 0.1715011 0.2792398 0.06544709 0.1541001 0.139409 0.05420309 0.2949259 0.05420309 0.2949259 0.1541001 0.139409 0.1297596 0.1640008 0.06144928 0.2891762 0.1297596 0.1640008 0.1623866 0.1311748 0.06144928 0.2891762 0.1623866 0.1311748 0.3211773 0.05021739 0.3211773 0.05021739 0.1623866 0.1311748 0.1541001 0.139409 0.05624061 0.701527 0.1305978 0.8369067 0.2938315 0.9426017 0.2938315 0.9426017 0.1305978 0.8369067 0.1623791 0.8688201 0.2938315 0.9426017 0.1623791 0.8688201 0.1503731 0.8568044 0.3556023 0.950086 0.1503731 0.8568044 0.05363863 0.702813 0.05363863 0.702813 0.1503731 0.8568044 0.1305978 0.8369067 0.6993177 0.943075 0.8547196 0.852106 0.9536152 0.6139572 0.9536152 0.6139572 0.8547196 0.852106 0.8615675 0.8448463 0.9531126 0.6449343 0.8615675 0.8448463 0.7683698 0.9163541 0.7683698 0.9163541 0.8615675 0.8448463 0.8297641 0.8759993 0.6993177 0.943075 0.8297641 0.8759993 0.8547196 0.852106 0.05624061 0.701527 0.05420309 0.2949259 0.018615 0.6282061 0.018615 0.6282061 0.05420309 0.2949259 0.02215039 0.3558097 0.06144928 0.2891762 0.01719945 0.3719478 0.02215039 0.3558097 0.06144928 0.2891762 0.02255451 0.6427502 0.01719945 0.3719478 0.05363863 0.702813 0.02255451 0.6427502 0.06144928 0.2891762 0.05624061 0.701527 0.018615 0.6282061 0.02255451 0.6427502 0.1541001 0.139409 0.2792398 0.06544709 0.3211773 0.05021739 0.3211773 0.05021739 0.2792398 0.06544709 0.621634 0.02179569 0.3211773 0.05021739 0.621634 0.02179569 0.7269832 0.06606966 0.7269832 0.06606966 0.621634 0.02179569 0.8691974 0.1715011 0.7269832 0.06606966 0.8691974 0.1715011 0.8488408 0.1424467 0.02215039 0.3558097 0.05420309 0.2949259 0.06144928 0.2891762 0.06144928 0.2891762 0.05420309 0.2949259 0.1297596 0.1640008 0.1305978 0.8369067 0.05624061 0.701527 0.05363863 0.702813 0.05363863 0.702813 0.05624061 0.701527 0.02255451 0.6427502 0.3556023 0.950086 0.2938315 0.9426017 0.1503731 0.8568044 0.8297641 0.8759993 0.6993177 0.943075 0.7683698 0.9163541 0.7683698 0.9163541 0.6993177 0.943075 0.3556023 0.950086 0.3556023 0.950086 0.6993177 0.943075 0.2938315 0.9426017 0.867623 0.1612075 0.8691974 0.1715011 0.9201963 0.238406 0.9201963 0.238406 0.8691974 0.1715011 0.9536152 0.6139572 0.9201963 0.238406 0.9536152 0.6139572 0.9531126 0.6449343 0.9531126 0.6449343 0.9536152 0.6139572 0.8615675 0.8448463 0.05624061 0.701527 0.3564158 0.5120862 0.05420309 0.2949259 0.05420309 0.2949259 0.3564158 0.5120862 0.3781272 0.487346 0.05420309 0.2949259 0.3781272 0.487346 0.469597 0.4184542 0.6993177 0.943075 0.5121445 0.6435829 0.2938315 0.9426017 0.3564158 0.5120862 0.05624061 0.701527 0.3735695 0.5212352 0.3735695 0.5212352 0.05624061 0.701527 0.2938315 0.9426017 0.5121445 0.6435829 0.4814826 0.6067878 0.2938315 0.9426017 0.2938315 0.9426017 0.4814826 0.6067878 0.3735695 0.5212352 0.5250364 0.5788418 0.5121445 0.6435829 0.6993177 0.943075 0.469597 0.4184542 0.3781272 0.487346 0.4814826 0.6067878 0.4814826 0.6067878 0.3781272 0.487346 0.3735695 0.5212352 0.621634 0.02179569 0.4870554 0.3572174 0.5231806 0.4064478 0.4870554 0.3572174 0.2792398 0.06544709 0.469597 0.4184542 0.469597 0.4184542 0.2792398 0.06544709 0.05420309 0.2949259 0.4870554 0.3572174 0.621634 0.02179569 0.2792398 0.06544709 0.5231806 0.4064478 0.9536152 0.6139572 0.8691974 0.1715011 0.8691974 0.1715011 0.621634 0.02179569 0.5231806 0.4064478 0.5231806 0.4064478 0.5250364 0.5788418 0.6218728 0.5126541 0.6304348 0.4787647 0.6426849 0.5078023 0.9536152 0.6139572 0.6218728 0.5126541 0.5250364 0.5788418 0.6993177 0.943075 0.5231806 0.4064478 0.6304348 0.4787647 0.9536152 0.6139572 0.6218728 0.5126541 0.9536152 0.6139572 0.6426849 0.5078023 0.6218728 0.5126541 0.6993177 0.943075 0.9536152 0.6139572 0.5231806 0.4064478 0.6218728 0.5126541 0.6304348 0.4787647 0.3958959 0.495272 0.4814826 0.6067878 0.4697313 0.5480901 0.4697313 0.5480901 0.4814826 0.6067878 0.5250364 0.5788418 0.4697313 0.5480901 0.5250364 0.5788418 0.5950956 0.5049019 0.5950956 0.5049019 0.5250364 0.5788418 0.5231806 0.4064478 0.5950956 0.5049019 0.5231806 0.4064478 0.5221844 0.4503102 0.5221844 0.4503102 0.5231806 0.4064478 0.469597 0.4184542 0.5221844 0.4503102 0.469597 0.4184542 0.3958959 0.495272 0.3958959 0.495272 0.469597 0.4184542 0.4814826 0.6067878 0.4873515 0.6390573 0.4814826 0.6067878 0.5121445 0.6435829 0.5121445 0.6435829 0.5250364 0.5788418 0.5040043 0.6092563 0.5040043 0.6092563 0.5250364 0.5788418 0.4814826 0.6067878 0.5040043 0.6092563 0.4814826 0.6067878 0.4873515 0.6390573 0.3564158 0.5120862 0.3735695 0.5212352 0.3958959 0.495272 0.3958959 0.495272 0.3735695 0.5212352 0.3781272 0.487346 0.3958959 0.495272 0.3781272 0.487346 0.3556714 0.4887778 0.3556714 0.4887778 0.3781272 0.487346 0.3564158 0.5120862 0.4870554 0.3572174 0.469597 0.4184542 0.4959958 0.3907437 0.4959958 0.3907437 0.469597 0.4184542 0.5231806 0.4064478 0.4959958 0.3907437 0.5231806 0.4064478 0.5126486 0.3609427 0.5126486 0.3609427 0.5231806 0.4064478 0.4870554 0.3572174 0.5950956 0.5049019 0.6218728 0.5126541 0.6426849 0.5078023 0.5950956 0.5049019 0.6304348 0.4787647 0.6218728 0.5126541 0.355063 0.212599 0.3211773 0.05021739 0.6959326 0.2641937 0.7988712 0.6162884 0.9531126 0.6449343 0.6262744 0.7953384 0.6262744 0.7953384 0.9531126 0.6449343 0.7683698 0.9163541 0.3211773 0.05021739 0.7269832 0.06606966 0.6959326 0.2641937 0.7269832 0.06606966 0.9201963 0.238406 0.6959326 0.2641937 0.6959326 0.2641937 0.9201963 0.238406 0.9531126 0.6449343 0.6959326 0.2641937 0.9531126 0.6449343 0.7988712 0.6162884 0.6262744 0.7953384 0.7683698 0.9163541 0.3556023 0.950086 0.6262744 0.7953384 0.3556023 0.950086 0.3484585 0.7833288 0.06144928 0.2891762 0.1115415 0.3840046 0.05363863 0.702813 0.05363863 0.702813 0.1115415 0.3840046 0.1976 0.6608737 0.1115415 0.3840046 0.06144928 0.2891762 0.2125581 0.332727 0.2125581 0.332727 0.06144928 0.2891762 0.355063 0.212599 0.355063 0.212599 0.06144928 0.2891762 0.3211773 0.05021739 0.05363863 0.702813 0.1976 0.6608737 0.3556023 0.950086 0.3556023 0.950086 0.1976 0.6608737 0.3484585 0.7833288 0.836769 0.1303543 0.7154091 0.2480365 0.7356948 0.2671695 0.836769 0.1303543 0.7356948 0.2671695 0.867623 0.1612075 0.867623 0.1612075 0.7356948 0.2671695 0.7502621 0.2827799 0.867623 0.1612075 0.7502621 0.2827799 0.8488408 0.1424467 0.8488408 0.1424467 0.7502621 0.2827799 0.7154091 0.2480365 0.8488408 0.1424467 0.7154091 0.2480365 0.836769 0.1303543 0.1297596 0.1640008 0.2538996 0.2781188 0.1623866 0.1311748 0.1623866 0.1311748 0.2538996 0.2781188 0.2832653 0.2491872 0.1623866 0.1311748 0.2832653 0.2491872 0.1541001 0.139409 0.1541001 0.139409 0.2832653 0.2491872 0.2404208 0.2956733 0.1541001 0.139409 0.2404208 0.2956733 0.1297596 0.1640008 0.1297596 0.1640008 0.2404208 0.2956733 0.2538996 0.2781188 0.2513595 0.7189739 0.1503731 0.8568044 0.2851995 0.7525169 0.1503731 0.8568044 0.2513595 0.7189739 0.1305978 0.8369067 0.2513595 0.7189739 0.256575 0.7239218 0.1305978 0.8369067 0.1305978 0.8369067 0.256575 0.7239218 0.1623791 0.8688201 0.1623791 0.8688201 0.256575 0.7239218 0.2851995 0.7525169 0.1623791 0.8688201 0.2851995 0.7525169 0.1503731 0.8568044 0.8615675 0.8448463 0.7550519 0.7118553 0.7261839 0.7418794 0.8615675 0.8448463 0.7261839 0.7418794 0.8297641 0.8759993 0.8297641 0.8759993 0.7261839 0.7418794 0.7225276 0.7452459 0.8297641 0.8759993 0.7225276 0.7452459 0.8547196 0.852106 0.8547196 0.852106 0.7225276 0.7452459 0.7550519 0.7118553 0.8547196 0.852106 0.7550519 0.7118553 0.8615675 0.8448463 0.1115415 0.3840046 0.01719945 0.3719478 0.02255451 0.6427502 0.1115415 0.3840046 0.02255451 0.6427502 0.1976 0.6608737 0.2125581 0.332727 0.02215039 0.3558097 0.01719945 0.3719478 0.01719945 0.3719478 0.1115415 0.3840046 0.2125581 0.332727 0.184432 0.4108096 0.02215039 0.3558097 0.2404208 0.2956733 0.2404208 0.2956733 0.02215039 0.3558097 0.2125581 0.332727 0.200759 0.6362451 0.018615 0.6282061 0.184432 0.4108096 0.184432 0.4108096 0.018615 0.6282061 0.02215039 0.3558097 0.200759 0.6362451 0.02255451 0.6427502 0.018615 0.6282061 0.02255451 0.6427502 0.200759 0.6362451 0.1976 0.6608737 0.4075335 0.2009716 0.500189 0.1799472 0.5733373 0.1909946 0 0.5249913 0.219178 0.4425573 0.219178 0.5408398 0 0.4686989 0.219178 0.5121949 0.219178 0.4425573 0 0.4686989 0.219178 0.4425573 0 0.5249913 0 0.5249913 0.219178 0.5408398 0.219178 0.5121949 0 0.5249913 0.219178 0.5121949 0 0.4686989 0.2302633 0.3531803 0.219178 0.5248883 0.2216292 0.7217568 0.219178 0.8217099 0.219178 0.7967013 0.219178 0.5121949 0.219178 0.5121949 0.219178 0.4997694 0.2302633 0.3531803 0.2302633 0.3531803 0.219178 0.4997694 0.219178 0.5248883 0.219178 0.8586098 0.219178 0.8217099 0.2214925 0.8796967 0.219178 0.7967013 0.2216292 0.7217568 0.219178 0.5248883 0.219178 0.7967013 0.219178 0.5248883 0.219178 0.5121949 0.2544354 0.9465718 0.219178 0.8586098 0.2214925 0.8796967 0.219178 0.5121949 0.219178 0.5408398 0.219178 0.8217099 0.219178 0.8586098 0.2544354 0.9465718 0.2216292 0.7217568 0.219178 0.8586098 0.2216292 0.7217568 0.219178 0.7967013 0.219178 0.4425573 0.219178 0.203299 0.219178 0.14139 0.219178 0.4425573 0.219178 0.14139 0.2226622 0.08563297 0.219178 0.17829 0.2302633 0.3531803 0.2663695 0.1507447 0.219178 0.17829 0.2663695 0.1507447 0.219178 0.14139 0.219178 0.14139 0.2663695 0.1507447 0.2226622 0.08563297 0.219178 0.17829 0.219178 0.5121949 0.2302633 0.3531803 0.219178 0.203299 0.219178 0.4425573 0.219178 0.5121949 0.219178 0.203299 0.219178 0.5121949 0.219178 0.17829 0.2316161 0.6039221 0.219178 0.4751119 0.2661023 0.2679577 0.219178 0.5408398 0.219178 0.5002309 0.2214925 0.8796967 0.219178 0.5408398 0.2214925 0.8796967 0.219178 0.8217099 0.2661023 0.2679577 0.219178 0.4751119 0.219178 0.4425573 0.219178 0.5408398 0.219178 0.4425573 0.219178 0.5002309 0.219178 0.4751119 0.2316161 0.6039221 0.2214925 0.8796967 0.219178 0.4751119 0.2214925 0.8796967 0.219178 0.5002309 0.219178 0.4425573 0.2226622 0.08563297 0.2661023 0.2679577 0.2544354 0.9465718 0.6722782 0.9483883 0.6505569 0.8730445 0.2544354 0.9465718 0.6505569 0.8730445 0.2216292 0.7217568 0.2216292 0.7217568 0.6505569 0.8730445 0.680522 0.478063 0.2216292 0.7217568 0.680522 0.478063 0.2302633 0.3531803 0.2302633 0.3531803 0.680522 0.478063 0.2663695 0.1507447 0.2663695 0.1507447 0.680522 0.478063 0.6553757 0.09400808 0.2663695 0.1507447 0.6553757 0.09400808 0.2226622 0.08563297 0.2226622 0.08563297 0.6553757 0.09400808 0.6717386 0.1168521 0.2226622 0.08563297 0.6717386 0.1168521 0.2661023 0.2679577 0.2661023 0.2679577 0.6717386 0.1168521 0.672399 0.4960676 0.2661023 0.2679577 0.672399 0.4960676 0.662354 0.7900446 0.2661023 0.2679577 0.662354 0.7900446 0.2316161 0.6039221 0.2316161 0.6039221 0.662354 0.7900446 0.2214925 0.8796967 0.2214925 0.8796967 0.662354 0.7900446 0.6722782 0.9483883 0.2214925 0.8796967 0.6722782 0.9483883 0.2544354 0.9465718 0.6849315 0.2333074 0.6553757 0.09400808 0.6849315 0.5639153 0.6849315 0.5639153 0.6553757 0.09400808 0.680522 0.478063 0.6849315 0.4360849 0.672399 0.4960676 0.6717386 0.1168521 0.6849315 0.4360849 0.662354 0.7900446 0.672399 0.4960676 0.6849315 0.5639153 0.6505569 0.8730445 0.6849315 0.7666928 0.6849315 0.5639153 0.680522 0.478063 0.6505569 0.8730445 0.6505569 0.8730445 0.6722782 0.9483883 0.6849315 0.7666928 0.6849315 0.2333074 0.6717386 0.1168521 0.6553757 0.09400808 0.6849315 0.4360849 0.6717386 0.1168521 0.6849315 0.2333074 0.6849315 0.7666928 0.6722782 0.9483883 0.662354 0.7900446 0.6849315 0.7666928 0.662354 0.7900446 0.6849315 0.4360849 0.6849315 0.7666928 0.7534247 0.7754629 0.6849315 0.5639153 0.6849315 0.5639153 0.7534247 0.7754629 0.7534247 0.4898817 0.6849315 0.5639153 0.7534247 0.4898817 0.6849315 0.2333074 0.6849315 0.2333074 0.7534247 0.4898817 0.7534247 0.224537 0.6849315 0.2333074 0.7534247 0.224537 0.6849315 0.4360849 0.6849315 0.4360849 0.7534247 0.224537 0.7534247 0.5101183 0.6849315 0.4360849 0.7534247 0.5101183 0.6849315 0.7666928 0.6849315 0.7666928 0.7534247 0.5101183 0.7534247 0.7754629 0.7534247 0.4228287 0.7534247 0.4898817 0.7534247 0.5148335 0.7534247 0.4228287 0.7534247 0.224537 0.7534247 0.4898817 0.7534247 0.5313152 0.7534247 0.5101183 0.7534247 0.224537 0.7534247 0.5313152 0.7534247 0.224537 0.7534247 0.4228287 0.7534247 0.5313152 0.7534247 0.7754629 0.7534247 0.5101183 0.7534247 0.5148335 0.7534247 0.4898817 0.7534247 0.7754629 0.7534247 0.5148335 0.7534247 0.7754629 0.7534247 0.5313152 0.7534247 0.5313152 1 0.5476534 0.7534247 0.5148335 0.7534247 0.5148335 1 0.5476534 1 0.4523467 0.7534247 0.5148335 1 0.4523467 0.7534247 0.4228287 0.7534247 0.4228287 1 0.4523467 0.7534247 0.5313152 0.7534247 0.5313152 1 0.4523467 1 0.5476534 0.288814 0.4726582 0.219178 0.5002309 0.219178 0.4425573 0.288814 0.4726582 0.219178 0.4425573 0.219178 0.4751119 0.288814 0.4726582 0.219178 0.4751119 0.219178 0.5002309 0.288814 0.527342 0.219178 0.5121949 0.219178 0.5248883 0.288814 0.527342 0.219178 0.5248883 0.219178 0.4997694 0.288814 0.527342 0.219178 0.4997694 0.219178 0.5121949 0.2887624 0.1721444 0.219178 0.203299 0.219178 0.17829 0.2887624 0.1721444 0.219178 0.17829 0.219178 0.14139 0.2887624 0.1721444 0.219178 0.14139 0.219178 0.203299 0.2887624 0.8278556 0.219178 0.8586098 0.219178 0.7967013 0.2887624 0.8278556 0.219178 0.7967013 0.219178 0.8217099 0.2887624 0.8278556 0.219178 0.8217099 0.219178 0.8586098 0.005028665 0.9113876 0.03799134 0.9328566 0.003436923 0.8907383 0.5039685 0.6941757 0.4698193 0.6616542 0.3994653 0.7657585 0.4627678 0.6171839 0.3622615 0.6543835 0.4698193 0.6616542 0.3622615 0.6543835 0.1172087 0.9112439 0.3994653 0.7657585 0.1172087 0.9112439 0.1657531 0.7627064 0.03799134 0.9328566 0.1657531 0.7627064 0.003436923 0.8907383 0.03799134 0.9328566 0.3622615 0.6543835 0.3994653 0.7657585 0.4698193 0.6616542 0.1172087 0.9112439 0.3622615 0.6543835 0.1657531 0.7627064 0.5623733 0.6781924 0.5358617 0.6961067 0.6174966 0.7741833 0.7616398 0.7430662 0.5776844 0.6249145 0.5623733 0.6781924 0.9923366 0.9391324 0.9578794 0.9181135 0.9954181 0.9879976 0.6174966 0.7741833 0.7616398 0.7430662 0.5623733 0.6781924 0.9792456 0.998593 0.9954181 0.9879976 0.9578794 0.9181135 0.9792456 0.998593 0.9578794 0.9181135 0.7789654 0.8953738 0.7789654 0.8953738 0.9578794 0.9181135 0.7616398 0.7430662 0.7789654 0.8953738 0.7616398 0.7430662 0.6174966 0.7741833 0.5198553 0.5712543 0.561607 0.5863059 0.5878804 0.4103394 0.4825541 0.5848141 0.5198553 0.5712543 0.4864001 0.3568035 0.5624915 0.001433193 0.5304604 0.01764357 0.5124607 0.05852961 0.5198553 0.5712543 0.5878804 0.4103394 0.4864001 0.3568035 0.5124607 0.05852961 0.5878804 0.4103394 0.595621 0.1878899 0.4864001 0.3568035 0.5878804 0.4103394 0.5124607 0.05852961 0.5124607 0.05852961 0.5768319 0.01098644 0.5624915 0.001433193 0.5768319 0.01098644 0.5124607 0.05852961 0.595621 0.1878899 0.1657531 0.7627064 0.3622615 0.6543835 0.464374 0.6466357 0.005028665 0.9113876 0.003436923 0.8907383 0.1067955 0.890803 0.4888458 0.6876358 0.5039685 0.6941757 0.3994653 0.7657585 0.1067955 0.890803 0.003436923 0.8907383 0.1657531 0.7627064 0.1172087 0.9112439 0.03799134 0.9328566 0.1067955 0.890803 0.1172087 0.9112439 0.1067955 0.890803 0.3994653 0.7657585 0.3994653 0.7657585 0.464374 0.6466357 0.4888458 0.6876358 0.3994653 0.7657585 0.1067955 0.890803 0.464374 0.6466357 0.464374 0.6466357 0.1067955 0.890803 0.1657531 0.7627064 0.464374 0.6466357 0.3622615 0.6543835 0.4627678 0.6171839 0.03799134 0.9328566 0.005028665 0.9113876 0.1067955 0.890803 0.4947343 0.5757967 0.5878804 0.4103394 0.5339708 0.5717278 0.5304604 0.01764357 0.5768319 0.01098644 0.595621 0.1878899 0.5304604 0.01764357 0.595621 0.1878899 0.5878804 0.4103394 0.5304604 0.01764357 0.4825541 0.5848141 0.4864001 0.3568035 0.5304604 0.01764357 0.4864001 0.3568035 0.5124607 0.05852961 0.5768319 0.01098644 0.5304604 0.01764357 0.5624915 0.001433193 0.4947343 0.5757967 0.4825541 0.5848141 0.5304604 0.01764357 0.5339708 0.5717278 0.5878804 0.4103394 0.561607 0.5863059 0.5304604 0.01764357 0.5878804 0.4103394 0.4947343 0.5757967 0.5616303 0.6772695 0.5358617 0.6961067 0.5039685 0.6941757 0.5616303 0.6772695 0.5039685 0.6941757 0.563234 0.6717522 0.563234 0.6717522 0.5781843 0.635428 0.5616303 0.6772695 0.5358617 0.6961067 0.4790812 0.6725541 0.5039685 0.6941757 0.5039685 0.6941757 0.4790812 0.6725541 0.4698193 0.6616542 0.4790812 0.6725541 0.4627678 0.6171839 0.4698193 0.6616542 0.4825541 0.5848141 0.5046491 0.5776794 0.5198553 0.5712543 0.5046491 0.5776794 0.561607 0.5863059 0.5198553 0.5712543 0.464374 0.6466357 0.4627678 0.6171839 0.4825541 0.5848141 0.464374 0.6466357 0.4825541 0.5848141 0.4686293 0.6558133 0.464374 0.6466357 0.4686293 0.6558133 0.4888458 0.6876358 0.5046491 0.5776794 0.4825541 0.5848141 0.4627678 0.6171839 0.8585838 0.8638637 0.6174966 0.7741833 0.5616303 0.6772695 0.6174966 0.7741833 0.8585838 0.8638637 0.7789654 0.8953738 0.8585838 0.8638637 0.9792456 0.998593 0.7789654 0.8953738 0.7616398 0.7430662 0.5781843 0.635428 0.5776844 0.6249145 0.7616398 0.7430662 0.9578794 0.9181135 0.9923366 0.9391324 0.5616303 0.6772695 0.5781843 0.635428 0.8585838 0.8638637 0.5781843 0.635428 0.7616398 0.7430662 0.8585838 0.8638637 0.8585838 0.8638637 0.7616398 0.7430662 0.9923366 0.9391324 0.8585838 0.8638637 0.9923366 0.9391324 0.9954181 0.9879976 0.5616303 0.6772695 0.6174966 0.7741833 0.5358617 0.6961067 0.9954181 0.9879976 0.9792456 0.998593 0.8585838 0.8638637 0.5339708 0.5717278 0.561607 0.5863059 0.5458763 0.5847889 0.5458763 0.5847889 0.4947343 0.5757967 0.5339708 0.5717278 0.5458763 0.5847889 0.5776844 0.6249145 0.5781843 0.635428 0.561607 0.5863059 0.5713345 0.6531103 0.5776844 0.6249145 0.5713345 0.6531103 0.5623733 0.6781924 0.5776844 0.6249145 0.5713345 0.6531103 0.5358617 0.6961067 0.5623733 0.6781924 0.561607 0.5863059 0.5776844 0.6249145 0.5458763 0.5847889 0.561607 0.5863059 0.544811 0.6365486 0.5713345 0.6531103 0.5713345 0.6531103 0.544811 0.6365486 0.5358617 0.6961067 0.5358617 0.6961067 0.544811 0.6365486 0.506404 0.6455492 0.5358617 0.6961067 0.506404 0.6455492 0.4790812 0.6725541 0.4790812 0.6725541 0.506404 0.6455492 0.4627678 0.6171839 0.4627678 0.6171839 0.506404 0.6455492 0.5046491 0.5776794 0.5046491 0.5776794 0.506404 0.6455492 0.5229492 0.6061713 0.5046491 0.5776794 0.5229492 0.6061713 0.561607 0.5863059 0.561607 0.5863059 0.5229492 0.6061713 0.544811 0.6365486 0.494662 0.6248564 0.4825541 0.5848141 0.4947343 0.5757967 0.494662 0.6248564 0.4947343 0.5757967 0.5062785 0.6115292 0.5116083 0.6589025 0.5039685 0.6941757 0.4888458 0.6876358 0.5116083 0.6589025 0.4888458 0.6876358 0.4686293 0.6558133 0.5116083 0.6589025 0.4686293 0.6558133 0.494662 0.6248564 0.494662 0.6248564 0.4686293 0.6558133 0.4825541 0.5848141 0.5039685 0.6941757 0.5116083 0.6589025 0.563234 0.6717522 0.563234 0.6717522 0.5116083 0.6589025 0.5439569 0.6476994 0.5399605 0.6145865 0.5781843 0.635428 0.5439569 0.6476994 0.5439569 0.6476994 0.5781843 0.635428 0.563234 0.6717522 0.5458763 0.5847889 0.5399605 0.6145865 0.5062785 0.6115292 0.5458763 0.5847889 0.5062785 0.6115292 0.4947343 0.5757967 0.5399605 0.6145865 0.5458763 0.5847889 0.5781843 0.635428 0.5116083 0.6589025 0.494662 0.6248564 0.5062785 0.6115292 0.5116083 0.6589025 0.506404 0.6455492 0.5439569 0.6476994 0.5439569 0.6476994 0.506404 0.6455492 0.544811 0.6365486 0.5439569 0.6476994 0.544811 0.6365486 0.5399605 0.6145865 0.5399605 0.6145865 0.544811 0.6365486 0.5229492 0.6061713 0.5399605 0.6145865 0.5229492 0.6061713 0.5062785 0.6115292 0.5062785 0.6115292 0.5229492 0.6061713 0.506404 0.6455492 0.5062785 0.6115292 0.506404 0.6455492 0.5116083 0.6589025 0.4107223 0.7281294 0.2536105 0.4723626 0.1200993 0.7691216 0.4107223 0.7281294 0.1200993 0.7691216 0.3948237 0.7852753 0.3948237 0.7852753 0.1200993 0.7691216 0.5856885 0.9693034 0.3948237 0.7852753 0.5856885 0.9693034 0.4803192 0.7768617 0.841443 0.6149222 0.7373809 0.5362847 0.4803192 0.7768617 0.7373809 0.5362847 0.8589904 0.5352724 0.98732 0.4755231 0.2536105 0.4723626 0.4107223 0.7281294 0.577861 0.6355014 0.577861 0.6355014 0.4107223 0.7281294 0.4803192 0.7768617 0.577861 0.6355014 0.4803192 0.7768617 0.7373809 0.5362847 0.98732 0.4755231 0.8589904 0.5352724 0.9356671 0.7192507 0.9356671 0.7192507 0.8589904 0.5352724 0.841443 0.6149222 0.9356671 0.7192507 0.841443 0.6149222 0.5856885 0.9693034 0.5856885 0.9693034 0.841443 0.6149222 0.4803192 0.7768617 0.560752 0.1932608 0.5191625 0.02030891 0.3579596 0.433986 0.560752 0.1932608 0.3579596 0.433986 0.5371132 0.3207445 0.5371132 0.3207445 0.7373809 0.5362847 0.5893122 0.2721812 0.5893122 0.2721812 0.7373809 0.5362847 0.98732 0.4755231 0.5191625 0.02030891 0.560752 0.1932608 0.8722191 0.1991845 0.5893122 0.2721812 0.98732 0.4755231 0.8722191 0.1991845 0.5893122 0.2721812 0.8722191 0.1991845 0.560752 0.1932608 0.3579596 0.433986 0.5191625 0.02030891 0.1965025 0.1209667 0.3579596 0.433986 0.1965025 0.1209667 0.06551086 0.2820274 0.06551086 0.2820274 0.1547051 0.3933659 0.3579596 0.433986 0.3579596 0.433986 0.1547051 0.3933659 0.2536105 0.4723626 0.1575304 0.4735807 0.1200993 0.7691216 0.2536105 0.4723626 0.1547051 0.3933659 0.06551086 0.2820274 0.1575304 0.4735807 0.1575304 0.4735807 0.06551086 0.2820274 0.1200993 0.7691216 0.9356671 0.7192507 0.8018211 0.6164399 0.8643033 0.5577517 0.9356671 0.7192507 0.8643033 0.5577517 0.98732 0.4755231 0.466434 0.8042232 0.9356671 0.7192507 0.5856885 0.9693034 0.98732 0.4755231 0.8643033 0.5577517 0.6042185 0.3055536 0.6042185 0.3055536 0.8643033 0.5577517 0.7835938 0.5353009 0.466434 0.8042232 0.8018211 0.6164399 0.9356671 0.7192507 0.466434 0.8042232 0.5856885 0.9693034 0.1665297 0.8534037 0.466434 0.8042232 0.1665297 0.8534037 0.3948237 0.7852753 0.8018211 0.6164399 0.577861 0.6355014 0.7835938 0.5353009 0.7835938 0.5353009 0.577861 0.6355014 0.6042185 0.3055536 0.8018211 0.6164399 0.466434 0.8042232 0.4447327 0.7056798 0.8018211 0.6164399 0.4447327 0.7056798 0.577861 0.6355014 0.1965025 0.1209667 0.1547051 0.3933659 0.01411563 0.4853256 0.4447327 0.7056798 0.1575304 0.4735807 0.2517685 0.4213066 0.4447327 0.7056798 0.2517685 0.4213066 0.3579596 0.433986 0.1665297 0.8534037 0.1575304 0.4735807 0.4447327 0.7056798 0.1665297 0.8534037 0.4447327 0.7056798 0.3948237 0.7852753 0.01411563 0.4853256 0.1547051 0.3933659 0.1575304 0.4735807 0.01411563 0.4853256 0.1575304 0.4735807 0.1665297 0.8534037 0.1547051 0.3933659 0.1965025 0.1209667 0.2517685 0.4213066 0.2517685 0.4213066 0.1965025 0.1209667 0.5191625 0.02030891 0.98732 0.4755231 0.6042185 0.3055536 0.8722191 0.1991845 0.5150211 0.2418167 0.5191625 0.02030891 0.5777283 0.1853452 0.5777283 0.1853452 0.8722191 0.1991845 0.6042185 0.3055536 0.5777283 0.1853452 0.5191625 0.02030891 0.8722191 0.1991845 0.5150211 0.2418167 0.6042185 0.3055536 0.2517685 0.4213066 0.5191625 0.02030891 0.5150211 0.2418167 0.2517685 0.4213066 0.1200993 0.7691216 0.1665297 0.8534037 0.5856885 0.9693034 0.1665297 0.8534037 0.1200993 0.7691216 0.01411563 0.4853256 0.01411563 0.4853256 0.1200993 0.7691216 0.06551086 0.2820274 0.01411563 0.4853256 0.06551086 0.2820274 0.1965025 0.1209667 0.5371132 0.3207445 0.6042185 0.3055536 0.7373809 0.5362847 0.7373809 0.5362847 0.6042185 0.3055536 0.577861 0.6355014 0.577861 0.6355014 0.4447327 0.7056798 0.2536105 0.4723626 0.2536105 0.4723626 0.4447327 0.7056798 0.3579596 0.433986 0.3579596 0.433986 0.2517685 0.4213066 0.5371132 0.3207445 0.5371132 0.3207445 0.2517685 0.4213066 0.6042185 0.3055536 0.1575304 0.4735807 0.2536105 0.4723626 0.2517685 0.4213066 0.2517685 0.4213066 0.2536105 0.4723626 0.1547051 0.3933659 0.8018211 0.6164399 0.841443 0.6149222 0.8643033 0.5577517 0.8643033 0.5577517 0.841443 0.6149222 0.8589904 0.5352724 0.8643033 0.5577517 0.8589904 0.5352724 0.7835938 0.5353009 0.7835938 0.5353009 0.8589904 0.5352724 0.7373809 0.5362847 0.7835938 0.5353009 0.7373809 0.5362847 0.8018211 0.6164399 0.8018211 0.6164399 0.7373809 0.5362847 0.841443 0.6149222 0.466434 0.8042232 0.3948237 0.7852753 0.4803192 0.7768617 0.466434 0.8042232 0.4803192 0.7768617 0.4447327 0.7056798 0.4447327 0.7056798 0.4803192 0.7768617 0.4107223 0.7281294 0.4447327 0.7056798 0.4107223 0.7281294 0.3948237 0.7852753 0.5150211 0.2418167 0.5893122 0.2721812 0.6042185 0.3055536 0.6042185 0.3055536 0.5893122 0.2721812 0.560752 0.1932608 0.6042185 0.3055536 0.560752 0.1932608 0.5777283 0.1853452 0.5777283 0.1853452 0.560752 0.1932608 0.5150211 0.2418167 0.5150211 0.2418167 0.560752 0.1932608 0.5371132 0.3207445 0.5150211 0.2418167 0.5371132 0.3207445 0.5893122 0.2721812</float_array>
          <technique_common>
            <accessor source="#Shape_IndexedFaceSet_001-mesh-map-0-array" count="3522" stride="2">
              <param name="S" type="float"/>
              <param name="T" type="float"/>
            </accessor>
          </technique_common>
        </source>
        <vertices id="Shape_IndexedFaceSet_001-mesh-vertices">
          <input semantic="POSITION" source="#Shape_IndexedFaceSet_001-mesh-positions"/>
        </vertices>
        <triangles material="Shape_001-material" count="698">
          <input semantic="VERTEX" source="#Shape_IndexedFaceSet_001-mesh-vertices" offset="0"/>
          <input semantic="NORMAL" source="#Shape_IndexedFaceSet_001-mesh-normals" offset="1"/>
          <input semantic="TEXCOORD" source="#Shape_IndexedFaceSet_001-mesh-map-0" offset="2" set="0"/>
          <p>4 0 0 25 1 1 42 2 2 43 3 3 27 4 4 5 5 5 5 6 6 27 7 7 20 8 8 5 9 9 20 10 10 7 11 11 20 12 12 35 13 13 59 14 14 59 15 15 35 16 16 43 17 17 43 18 18 35 19 19 27 20 20 19 21 21 25 22 22 4 23 23 34 24 24 42 25 25 25 26 26 42 27 27 34 28 28 58 29 29 58 30 30 34 31 31 19 32 32 6 33 33 19 34 34 4 35 35 62 36 36 12 37 37 37 38 38 62 39 39 37 40 40 66 41 41 16 42 42 36 43 43 67 44 44 67 45 45 36 46 46 13 47 47 67 48 48 13 49 49 63 50 50 20 51 51 59 52 52 7 53 53 39 54 54 7 55 55 59 56 56 39 57 57 59 58 58 63 59 59 39 60 60 63 61 61 7 62 62 7 63 63 63 64 64 13 65 65 37 66 66 15 67 67 66 68 68 66 69 69 15 70 70 16 71 71 66 72 72 16 73 73 67 74 74 12 75 75 62 76 76 6 77 77 38 78 78 6 79 79 62 80 80 38 81 81 62 82 82 58 83 83 38 84 84 58 85 85 6 86 86 6 87 87 58 88 88 19 89 89 7 90 90 14 90 91 11 90 92 9 91 93 7 91 94 11 91 95 5 92 96 7 92 97 9 92 98 4 93 99 8 93 100 6 93 101 15 94 102 14 94 103 16 94 104 16 95 105 14 95 106 13 95 107 14 96 108 6 96 109 10 96 110 15 97 111 12 97 112 14 97 113 14 98 114 12 98 115 6 98 116 8 99 117 10 99 118 6 99 119 14 100 120 7 100 121 13 100 122 46 101 123 49 102 124 31 103 125 14 104 126 23 105 127 11 106 128 11 107 129 23 108 130 26 109 131 50 110 132 26 111 133 30 112 134 30 113 135 51 114 136 50 115 137 14 116 138 30 117 139 23 118 140 14 119 141 22 120 142 32 121 143 32 122 144 29 123 145 51 124 146 51 125 147 29 126 148 49 127 149 10 128 150 29 129 151 22 130 152 10 131 153 22 132 154 14 133 155 10 134 156 8 135 157 31 136 158 31 137 159 21 138 160 46 139 161 11 140 162 28 141 163 9 142 164 28 143 165 45 144 166 33 145 167 10 146 168 31 147 169 49 148 170 10 149 171 49 150 172 29 151 173 14 152 174 32 153 175 51 154 176 14 155 177 51 156 178 30 157 179 11 158 180 26 159 181 50 160 182 11 161 183 50 162 184 45 163 185 11 164 186 45 165 187 28 166 188 45 167 189 51 167 190 49 167 191 51 168 192 45 168 193 50 168 194 43 169 195 55 169 196 59 169 197 56 170 198 53 170 199 57 170 200 55 171 201 43 171 202 57 171 203 55 172 204 57 172 205 53 172 206 66 173 207 69 173 208 68 173 209 66 174 210 68 174 211 64 174 212 66 175 213 64 175 214 62 175 215 62 176 216 64 176 217 60 176 218 62 177 219 60 177 220 58 177 221 58 178 222 60 178 223 54 178 224 58 179 225 54 179 226 42 179 227 42 180 228 54 180 229 56 180 230 56 181 231 54 181 232 53 181 233 55 182 234 61 182 235 59 182 236 59 183 237 61 183 238 63 183 239 63 184 240 61 184 241 65 184 242 63 185 243 65 185 244 67 185 245 67 186 246 65 186 247 69 186 248 67 187 249 69 187 250 66 187 251 78 188 252 85 189 253 60 190 254 85 191 255 104 192 256 93 193 257 104 194 258 85 195 259 78 196 260 104 197 261 78 198 262 128 199 263 128 200 264 78 201 265 118 202 266 128 203 267 118 204 268 138 205 269 138 206 270 118 207 271 149 208 272 138 209 273 149 210 274 197 211 275 197 212 276 149 213 277 217 214 278 197 215 279 217 216 280 255 217 281 197 218 282 255 219 283 265 220 284 265 221 285 255 222 286 277 223 287 265 224 288 277 225 289 291 226 290 291 227 291 277 228 292 302 229 293 291 230 294 302 231 295 313 232 296 313 233 297 302 234 298 312 235 299 313 236 300 312 237 301 290 238 302 290 239 303 312 240 304 273 241 305 290 242 306 273 243 307 275 244 308 275 245 309 273 246 310 249 247 311 249 248 312 273 249 313 243 250 314 249 251 315 243 252 316 196 253 317 196 254 318 243 255 319 201 256 320 196 257 321 201 258 322 135 259 323 196 260 324 135 261 325 146 262 326 146 263 327 135 264 328 120 265 329 146 266 330 120 267 331 115 268 332 97 269 333 115 270 334 120 271 335 64 272 336 94 273 337 97 274 338 97 275 339 94 276 340 115 277 341 105 278 342 86 279 343 93 280 344 61 281 345 86 282 346 79 283 347 99 284 348 91 285 349 65 286 350 101 287 351 95 288 352 91 289 353 79 290 354 86 291 355 105 292 356 79 293 357 105 294 358 113 295 359 113 296 360 105 297 361 122 298 362 113 299 363 122 300 364 137 301 365 137 302 366 122 303 367 140 304 368 137 305 369 140 306 370 195 307 371 137 308 372 195 309 373 199 310 374 199 311 375 195 312 376 248 313 377 248 314 378 259 315 379 281 316 380 248 317 381 195 318 382 259 319 383 281 320 384 259 321 385 289 322 386 281 323 387 289 324 388 307 325 389 307 326 390 289 327 391 309 328 392 307 329 393 292 330 394 295 331 395 307 332 396 309 333 397 292 334 398 295 335 399 292 336 400 266 337 401 295 338 402 266 339 403 263 340 404 266 341 405 244 342 406 263 343 407 244 344 408 266 345 409 198 346 410 244 347 411 198 348 412 175 349 413 139 350 414 134 351 415 175 352 416 139 353 417 175 354 418 198 355 419 134 356 420 139 357 421 117 358 422 134 359 423 117 360 424 116 361 425 116 362 426 117 363 427 101 364 428 116 365 429 101 366 430 99 367 431 99 368 432 101 369 433 91 370 434 217 371 435 149 372 436 200 373 437 118 374 438 78 375 439 100 376 440 64 377 441 70 378 442 60 379 443 131 380 444 106 381 445 120 382 446 92 383 447 114 384 448 100 385 449 299 386 450 297 387 451 312 388 452 242 389 453 201 390 454 243 391 455 211 392 456 142 393 457 135 394 458 131 395 459 135 396 460 142 397 461 131 398 462 120 399 463 135 400 464 97 401 465 120 402 466 106 403 467 96 404 468 97 405 469 106 406 470 96 407 471 70 408 472 97 409 473 97 410 474 70 411 475 64 412 476 70 413 477 92 414 478 60 415 479 60 416 480 92 417 481 78 418 482 78 419 483 92 420 484 100 421 485 118 422 486 100 423 487 114 424 488 114 425 489 132 426 490 118 427 491 132 428 492 149 429 493 118 430 494 132 431 495 167 432 496 149 433 497 149 434 498 167 435 499 200 436 500 200 437 501 167 438 502 215 439 503 200 440 504 215 441 505 217 442 506 255 443 507 217 444 508 254 445 509 254 446 510 217 447 511 215 448 512 254 449 513 270 450 514 255 451 515 277 452 516 255 453 517 270 454 518 302 455 519 277 456 520 270 457 521 305 458 522 302 459 523 270 460 524 302 461 525 305 462 526 314 463 527 305 464 528 299 465 529 314 466 530 314 467 531 312 468 532 302 469 533 312 470 534 314 471 535 299 472 536 273 473 537 312 474 538 297 475 539 297 476 540 261 477 541 273 478 542 261 479 543 243 480 544 273 481 545 261 482 546 242 483 547 243 484 548 201 485 549 242 486 550 211 487 551 211 488 552 135 489 553 201 490 554 104 491 555 128 492 556 122 493 557 197 494 558 247 495 559 195 496 560 308 497 561 313 498 562 309 499 563 275 500 564 249 501 565 266 502 566 249 503 567 196 504 568 266 505 569 266 506 570 196 507 571 198 508 572 139 509 573 115 510 574 117 511 575 105 512 576 93 513 577 104 514 578 104 515 579 122 516 580 105 517 581 140 518 582 122 519 583 138 520 584 138 521 585 122 522 586 128 523 587 140 524 588 138 525 589 183 526 590 138 527 591 197 528 592 183 529 593 183 530 594 195 531 595 140 532 596 197 533 597 195 534 598 183 535 599 197 536 600 265 537 601 247 538 602 247 539 603 259 540 604 195 541 605 247 542 606 265 543 607 259 544 608 265 545 609 291 546 610 259 547 611 259 548 612 291 549 613 289 550 614 291 551 615 308 552 616 289 553 617 291 554 618 313 555 619 308 556 620 289 557 621 308 558 622 309 559 623 313 560 624 290 561 625 309 562 626 292 563 627 309 564 628 290 565 629 266 566 630 292 567 631 275 568 632 275 569 633 292 570 634 290 571 635 196 572 636 182 573 637 198 574 638 196 575 639 146 576 640 182 577 641 182 578 642 139 579 643 198 580 644 182 581 645 146 582 646 139 583 647 146 584 648 115 585 649 139 586 650 115 587 651 101 588 652 117 589 653 94 590 654 101 591 655 115 592 656 94 593 657 95 594 658 101 595 659 175 596 660 134 597 661 156 598 662 61 599 663 79 600 664 75 601 665 61 602 666 75 603 667 73 604 668 79 605 669 113 606 670 80 607 671 80 608 672 113 609 673 112 610 674 133 611 675 113 612 676 137 613 677 133 614 678 137 615 679 141 616 680 239 617 681 262 618 682 224 619 683 239 620 684 248 621 685 262 622 686 248 623 687 281 624 688 262 625 689 281 626 690 298 627 691 293 628 692 307 629 693 295 630 694 306 631 695 306 632 696 295 633 697 287 634 698 295 635 699 263 636 700 287 637 701 156 638 702 134 639 703 125 640 704 116 641 705 110 642 706 134 643 707 116 644 708 99 645 709 110 646 710 134 647 711 110 648 712 125 649 713 110 650 714 99 651 715 83 652 716 73 653 717 83 654 718 65 655 719 65 656 720 83 657 721 99 658 722 65 659 723 61 660 724 73 661 725 75 662 726 80 663 727 73 664 728 75 665 729 79 666 730 80 667 731 133 668 732 112 669 733 113 670 734 137 671 735 199 672 736 141 673 737 224 674 738 141 675 739 199 676 740 224 677 741 199 678 742 239 679 743 239 680 744 199 681 745 248 682 746 281 683 747 293 684 748 262 685 749 298 686 750 281 687 751 307 688 752 298 689 753 307 690 754 306 691 755 298 692 756 306 693 757 293 694 758 306 695 759 287 696 760 268 697 761 268 698 762 287 699 763 263 700 764 256 701 765 268 702 766 263 703 767 256 704 768 263 705 769 244 706 770 256 707 771 244 708 772 216 709 773 244 710 774 175 711 775 156 712 776 244 713 777 156 714 778 216 715 779 221 716 780 235 717 781 229 718 782 229 719 783 235 720 784 234 721 785 220 722 786 222 723 787 230 724 788 187 725 789 206 726 790 221 727 791 221 728 792 206 729 793 220 730 794 181 731 795 209 732 796 187 733 797 187 734 798 209 735 799 206 736 800 172 737 801 177 738 802 169 739 803 169 740 804 177 741 805 187 742 806 171 743 807 161 744 808 168 745 809 157 746 810 171 747 811 169 748 812 157 749 813 179 750 814 171 751 815 186 752 816 179 753 817 157 754 818 204 755 819 202 756 820 178 757 821 189 758 822 204 759 823 186 760 824 189 761 825 219 762 826 204 763 827 229 764 828 219 765 829 189 766 830 221 767 831 220 768 832 230 769 833 221 770 834 230 771 835 235 772 836 229 773 837 234 774 838 228 775 839 229 776 840 228 777 841 219 778 842 219 779 843 228 780 844 218 781 845 186 782 846 204 783 847 178 784 848 186 785 849 178 786 850 179 787 851 169 788 852 171 789 853 168 790 854 169 791 855 168 792 856 172 793 857 187 794 858 177 795 859 181 796 860 159 797 861 90 798 862 158 799 863 158 800 864 90 801 865 89 802 866 158 803 867 89 804 868 157 805 869 157 806 870 89 807 871 88 808 872 157 809 873 88 810 874 159 811 875 159 812 876 88 813 877 90 814 878 166 815 879 136 816 880 186 817 881 186 818 882 136 819 883 145 820 884 186 821 885 145 822 886 155 823 887 186 824 888 155 825 889 189 826 890 189 827 891 155 828 892 166 829 893 166 830 894 155 831 895 136 832 896 213 833 897 264 834 898 232 835 899 232 836 900 264 837 901 278 838 902 232 839 903 278 840 904 286 841 905 232 842 906 286 843 907 233 844 908 233 845 909 286 846 910 264 847 911 233 848 912 264 849 913 213 850 914 226 851 915 283 852 916 237 853 917 237 854 918 283 855 919 285 856 920 237 857 921 285 858 922 280 859 923 237 860 924 280 861 925 231 862 926 231 863 927 280 864 928 283 865 929 231 866 930 283 867 931 226 868 932 142 869 933 154 870 934 184 871 935 184 872 936 154 873 937 192 874 938 192 875 939 154 876 940 147 877 941 192 878 942 147 879 943 185 880 944 185 881 945 147 882 946 184 883 947 184 884 948 147 885 949 142 886 950 164 887 951 184 887 952 226 887 953 96 888 954 106 888 955 131 888 956 136 889 957 132 889 958 114 889 959 136 890 960 167 890 961 132 890 962 215 891 963 167 891 964 136 891 965 264 892 966 270 892 967 254 892 968 264 893 969 254 893 970 215 893 971 264 894 972 305 894 973 270 894 974 211 895 975 242 895 976 261 895 977 213 896 978 208 896 979 226 896 980 159 897 981 190 897 982 166 897 983 166 898 984 190 898 985 193 898 986 166 899 987 193 899 988 213 899 989 193 900 990 208 900 991 213 900 992 190 901 993 164 901 994 208 901 995 208 902 996 164 902 997 226 902 998 190 903 999 159 903 1000 164 903 1001 283 904 1002 261 904 1003 297 904 1004 283 905 1005 297 905 1006 299 905 1007 70 906 1008 90 906 1009 92 906 1010 70 907 1011 96 907 1012 90 907 1013 205 908 1014 226 909 1015 184 910 1016 231 911 1017 238 912 1018 237 913 1019 241 914 1020 226 915 1021 235 916 1022 235 917 1023 226 918 1024 237 919 1025 218 920 1026 213 921 1027 219 922 1028 219 923 1029 213 924 1030 232 925 1031 173 926 1032 166 927 1033 174 928 1034 174 929 1035 166 930 1036 186 931 1037 157 932 1038 160 933 1039 158 934 1040 164 935 1041 159 936 1042 165 937 1043 165 938 1044 159 939 1045 158 940 1046 185 941 1047 194 942 1048 192 943 1049 205 944 1050 184 945 1051 206 946 1052 206 947 1053 184 948 1054 192 949 1055 166 950 1056 161 951 1057 159 952 1058 157 953 1059 159 954 1060 162 955 1061 162 956 1062 159 957 1063 161 958 1064 166 959 1065 173 960 1066 161 961 1067 186 962 1068 157 963 1069 174 964 1070 174 965 1071 157 966 1072 162 967 1073 164 968 1074 170 969 1075 184 970 1076 185 971 1077 184 972 1078 177 973 1079 177 974 1080 184 975 1081 170 976 1082 185 977 1083 177 978 1084 160 979 1085 160 980 1086 165 981 1087 158 982 1088 165 983 1089 160 984 1090 177 985 1091 205 986 1092 222 987 1093 226 988 1094 231 989 1095 226 990 1096 220 991 1097 220 992 1098 226 993 1099 222 994 1100 231 995 1101 220 996 1102 194 997 1103 194 998 1104 206 999 1105 192 1000 1106 206 1001 1107 194 1002 1108 220 1003 1109 241 1004 1110 240 1005 1111 226 1006 1112 226 1007 1113 240 1008 1114 213 1009 1115 233 1010 1116 213 1011 1117 234 1012 1118 234 1013 1119 213 1014 1120 240 1015 1121 233 1016 1122 234 1017 1123 238 1018 1124 238 1019 1125 235 1020 1126 237 1021 1127 235 1022 1128 238 1023 1129 234 1024 1130 213 1025 1131 202 1026 1132 166 1027 1133 166 1028 1134 202 1029 1135 203 1030 1136 166 1031 1137 203 1032 1138 189 1033 1139 189 1034 1140 203 1035 1141 207 1036 1142 213 1037 1143 218 1038 1144 202 1039 1145 207 1040 1146 219 1041 1147 233 1042 1148 233 1043 1149 219 1044 1150 232 1045 1151 219 1046 1152 207 1047 1153 203 1048 1154 189 1049 1155 207 1049 1156 229 1049 1157 229 1050 1158 207 1050 1159 233 1050 1160 229 1051 1161 233 1051 1162 238 1051 1163 229 1052 1164 238 1052 1165 221 1052 1166 221 1053 1167 238 1053 1168 231 1053 1169 221 1054 1170 231 1054 1171 194 1054 1172 221 1055 1173 194 1055 1174 187 1055 1175 187 1056 1176 194 1056 1177 185 1056 1178 187 1057 1179 185 1057 1180 169 1057 1181 169 1058 1182 185 1058 1183 160 1058 1184 169 1059 1185 160 1059 1186 157 1059 1187 170 1060 1188 164 1060 1189 168 1060 1190 228 1061 1191 240 1061 1192 241 1061 1193 222 1062 1194 205 1062 1195 228 1062 1196 228 1063 1197 205 1063 1198 209 1063 1199 168 1064 1200 161 1064 1201 178 1064 1202 178 1065 1203 161 1065 1204 173 1065 1205 228 1066 1206 241 1066 1207 230 1066 1208 228 1067 1209 230 1067 1210 222 1067 1211 170 1068 1212 168 1068 1213 178 1068 1214 170 1069 1215 178 1069 1216 181 1069 1217 181 1070 1218 178 1070 1219 191 1070 1220 181 1071 1221 191 1071 1222 190 1071 1223 212 1072 1224 228 1072 1225 209 1072 1226 212 1073 1227 191 1073 1228 218 1073 1229 218 1074 1230 191 1074 1231 202 1074 1232 202 1075 1233 191 1075 1234 178 1075 1235 212 1076 1236 218 1076 1237 228 1076 1238 181 1077 1239 190 1077 1240 209 1077 1241 209 1078 1242 190 1078 1243 212 1078 1244 89 1079 1245 81 1080 1246 88 1081 1247 81 1082 1248 89 1083 1249 76 1084 1250 151 1085 1251 155 1086 1252 130 1087 1253 145 1088 1254 130 1089 1255 155 1090 1256 288 1091 1257 286 1092 1258 271 1093 1259 271 1094 1260 286 1095 1261 278 1096 1262 280 1097 1263 285 1098 1264 294 1099 1265 283 1100 1266 280 1101 1267 261 1102 1268 261 1103 1269 280 1104 1270 267 1105 1271 280 1106 1272 294 1107 1273 267 1108 1274 131 1109 1275 142 1110 1276 147 1111 1277 131 1112 1278 147 1113 1279 124 1114 1280 124 1115 1281 147 1116 1282 163 1117 1283 163 1118 1284 147 1119 1285 154 1120 1286 142 1121 1287 163 1122 1288 154 1123 1289 90 1124 1290 88 1125 1291 72 1126 1292 90 1127 1293 72 1128 1294 92 1129 1295 92 1130 1296 72 1131 1297 87 1132 1298 84 1133 1299 87 1134 1300 76 1135 1301 87 1136 1302 81 1137 1303 76 1138 1304 211 1139 1305 210 1140 1306 142 1141 1307 210 1142 1308 211 1143 1309 252 1144 1310 261 1145 1311 252 1146 1312 211 1147 1313 261 1148 1314 267 1149 1315 252 1150 1316 294 1151 1317 285 1152 1318 283 1153 1319 294 1154 1320 283 1155 1321 299 1156 1322 294 1157 1323 299 1158 1324 310 1159 1325 310 1160 1326 299 1161 1327 305 1162 1328 305 1163 1329 303 1164 1330 310 1165 1331 264 1166 1332 288 1167 1333 303 1168 1334 264 1169 1335 303 1170 1336 305 1171 1337 288 1172 1338 264 1173 1339 286 1174 1340 271 1175 1341 278 1176 1342 264 1177 1343 264 1178 1344 250 1179 1345 271 1180 1346 250 1181 1347 264 1182 1348 215 1183 1349 250 1184 1350 215 1185 1351 223 1186 1352 136 1187 1353 151 1188 1354 215 1189 1355 215 1190 1356 151 1191 1357 223 1192 1358 151 1193 1359 136 1194 1360 155 1195 1361 130 1196 1362 145 1197 1363 136 1198 1364 130 1199 1365 136 1200 1366 114 1201 1367 130 1202 1368 114 1203 1369 119 1204 1370 119 1205 1371 114 1206 1372 107 1207 1373 92 1208 1374 107 1209 1375 114 1210 1376 92 1211 1377 84 1212 1378 107 1213 1379 84 1214 1380 92 1215 1381 87 1216 1382 76 1217 1383 89 1218 1384 90 1219 1385 76 1220 1386 90 1221 1387 96 1222 1388 96 1223 1389 98 1224 1390 76 1225 1391 98 1226 1392 96 1227 1393 124 1228 1394 131 1229 1395 124 1230 1396 96 1231 1397 142 1232 1398 210 1233 1399 163 1234 1400 210 1235 1401 143 1236 1402 163 1237 1403 152 1238 1404 102 1239 1405 123 1240 1406 152 1241 1407 123 1242 1408 143 1243 1409 163 1244 1410 143 1245 1411 124 1246 1412 124 1247 1413 77 1248 1414 98 1249 1415 77 1250 1416 40 1251 1417 98 1252 1418 98 1253 1419 40 1254 1420 76 1255 1421 1 1256 1422 3 1257 1423 47 1258 1424 3 1259 1425 111 1260 1426 47 1261 1427 47 1262 1428 111 1263 1429 108 1264 1430 148 1265 1431 236 1266 1432 151 1267 1433 236 1268 1434 253 1269 1435 223 1270 1436 223 1271 1437 253 1272 1438 250 1273 1439 253 1274 1440 271 1275 1441 250 1276 1442 253 1277 1443 282 1278 1444 271 1279 1445 214 1280 1446 269 1281 1447 282 1282 1448 269 1283 1449 316 1284 1450 317 1285 1451 282 1286 1452 317 1287 1453 303 1288 1454 303 1289 1455 317 1290 1456 310 1291 1457 317 1292 1458 318 1293 1459 276 1294 1460 317 1295 1461 276 1296 1462 310 1297 1463 310 1298 1464 276 1299 1465 294 1300 1466 251 1301 1467 152 1302 1468 210 1303 1469 251 1304 1470 210 1305 1471 252 1306 1472 227 1307 1473 153 1308 1474 152 1309 1475 102 1310 1476 152 1311 1477 153 1312 1478 124 1313 1479 143 1314 1480 123 1315 1481 77 1316 1482 123 1317 1483 24 1318 1484 24 1319 1485 123 1320 1486 102 1321 1487 123 1322 1488 77 1323 1489 124 1324 1490 40 1325 1491 77 1326 1492 2 1327 1493 2 1328 1494 77 1329 1495 24 1330 1496 84 1331 1497 76 1332 1498 40 1333 1499 40 1334 1500 2 1335 1501 47 1336 1502 40 1337 1503 47 1338 1504 84 1339 1505 2 1340 1506 1 1341 1507 47 1342 1508 107 1343 1509 84 1344 1510 47 1345 1511 47 1346 1512 108 1347 1513 107 1348 1514 107 1349 1515 108 1350 1516 119 1351 1517 130 1352 1518 119 1353 1519 108 1354 1520 148 1355 1521 130 1356 1522 108 1357 1523 144 1358 1524 108 1359 1525 111 1360 1526 108 1361 1527 144 1362 1528 148 1363 1529 130 1364 1530 148 1365 1531 151 1366 1532 144 1367 1533 214 1368 1534 148 1369 1535 223 1370 1536 151 1371 1537 236 1372 1538 236 1373 1539 148 1374 1540 214 1375 1541 253 1376 1542 236 1377 1543 214 1378 1544 282 1379 1545 253 1380 1546 214 1381 1547 271 1382 1548 282 1383 1549 288 1384 1550 303 1385 1551 288 1386 1552 282 1387 1553 282 1388 1554 269 1389 1555 317 1390 1556 318 1391 1557 317 1392 1558 316 1393 1559 301 1394 1560 276 1395 1561 318 1396 1562 276 1397 1563 267 1398 1564 294 1399 1565 227 1400 1566 276 1401 1567 301 1402 1568 276 1403 1569 227 1404 1570 251 1405 1571 276 1406 1572 251 1407 1573 267 1408 1574 252 1409 1575 267 1410 1576 251 1411 1577 152 1412 1578 251 1413 1579 227 1414 1580 143 1415 1581 210 1416 1582 152 1417 1583 257 1418 1584 227 1419 1585 301 1420 1586 269 1421 1587 214 1422 1588 180 1423 1589 180 1424 1590 214 1425 1591 144 1426 1592 180 1427 1593 144 1428 1594 111 1429 1595 48 1430 1596 111 1431 1597 3 1432 1598 3 1433 1599 1 1434 1600 0 1435 1601 0 1436 1602 1 1437 1603 2 1438 1604 0 1439 1605 2 1440 1606 24 1441 1607 318 1442 1608 316 1442 1609 301 1442 1610 109 1443 1611 125 1444 1612 110 1445 1613 109 1446 1614 110 1447 1615 82 1448 1616 82 1449 1617 110 1450 1618 83 1451 1619 127 1452 1620 112 1453 1621 133 1454 1622 127 1455 1623 133 1456 1624 141 1457 1625 225 1458 1626 141 1459 1627 224 1460 1628 225 1461 1629 224 1462 1630 245 1463 1631 245 1464 1632 224 1465 1633 262 1466 1634 272 1467 1635 262 1468 1636 284 1469 1637 284 1470 1638 262 1471 1639 293 1472 1640 284 1473 1641 293 1474 1642 300 1475 1643 293 1476 1644 306 1477 1645 300 1478 1646 300 1479 1647 306 1480 1648 311 1481 1649 311 1482 1650 306 1483 1651 296 1484 1652 296 1485 1653 306 1486 1654 268 1487 1655 296 1488 1656 268 1489 1657 279 1490 1658 279 1491 1659 268 1492 1660 258 1493 1661 258 1494 1662 268 1495 1663 256 1496 1664 188 1497 1665 256 1498 1666 216 1499 1667 176 1500 1668 216 1501 1669 156 1502 1670 176 1503 1671 156 1504 1672 125 1505 1673 216 1506 1674 176 1507 1675 188 1508 1676 188 1509 1677 258 1510 1678 256 1511 1679 262 1512 1680 272 1513 1681 245 1514 1682 141 1515 1683 225 1516 1684 150 1517 1685 141 1518 1686 150 1519 1687 127 1520 1688 80 1521 1689 112 1522 1690 74 1523 1691 80 1524 1692 74 1525 1693 41 1526 1694 80 1527 1695 41 1528 1696 73 1529 1697 73 1530 1698 41 1531 1699 83 1532 1700 83 1533 1701 41 1534 1702 82 1535 1703 245 1536 1704 246 1537 1705 225 1538 1706 127 1539 1707 103 1540 1708 112 1541 1709 112 1542 1710 103 1543 1711 74 1544 1712 125 1545 1713 109 1546 1714 126 1547 1715 125 1548 1716 126 1549 1717 176 1550 1718 279 1551 1719 258 1552 1720 274 1553 1721 311 1554 1722 296 1555 1723 315 1556 1724 311 1557 1725 315 1558 1726 304 1559 1727 311 1560 1728 304 1561 1729 300 1562 1730 300 1563 1731 304 1564 1732 284 1565 1733 41 1566 1734 17 1567 1735 82 1568 1736 109 1569 1737 82 1570 1738 44 1571 1739 176 1572 1740 126 1573 1741 129 1574 1742 176 1575 1743 129 1576 1744 188 1577 1745 279 1578 1746 274 1579 1747 296 1580 1748 284 1581 1749 304 1582 1750 272 1583 1751 245 1584 1752 272 1585 1753 260 1586 1754 245 1587 1755 260 1588 1756 246 1589 1757 150 1590 1758 225 1591 1759 121 1592 1760 150 1593 1761 121 1594 1762 127 1595 1763 127 1596 1764 121 1597 1765 103 1598 1766 74 1599 1767 18 1600 1768 41 1601 1769 82 1602 1770 17 1603 1771 44 1604 1772 109 1605 1773 44 1606 1774 126 1607 1775 258 1608 1776 188 1609 1777 227 1610 1778 258 1611 1779 227 1612 1780 274 1613 1781 274 1614 1782 315 1615 1783 296 1616 1784 225 1617 1785 246 1618 1786 121 1619 1787 74 1620 1788 103 1621 1789 18 1622 1790 41 1623 1791 18 1624 1792 17 1625 1793 188 1626 1794 153 1627 1795 227 1628 1796 272 1629 1797 304 1630 1798 260 1631 1799 126 1632 1800 44 1633 1801 129 1634 1802 227 1635 1803 257 1636 1804 274 1637 1805 274 1638 1806 257 1639 1807 301 1640 1808 274 1641 1809 301 1642 1810 315 1643 1811 315 1644 1812 301 1645 1813 316 1646 1814 315 1647 1815 316 1648 1816 304 1649 1817 304 1650 1818 316 1651 1819 269 1652 1820 304 1653 1821 269 1654 1822 260 1655 1823 260 1656 1824 269 1657 1825 180 1658 1826 260 1659 1827 180 1660 1828 246 1661 1829 246 1662 1830 180 1663 1831 121 1664 1832 121 1665 1833 180 1666 1834 111 1667 1835 121 1668 1836 111 1669 1837 103 1670 1838 103 1671 1839 111 1672 1840 48 1673 1841 103 1674 1842 48 1675 1843 18 1676 1844 18 1677 1845 48 1678 1846 3 1679 1847 18 1680 1848 3 1681 1849 0 1682 1850 18 1683 1851 0 1684 1852 17 1685 1853 17 1686 1854 0 1687 1855 44 1688 1856 44 1689 1857 0 1690 1858 24 1691 1859 44 1692 1860 24 1693 1861 102 1694 1862 44 1695 1863 102 1696 1864 129 1697 1865 129 1698 1866 102 1699 1867 153 1700 1868 129 1701 1869 153 1702 1870 188 1703 1871 190 1704 1872 208 1705 1873 212 1706 1874 212 1707 1875 208 1708 1876 191 1709 1877 191 1710 1878 208 1711 1879 193 1712 1880 191 1713 1881 193 1714 1882 190 1715 1883 173 1716 1884 174 1716 1885 178 1716 1886 178 1717 1887 174 1717 1888 179 1717 1889 161 1718 1890 171 1718 1891 162 1718 1892 162 1719 1893 171 1719 1894 174 1719 1895 174 1720 1896 171 1720 1897 179 1720 1898 164 1721 1899 165 1721 1900 168 1721 1901 168 1722 1902 165 1722 1903 172 1722 1904 181 1723 1905 177 1723 1906 170 1723 1907 172 1724 1908 165 1724 1909 177 1724 1910 205 1725 1911 206 1725 1912 209 1725 1913 241 1726 1914 235 1726 1915 230 1726 1916 228 1727 1917 234 1727 1918 240 1727 1919 202 1728 1920 204 1729 1921 203 1730 1922 204 1731 1923 219 1731 1924 203 1731 1925 49 1732 1926 88 1733 1927 45 1734 1928 45 1735 1929 88 1735 1930 81 1735 1931 68 1736 1932 94 1737 1933 64 1738 1934 94 1739 1935 68 1740 1936 69 1741 1937 69 1742 1938 95 1743 1939 94 1744 1940 91 1745 1941 95 1746 1942 69 1747 1943 69 1748 1944 65 1749 1945 91 1750 1946 55 1751 1947 86 1752 1948 61 1753 1949 53 1754 1950 86 1755 1951 55 1756 1952 93 1757 1953 86 1758 1954 53 1759 1955 85 1760 1956 93 1761 1957 53 1762 1958 54 1763 1959 85 1764 1960 53 1765 1961 54 1766 1962 60 1767 1963 85 1768 1964 26 1769 1965 13 1770 1966 36 1771 1967 26 1772 1968 36 1773 1969 30 1774 1970 30 1775 1971 36 1776 1972 16 1777 1973 30 1778 1974 16 1779 1975 23 1780 1976 23 1781 1977 16 1782 1978 13 1783 1979 23 1784 1980 13 1785 1981 26 1786 1982 32 1787 1983 37 1788 1984 29 1789 1985 29 1790 1986 37 1791 1987 12 1792 1988 29 1793 1989 12 1794 1990 22 1795 1991 22 1796 1992 12 1797 1993 15 1798 1994 37 1799 1995 32 1800 1996 15 1801 1997 15 1802 1998 32 1803 1999 22 1804 2000 19 1805 2001 8 1806 2002 21 1807 2003 19 1808 2004 21 1809 2005 25 1810 2006 25 1811 2007 21 1812 2008 34 1813 2009 31 1814 2010 34 1815 2011 21 1816 2012 34 1817 2013 31 1818 2014 19 1819 2015 19 1820 2016 31 1821 2017 8 1822 2018 20 1823 2019 9 1824 2020 28 1825 2021 20 1826 2022 28 1827 2023 35 1828 2024 35 1829 2025 28 1830 2026 27 1831 2027 27 1832 2028 28 1833 2029 33 1834 2030 9 1835 2031 20 1836 2032 27 1837 2033 9 1838 2034 27 1839 2035 33 1840 2036 57 1841 2037 87 1841 2038 56 1841 2039 56 1842 2040 87 1842 2041 71 1842 2042 81 1843 2043 52 1843 2044 45 1843 2045 21 1844 2046 42 1845 2047 46 1846 2048 71 1847 2049 46 1848 2050 42 1849 2051 71 1850 2052 42 1851 2053 56 1852 2054 45 1853 2055 43 1854 2056 33 1855 2057 52 1856 2058 43 1857 2059 45 1858 2060 57 1859 2061 43 1860 2062 52 1861 2063 52 1862 2064 81 1863 2065 57 1864 2066 81 1865 2067 87 1866 2068 57 1867 2069 88 1868 2070 49 1869 2071 72 1870 2072 72 1871 2073 49 1872 2074 46 1873 2075 71 1874 2076 72 1875 2077 46 1876 2078 72 1877 2079 71 1878 2080 87 1879 2081 43 1880 2082 5 1880 2083 33 1880 2084 5 1881 2085 9 1881 2086 33 1881 2087 42 1882 2088 21 1882 2089 4 1882 2090 21 1883 2091 8 1883 2092 4 1883 2093</p>
        </triangles>
        <triangles material="Shape-material" count="200">
          <input semantic="VERTEX" source="#Shape_IndexedFaceSet_001-mesh-vertices" offset="0"/>
          <input semantic="NORMAL" source="#Shape_IndexedFaceSet_001-mesh-normals" offset="1"/>
          <input semantic="TEXCOORD" source="#Shape_IndexedFaceSet_001-mesh-map-0" offset="2" set="0"/>
          <p>328 1884 2094 343 1884 2095 351 1884 2096 351 1885 2097 348 1885 2098 350 1885 2099 353 1886 2100 351 1886 2101 343 1886 2102 339 1887 2103 328 1887 2104 346 1887 2105 346 1888 2106 328 1888 2107 350 1888 2108 350 1885 2109 348 1885 2110 346 1885 2111 328 1889 2112 339 1889 2113 341 1889 2114 328 1890 2115 341 1890 2116 343 1890 2117 339 1891 2118 344 1891 2119 340 1891 2120 346 1892 2121 345 1892 2122 339 1892 2123 340 1893 2124 344 1893 2125 342 1893 2126 344 1894 2127 349 1894 2128 330 1894 2129 330 1895 2130 352 1895 2131 354 1895 2132 347 1896 2133 352 1896 2134 349 1896 2135 344 1897 2136 330 1897 2137 354 1897 2138 354 1885 2139 352 1885 2140 347 1885 2141 339 1898 2142 345 1898 2143 323 1898 2144 349 1899 2145 344 1899 2146 339 1899 2147 349 1900 2148 339 1900 2149 323 1900 2150 346 1885 2151 347 1885 2152 349 1885 2153 346 1901 2154 349 1901 2155 323 1901 2156 356 1902 2157 335 1902 2158 348 1902 2159 354 1903 2160 336 1903 2161 344 1903 2162 356 1904 2163 336 1904 2164 335 1904 2165 335 1905 2166 354 1905 2167 348 1905 2168 336 1906 2169 355 1906 2170 344 1906 2171 336 1907 2172 356 1907 2173 355 1907 2174 351 1908 2175 353 1908 2176 348 1908 2177 353 1909 2178 356 1909 2179 348 1909 2180 394 1910 2181 384 1911 2182 367 1912 2183 367 1913 2184 361 1914 2185 353 1915 2186 353 1916 2187 361 1917 2188 356 1918 2189 361 1919 2190 384 1920 2191 394 1921 2192 381 1922 2193 341 1923 2194 376 1924 2195 392 1925 2196 365 1926 2197 381 1927 2198 392 1928 2199 381 1929 2200 376 1930 2201 343 1931 2202 341 1932 2203 365 1933 2204 393 1934 2205 374 1935 2206 368 1936 2207 342 1937 2208 374 1938 2209 389 1939 2210 389 1940 2211 374 1941 2212 393 1942 2213 344 1943 2214 368 1944 2215 342 1945 2216 398 1946 2217 395 1947 2218 382 1948 2219 398 1949 2220 382 1950 2221 369 1951 2222 355 1952 2223 369 1953 2224 362 1954 2225 395 1955 2226 362 1956 2227 382 1957 2228 340 1958 2229 342 1959 2230 389 1960 2231 378 1961 2232 395 1962 2233 393 1963 2234 394 1964 2235 377 1965 2236 392 1966 2237 393 1967 2238 368 1968 2239 344 1969 2240 393 1970 2241 344 1971 2242 378 1972 2243 355 1973 2244 362 1974 2245 395 1975 2246 355 1976 2247 395 1977 2248 344 1978 2249 344 1979 2250 395 1980 2251 378 1981 2252 398 1982 2253 369 1983 2254 355 1984 2255 398 1985 2256 355 1986 2257 356 1987 2258 398 1988 2259 356 1989 2260 394 1990 2261 394 1991 2262 356 1992 2263 361 1993 2264 394 1994 2265 367 1995 2266 353 1996 2267 394 1997 2268 353 1998 2269 377 1999 2270 392 2000 2271 377 2001 2272 343 2002 2273 392 2003 2274 343 2004 2275 365 2005 2276 363 2006 2277 383 2007 2278 396 2008 2279 383 2009 2280 375 2010 2281 396 2011 2282 396 2012 2283 375 2013 2284 399 2014 2285 375 2015 2286 363 2016 2287 337 2017 2288 321 2018 2289 359 2019 2290 320 2020 2291 320 2021 2292 359 2022 2293 371 2023 2294 386 2024 2295 371 2025 2296 379 2026 2297 386 2027 2298 379 2028 2299 391 2029 2300 391 2030 2301 379 2031 2302 359 2032 2303 319 2033 2304 360 2034 2305 322 2035 2306 322 2036 2307 360 2037 2308 366 2038 2309 322 2039 2310 366 2040 2311 380 2041 2312 390 2042 2313 380 2043 2314 387 2044 2315 387 2045 2316 380 2046 2317 360 2047 2318 332 2048 2319 364 2049 2320 338 2050 2321 338 2051 2322 364 2052 2323 372 2053 2324 400 2054 2325 372 2055 2326 397 2056 2327 397 2057 2328 372 2058 2329 370 2059 2330 332 2060 2331 370 2061 2332 364 2062 2333 319 2063 2334 320 2064 2335 357 2065 2336 357 2066 2337 320 2067 2338 358 2068 2339 386 2069 2340 385 2070 2341 358 2071 2342 386 2072 2343 373 2073 2344 385 2074 2345 387 2075 2346 373 2076 2347 386 2077 2348 319 2078 2349 357 2079 2350 373 2080 2351 359 2081 2352 321 2082 2353 391 2083 2354 391 2084 2355 321 2085 2356 331 2086 2357 391 2087 2358 331 2088 2359 396 2089 2360 396 2090 2361 331 2091 2362 337 2092 2363 396 2093 2364 337 2094 2365 363 2095 2366 358 2096 2367 320 2097 2368 386 2098 2369 386 2099 2370 320 2100 2371 371 2101 2372 360 2102 2373 319 2103 2374 387 2104 2375 387 2105 2376 319 2106 2377 373 2107 2378 390 2108 2379 322 2109 2380 380 2110 2381 370 2111 2382 332 2112 2383 397 2113 2384 397 2114 2385 332 2115 2386 390 2116 2387 390 2117 2388 332 2118 2389 322 2119 2390 375 2120 2391 337 2121 2392 399 2122 2393 399 2123 2394 337 2124 2395 338 2125 2396 399 2126 2397 338 2127 2398 400 2128 2399 400 2129 2400 338 2130 2401 372 2131 2402 319 2132 2403 323 2132 2404 320 2132 2405 320 2133 2406 323 2133 2407 324 2133 2408 320 2134 2409 324 2134 2410 327 2134 2411 332 2135 2412 330 2135 2413 322 2135 2414 323 2136 2415 319 2136 2416 325 2136 2417 325 2137 2418 319 2137 2419 322 2137 2420 330 2138 2421 326 2138 2422 322 2138 2423 322 2139 2424 326 2139 2425 325 2139 2426 333 2140 2427 330 2140 2428 332 2140 2429 327 2141 2430 324 2141 2431 326 2141 2432 326 2141 2433 324 2141 2434 325 2141 2435 331 2142 2436 328 2142 2437 329 2142 2438 328 2143 2439 321 2143 2440 327 2143 2441 327 2144 2442 321 2144 2443 320 2144 2444 328 2145 2445 331 2145 2446 321 2145 2447 329 2146 2448 338 2146 2449 337 2146 2450 337 2147 2451 331 2147 2452 329 2147 2453 329 2141 2454 333 2141 2455 334 2141 2456 335 2148 2457 336 2148 2458 338 2148 2459 334 2149 2460 333 2149 2461 332 2149 2462 329 2150 2463 335 2150 2464 338 2150 2465 334 2151 2466 338 2151 2467 336 2151 2468 334 2152 2469 332 2152 2470 338 2152 2471 329 2153 2472 334 2153 2473 335 2153 2474 346 2154 2475 326 2155 2476 347 2156 2477 347 2157 2478 326 2158 2479 333 2159 2480 347 2160 2481 333 2161 2482 354 2162 2483 354 2163 2484 333 2164 2485 329 2165 2486 354 2166 2487 329 2167 2488 348 2168 2489 348 2169 2490 329 2170 2491 327 2171 2492 348 2172 2493 327 2173 2494 346 2174 2495 346 2175 2496 327 2176 2497 326 2177 2498 349 2178 2499 326 2179 2500 330 2180 2501 330 2181 2502 333 2182 2503 352 2183 2504 352 2184 2505 333 2185 2506 326 2186 2507 352 2187 2508 326 2188 2509 349 2189 2510 323 2190 2511 325 2191 2512 346 2192 2513 346 2193 2514 325 2194 2515 324 2195 2516 346 2196 2517 324 2197 2518 345 2198 2519 345 2199 2520 324 2200 2521 323 2201 2522 328 2202 2523 327 2203 2524 350 2204 2525 350 2205 2526 327 2206 2527 329 2207 2528 350 2208 2529 329 2209 2530 351 2210 2531 351 2211 2532 329 2212 2533 328 2213 2534 354 2214 2535 334 2215 2536 336 2216 2537 354 2217 2538 335 2218 2539 334 2219 2540 392 2220 2541 391 2220 2542 394 2220 2543 398 2221 2544 400 2221 2545 395 2221 2546 395 2222 2547 400 2222 2548 397 2222 2549 391 2223 2550 396 2223 2551 394 2223 2552 396 2224 2553 399 2224 2554 394 2224 2555 394 2225 2556 399 2225 2557 400 2225 2558 394 2226 2559 400 2226 2560 398 2226 2561 395 2227 2562 397 2227 2563 390 2227 2564 395 2228 2565 390 2228 2566 393 2228 2567 386 2229 2568 388 2229 2569 387 2229 2570 387 2230 2571 388 2230 2572 389 2230 2573 388 2231 2574 386 2231 2575 376 2231 2576 376 2232 2577 386 2232 2578 392 2232 2579 392 2233 2580 386 2233 2581 391 2233 2582 387 2234 2583 389 2234 2584 390 2234 2585 390 2235 2586 389 2235 2587 393 2235 2588 383 2236 2589 367 2237 2590 384 2238 2591 383 2239 2592 384 2240 2593 375 2241 2594 375 2242 2595 384 2243 2596 361 2244 2597 375 2245 2598 361 2246 2599 363 2247 2600 363 2248 2601 361 2249 2602 367 2250 2603 363 2251 2604 367 2252 2605 383 2253 2606 371 2254 2607 381 2255 2608 379 2256 2609 379 2257 2610 381 2258 2611 365 2259 2612 379 2260 2613 365 2261 2614 359 2262 2615 359 2263 2616 365 2264 2617 341 2265 2618 359 2266 2619 341 2267 2620 371 2268 2621 371 2269 2622 341 2270 2623 381 2271 2624 374 2272 2625 380 2273 2626 368 2274 2627 380 2275 2628 374 2276 2629 360 2277 2630 374 2278 2631 342 2279 2632 360 2280 2633 360 2281 2634 342 2282 2635 366 2283 2636 366 2284 2637 342 2285 2638 368 2286 2639 366 2287 2640 368 2288 2641 380 2289 2642 372 2290 2643 369 2291 2644 382 2292 2645 372 2293 2646 382 2294 2647 370 2295 2648 370 2296 2649 382 2297 2650 362 2298 2651 370 2299 2652 362 2300 2653 364 2301 2654 364 2302 2655 362 2303 2656 369 2304 2657 364 2305 2658 369 2306 2659 372 2307 2660 388 2308 2661 385 2309 2662 373 2310 2663 388 2311 2664 373 2311 2665 389 2311 2666 376 2312 2667 358 2313 2668 385 2314 2669 385 2315 2670 388 2316 2671 376 2317 2672 339 2318 2673 358 2319 2674 341 2320 2675 341 2321 2676 358 2322 2677 376 2323 2678 340 2324 2679 357 2324 2680 339 2324 2681 339 2325 2682 357 2325 2683 358 2325 2684 340 2326 2685 373 2327 2686 357 2328 2687 373 2329 2688 340 2330 2689 389 2331 2690 343 2332 2691 377 2332 2692 353 2332 2693</p>
        </triangles>
        <triangles material="Shape_002-material" count="90">
          <input semantic="VERTEX" source="#Shape_IndexedFaceSet_001-mesh-vertices" offset="0"/>
          <input semantic="NORMAL" source="#Shape_IndexedFaceSet_001-mesh-normals" offset="1"/>
          <input semantic="TEXCOORD" source="#Shape_IndexedFaceSet_001-mesh-map-0" offset="2" set="0"/>
          <p>424 2333 2694 411 2334 2695 425 2335 2696 429 2336 2697 434 2337 2698 411 2338 2699 429 2339 2700 411 2340 2701 424 2341 2702 424 2342 2703 425 2343 2704 434 2344 2705 424 2345 2706 434 2346 2707 429 2347 2708 446 2348 2709 445 2348 2710 444 2348 2711 421 2349 2712 427 2349 2713 434 2349 2714 434 2350 2715 442 2350 2716 446 2350 2717 446 2351 2718 442 2351 2719 445 2351 2720 426 2352 2721 421 2352 2722 406 2352 2723 427 2353 2724 444 2353 2725 445 2353 2726 427 2354 2727 445 2354 2728 434 2354 2729 433 2355 2730 426 2355 2731 406 2355 2732 434 2356 2733 425 2356 2734 421 2356 2735 426 2357 2736 433 2357 2737 444 2357 2738 426 2358 2739 444 2358 2740 427 2358 2741 411 2359 2742 432 2359 2743 430 2359 2744 411 2360 2745 430 2360 2746 416 2360 2747 435 2361 2748 446 2361 2749 439 2361 2750 435 2362 2751 439 2362 2752 430 2362 2753 430 2363 2754 439 2363 2755 416 2363 2756 435 2364 2757 434 2364 2758 446 2364 2759 432 2365 2760 411 2365 2761 434 2365 2762 432 2366 2763 434 2366 2764 435 2366 2765 403 2367 2766 407 2367 2767 401 2367 2768 425 2368 2769 412 2368 2770 406 2368 2771 425 2369 2772 406 2369 2773 421 2369 2774 401 2370 2775 407 2370 2776 411 2370 2777 425 2371 2778 411 2371 2779 412 2371 2780 407 2372 2781 403 2372 2782 406 2372 2783 407 2373 2784 406 2373 2785 412 2373 2786 411 2374 2787 416 2374 2788 401 2374 2789 433 2375 2790 414 2376 2791 437 2377 2792 433 2378 2793 437 2379 2794 444 2380 2795 444 2381 2796 437 2382 2797 447 2383 2798 444 2384 2799 447 2385 2800 446 2386 2801 446 2387 2802 447 2388 2803 439 2389 2804 439 2390 2805 447 2391 2806 438 2392 2807 439 2393 2808 438 2394 2809 416 2395 2810 416 2396 2811 438 2397 2812 405 2398 2813 416 2399 2814 405 2400 2815 401 2401 2816 401 2402 2817 405 2403 2818 402 2404 2819 401 2405 2820 402 2406 2821 404 2407 2822 401 2408 2823 404 2409 2824 403 2410 2825 403 2411 2826 404 2412 2827 406 2413 2828 406 2414 2829 404 2415 2830 414 2416 2831 406 2417 2832 414 2418 2833 433 2419 2834 420 2420 2835 438 2420 2836 440 2420 2837 440 2421 2838 438 2421 2839 447 2421 2840 409 2422 2841 402 2422 2842 405 2422 2843 409 2423 2844 404 2423 2845 402 2423 2846 440 2424 2847 437 2424 2848 413 2424 2849 440 2425 2850 447 2425 2851 437 2425 2852 437 2426 2853 414 2426 2854 413 2426 2855 420 2427 2856 405 2427 2857 438 2427 2858 409 2428 2859 405 2428 2860 420 2428 2861 413 2429 2862 414 2429 2863 404 2429 2864 413 2430 2865 404 2430 2866 409 2430 2867 413 2431 2868 417 2432 2869 440 2433 2870 440 2434 2871 417 2435 2872 441 2436 2873 440 2437 2874 441 2438 2875 420 2439 2876 420 2440 2877 441 2441 2878 415 2442 2879 420 2443 2880 415 2444 2881 409 2445 2882 409 2446 2883 415 2447 2884 410 2448 2885 409 2449 2886 410 2450 2887 413 2451 2888 413 2452 2889 410 2453 2890 417 2454 2891 428 2455 2892 441 2455 2893 436 2455 2894 428 2456 2895 415 2456 2896 441 2456 2897 418 2456 2898 410 2456 2899 415 2456 2900 418 2456 2901 415 2456 2902 428 2456 2903 418 2457 2904 417 2457 2905 410 2457 2906 436 2456 2907 441 2456 2908 417 2456 2909 436 2456 2910 417 2456 2911 418 2456 2912 418 2458 2913 419 2459 2914 436 2460 2915 436 2461 2916 419 2462 2917 423 2463 2918 436 2464 2919 423 2465 2920 428 2466 2921 428 2467 2922 423 2468 2923 418 2469 2924 418 2470 2925 423 2471 2926 419 2472 2927 408 2473 2928 412 2474 2929 411 2475 2930 408 2476 2931 411 2477 2932 407 2478 2933 408 2479 2934 407 2480 2935 412 2481 2936 443 2482 2937 434 2483 2938 445 2484 2939 443 2485 2940 445 2486 2941 442 2487 2942 443 2488 2943 442 2489 2944 434 2490 2945 431 2491 2946 432 2492 2947 435 2493 2948 431 2494 2949 435 2495 2950 430 2496 2951 431 2497 2952 430 2498 2953 432 2499 2954 422 2500 2955 426 2501 2956 427 2502 2957 422 2503 2958 427 2504 2959 421 2505 2960 422 2506 2961 421 2507 2962 426 2508 2963</p>
        </triangles>
        <triangles material="Shape_003-material" count="104">
          <input semantic="VERTEX" source="#Shape_IndexedFaceSet_001-mesh-vertices" offset="0"/>
          <input semantic="NORMAL" source="#Shape_IndexedFaceSet_001-mesh-normals" offset="1"/>
          <input semantic="TEXCOORD" source="#Shape_IndexedFaceSet_001-mesh-map-0" offset="2" set="0"/>
          <p>497 2509 2964 496 2510 2965 494 2511 2966 485 2512 2967 476 2513 2968 487 2514 2969 465 2515 2970 473 2516 2971 476 2517 2972 473 2518 2973 490 2519 2974 487 2520 2975 490 2521 2976 486 2522 2977 496 2523 2978 486 2524 2979 494 2525 2980 496 2526 2981 473 2527 2982 487 2528 2983 476 2529 2984 490 2530 2985 473 2531 2986 486 2532 2987 482 2533 2988 484 2534 2989 488 2535 2990 481 2536 2991 469 2537 2992 482 2538 2993 489 2539 2994 495 2540 2995 498 2541 2996 488 2542 2997 481 2543 2998 482 2544 2999 499 2545 3000 498 2546 3001 495 2547 3002 499 2548 3003 495 2549 3004 492 2550 3005 492 2551 3006 495 2552 3007 481 2553 3008 492 2554 3009 481 2555 3010 488 2556 3011 457 2557 3012 461 2558 3013 454 2559 3014 455 2560 3015 457 2561 3016 453 2562 3017 448 2563 3018 449 2564 3019 450 2565 3020 457 2566 3021 454 2567 3022 453 2568 3023 450 2569 3024 454 2570 3025 452 2571 3026 453 2572 3027 454 2573 3028 450 2574 3029 450 2575 3030 451 2576 3031 448 2577 3032 451 2578 3033 450 2579 3034 452 2580 3035 486 2581 3036 473 2582 3037 470 2583 3038 497 2584 3039 494 2585 3040 491 2586 3041 483 2587 3042 485 2588 3043 487 2589 3044 491 2590 3045 494 2591 3046 486 2592 3047 490 2593 3048 496 2594 3049 491 2595 3050 490 2596 3051 491 2597 3052 487 2598 3053 487 2599 3054 470 2600 3055 483 2601 3056 487 2602 3057 491 2603 3058 470 2604 3059 470 2605 3060 491 2606 3061 486 2607 3062 470 2608 3063 473 2609 3064 465 2610 3065 496 2611 3066 497 2612 3067 491 2613 3068 456 2614 3069 454 2615 3070 458 2616 3071 449 2617 3072 451 2618 3073 452 2619 3074 449 2620 3075 452 2621 3076 454 2622 3077 449 2623 3078 455 2624 3079 453 2625 3080 449 2626 3081 453 2627 3082 450 2628 3083 451 2629 3084 449 2630 3085 448 2631 3086 456 2632 3087 455 2633 3088 449 2634 3089 458 2635 3090 454 2636 3091 461 2637 3092 449 2638 3093 454 2639 3094 456 2640 3095 480 2641 3096 484 2642 3097 485 2643 3098 480 2644 3099 485 2645 3100 479 2646 3101 479 2647 3102 471 2648 3103 480 2649 3104 484 2650 3105 478 2651 3106 485 2652 3107 485 2653 3108 478 2654 3109 476 2655 3110 478 2656 3111 465 2657 3112 476 2658 3113 455 2659 3114 460 2660 3115 457 2661 3116 460 2662 3117 461 2663 3118 457 2664 3119 470 2665 3120 465 2666 3121 455 2667 3122 470 2668 3123 455 2669 3124 474 2670 3125 470 2671 3126 474 2672 3127 483 2673 3128 460 2674 3129 455 2675 3130 465 2676 3131 493 2677 3132 488 2678 3133 480 2679 3134 488 2680 3135 493 2681 3136 492 2682 3137 493 2683 3138 499 2684 3139 492 2685 3140 481 2686 3141 471 2687 3142 469 2688 3143 481 2689 3144 495 2690 3145 489 2691 3146 480 2692 3147 471 2693 3148 493 2694 3149 471 2695 3150 481 2696 3151 493 2697 3152 493 2698 3153 481 2699 3154 489 2700 3155 493 2701 3156 489 2702 3157 498 2703 3158 480 2704 3159 488 2705 3160 484 2706 3161 498 2707 3162 499 2708 3163 493 2709 3164 458 2710 3165 461 2711 3166 459 2712 3167 459 2713 3168 456 2714 3169 458 2715 3170 459 2716 3171 469 2717 3172 471 2718 3173 461 2719 3174 472 2720 3175 469 2721 3176 472 2722 3177 482 2723 3178 469 2724 3179 472 2725 3180 484 2726 3181 482 2727 3182 461 2728 3183 469 2729 3184 459 2730 3185 461 2731 3186 468 2731 3187 472 2731 3188 472 2732 3189 468 2732 3190 484 2732 3191 484 2733 3192 468 2733 3193 466 2733 3194 484 2734 3195 466 2734 3196 478 2734 3197 478 2735 3198 466 2735 3199 465 2735 3200 465 2736 3201 466 2736 3202 460 2736 3203 460 2737 3204 466 2737 3205 462 2737 3206 460 2738 3207 462 2738 3208 461 2738 3209 461 2739 3210 462 2739 3211 468 2739 3212 467 2740 3213 455 2740 3214 456 2740 3215 467 2741 3216 456 2741 3217 463 2741 3218 477 2742 3219 485 2742 3220 483 2742 3221 477 2743 3222 483 2743 3223 474 2743 3224 477 2744 3225 474 2744 3226 467 2744 3227 467 2745 3228 474 2745 3229 455 2745 3230 485 2746 3231 477 2746 3232 479 2746 3233 479 2747 3234 477 2747 3235 475 2747 3236 464 2748 3237 471 2748 3238 475 2748 3239 475 2749 3240 471 2749 3241 479 2749 3242 459 2750 3243 464 2750 3244 463 2750 3245 459 2751 3246 463 2751 3247 456 2751 3248 464 2752 3249 459 2752 3250 471 2752 3251 477 2753 3252 467 2754 3253 463 2755 3254 477 2756 3255 466 2757 3256 475 2758 3257 475 2759 3258 466 2760 3259 468 2761 3260 475 2762 3261 468 2763 3262 464 2764 3263 464 2765 3264 468 2766 3265 462 2767 3266 464 2768 3267 462 2769 3268 463 2770 3269 463 2771 3270 462 2772 3271 466 2773 3272 463 2774 3273 466 2775 3274 477 2776 3275</p>
        </triangles>
        <triangles material="Shape_004-material" count="82">
          <input semantic="VERTEX" source="#Shape_IndexedFaceSet_001-mesh-vertices" offset="0"/>
          <input semantic="NORMAL" source="#Shape_IndexedFaceSet_001-mesh-normals" offset="1"/>
          <input semantic="TEXCOORD" source="#Shape_IndexedFaceSet_001-mesh-map-0" offset="2" set="0"/>
          <p>527 2456 3276 514 2456 3277 518 2456 3278 527 2777 3279 518 2777 3280 530 2777 3281 530 2778 3282 518 2778 3283 532 2778 3284 530 2779 3285 532 2779 3286 528 2779 3287 523 2780 3288 515 2780 3289 528 2780 3290 515 2781 3291 521 2781 3292 517 2781 3293 514 2782 3294 527 2782 3295 522 2782 3296 522 2783 3297 527 2783 3298 528 2783 3299 522 2784 3300 528 2784 3301 515 2784 3302 517 2785 3303 521 2785 3304 526 2785 3305 526 2786 3306 521 2786 3307 523 2786 3308 526 2787 3309 523 2787 3310 532 2787 3311 532 2788 3312 523 2788 3313 528 2788 3314 505 2789 3315 500 2789 3316 512 2789 3317 505 2790 3318 512 2790 3319 508 2790 3320 508 2791 3321 515 2791 3322 509 2791 3323 509 2792 3324 515 2792 3325 517 2792 3326 500 2793 3327 505 2793 3328 502 2793 3329 509 2794 3330 517 2794 3331 502 2794 3332 509 2795 3333 502 2795 3334 505 2795 3335 512 2796 3336 500 2796 3337 501 2796 3338 512 2797 3339 501 2797 3340 503 2797 3341 503 2798 3342 513 2798 3343 512 2798 3344 512 2799 3345 513 2799 3346 514 2799 3347 516 2800 3348 518 2800 3349 514 2800 3350 513 2801 3351 503 2801 3352 516 2801 3353 516 2802 3354 503 2802 3355 518 2802 3356 526 2803 3357 524 2803 3358 520 2803 3359 526 2804 3360 520 2804 3361 517 2804 3362 531 2805 3363 526 2805 3364 532 2805 3365 517 2806 3366 520 2806 3367 507 2806 3368 507 2807 3369 520 2807 3370 519 2807 3371 531 2808 3372 524 2808 3373 526 2808 3374 531 2809 3375 532 2809 3376 529 2809 3377 531 2810 3378 529 2810 3379 530 2810 3380 524 2811 3381 522 2811 3382 519 2811 3383 519 2812 3384 522 2812 3385 507 2812 3386 524 2813 3387 531 2813 3388 525 2813 3389 524 2814 3390 525 2814 3391 522 2814 3392 501 2815 3393 513 2815 3394 510 2815 3395 525 2816 3396 516 2816 3397 511 2816 3398 525 2817 3399 511 2817 3400 512 2817 3401 529 2818 3402 516 2818 3403 525 2818 3404 529 2819 3405 525 2819 3406 530 2819 3407 510 2820 3408 513 2820 3409 516 2820 3410 510 2821 3411 516 2821 3412 529 2821 3413 513 2822 3414 501 2822 3415 511 2822 3416 511 2823 3417 501 2823 3418 500 2823 3419 517 2824 3420 507 2824 3421 502 2824 3422 506 2825 3423 500 2825 3424 504 2825 3425 504 2826 3426 502 2826 3427 507 2826 3428 504 2827 3429 500 2827 3430 502 2827 3431 506 2828 3432 507 2828 3433 511 2828 3434 500 2829 3435 506 2829 3436 511 2829 3437 518 2830 3438 529 2831 3439 532 2832 3440 529 2833 3441 518 2834 3442 510 2835 3443 510 2836 3444 518 2837 3445 503 2838 3446 510 2839 3447 503 2840 3448 501 2841 3449 508 2842 3450 507 2843 3451 515 2844 3452 515 2845 3453 507 2846 3454 522 2847 3455 522 2848 3456 525 2849 3457 514 2850 3458 514 2851 3459 525 2852 3460 512 2853 3461 512 2854 3462 511 2855 3463 508 2856 3464 508 2857 3465 511 2858 3466 507 2859 3467 516 2860 3468 514 2861 3469 511 2862 3470 511 2863 3471 514 2864 3472 513 2865 3473 524 2866 3474 523 2867 3475 520 2868 3476 520 2869 3477 523 2870 3478 521 2871 3479 520 2872 3480 521 2873 3481 519 2874 3482 519 2875 3483 521 2876 3484 515 2877 3485 519 2878 3486 515 2879 3487 524 2880 3488 524 2881 3489 515 2882 3490 523 2883 3491 531 2884 3492 530 2885 3493 528 2886 3494 531 2887 3495 528 2888 3496 525 2889 3497 525 2890 3498 528 2891 3499 527 2892 3500 525 2893 3501 527 2894 3502 530 2895 3503 506 2896 3504 509 2897 3505 507 2898 3506 507 2899 3507 509 2900 3508 505 2901 3509 507 2902 3510 505 2903 3511 504 2904 3512 504 2905 3513 505 2906 3514 506 2907 3515 506 2908 3516 505 2909 3517 508 2910 3518 506 2911 3519 508 2912 3520 509 2913 3521</p>
        </triangles>
      </mesh>
    </geometry>
  </library_geometries>
  <library_visual_scenes>
    <visual_scene id="Scene" name="Scene">
      <node id="Shape_IndexedFaceSet_001" name="Shape_IndexedFaceSet.001" type="NODE">
        <matrix sid="transform">1 0 0 0 0 1 0 0 0 0 1 0 0 0 0 1</matrix>
        <instance_geometry url="#Shape_IndexedFaceSet_001-mesh" name="Shape_IndexedFaceSet.001">
          <bind_material>
            <technique_common>
              <instance_material symbol="Shape_001-material" target="#Shape_001-material">
                <bind_vertex_input semantic="UVMap" input_semantic="TEXCOORD" input_set="0"/>
              </instance_material>
              <instance_material symbol="Shape-material" target="#Shape-material">
                <bind_vertex_input semantic="UVMap" input_semantic="TEXCOORD" input_set="0"/>
              </instance_material>
              <instance_material symbol="Shape_002-material" target="#Shape_002-material">
                <bind_vertex_input semantic="UVMap" input_semantic="TEXCOORD" input_set="0"/>
              </instance_material>
              <instance_material symbol="Shape_003-material" target="#Shape_003-material">
                <bind_vertex_input semantic="UVMap" input_semantic="TEXCOORD" input_set="0"/>
              </instance_material>
              <instance_material symbol="Shape_004-material" target="#Shape_004-material">
                <bind_vertex_input semantic="UVMap" input_semantic="TEXCOORD" input_set="0"/>
              </instance_material>
            </technique_common>
          </bind_material>
        </instance_geometry>
      </node>
      <node id="Camera" name="Camera" type="NODE">
        <matrix sid="transform">0.6859207 -0.3240135 0.6515582 7.358891 0.7276763 0.3054208 -0.6141704 -6.925791 0 0.8953956 0.4452714 4.958309 0 0 0 1</matrix>
        <instance_camera url="#Camera-camera"/>
      </node>
      <node id="Light" name="Light" type="NODE">
        <matrix sid="transform">-0.2908646 -0.7711008 0.5663932 4.076245 0.9551712 -0.1998834 0.2183912 1.005454 -0.05518906 0.6045247 0.7946723 5.903862 0 0 0 1</matrix>
        <instance_light url="#Light-light"/>
      </node>
    </visual_scene>
  </library_visual_scenes>
  <scene>
    <instance_visual_scene url="#Scene"/>
  </scene>
</COLLADA>